State,County,Metric,Category,Count
Texas,"Frio County, TX",Facility Type,All,3102
Texas,"Frio County, TX",Facility Type,Other Facility Type,3101
Texas,"Frio County, TX",Facility Type,INS Facility,1
Texas,"Frio County, TX",Facility Type (Detailed),All,3102
Texas,"Frio County, TX",Facility Type (Detailed),Contract Detention Facility: owned by private company/under govt contract,1794
Texas,"Frio County, TX",Facility Type (Detailed),Family: a facility in which families are detained together,1307
Texas,"Frio County, TX",Facility Type (Detailed),Hold: a holding facility,1
Texas,"Frio County, TX",Facility Operator,All,3102
Texas,"Frio County, TX",Facility Operator,"GEO Group, Inc",1794
Texas,"Frio County, TX",Facility Operator,CORECIVIC,1307
Texas,"Frio County, TX",Facility Operator,Not defined,1
Texas,"Frio County, TX",Facility Owner,All,3102
Texas,"Frio County, TX",Facility Owner,"GEO Group, Inc",1794
Texas,"Frio County, TX",Facility Owner,County,1307
Texas,"Frio County, TX",Facility Owner,Not defined,1
Texas,"Frio County, TX",Entered ICE Custody by Month,All,3102
Texas,"Frio County, TX",Entered ICE Custody by Month,2018-07,1265
Texas,"Frio County, TX",Entered ICE Custody by Month,2018-08,801
Texas,"Frio County, TX",Entered ICE Custody by Month,2018-06,443
Texas,"Frio County, TX",Entered ICE Custody by Month,2018-05,261
Texas,"Frio County, TX",Entered ICE Custody by Month,2018-04,79
Texas,"Frio County, TX",Entered ICE Custody by Month,2018-03,78
Texas,"Frio County, TX",Entered ICE Custody by Month,2018-02,53
Texas,"Frio County, TX",Entered ICE Custody by Month,2018-01,25
Texas,"Frio County, TX",Entered ICE Custody by Month,2017-12,22
Texas,"Frio County, TX",Entered ICE Custody by Month,2017-10,14
Texas,"Frio County, TX",Entered ICE Custody by Month,2017-11,10
Texas,"Frio County, TX",Entered ICE Custody by Month,2017-05,7
Texas,"Frio County, TX",Entered ICE Custody by Month,2017-09,7
Texas,"Frio County, TX",Entered ICE Custody by Month,2017-08,6
Texas,"Frio County, TX",Entered ICE Custody by Month,2017-07,6
Texas,"Frio County, TX",Entered ICE Custody by Month,2017-06,5
Texas,"Frio County, TX",Entered ICE Custody by Month,2017-01,5
Texas,"Frio County, TX",Entered ICE Custody by Month,2016-12,3
Texas,"Frio County, TX",Entered ICE Custody by Month,2017-02,2
Texas,"Frio County, TX",Entered ICE Custody by Month,2017-03,2
Texas,"Frio County, TX",Entered ICE Custody by Month,2017-04,2
Texas,"Frio County, TX",Entered ICE Custody by Month,2016-11,1
Texas,"Frio County, TX",Entered ICE Custody by Month,2016-10,1
Texas,"Frio County, TX",Entered ICE Custody by Month,2016-05,1
Texas,"Frio County, TX",Entered ICE Custody by Month,2016-02,1
Texas,"Frio County, TX",Entered ICE Custody by Month,2015-11,1
Texas,"Frio County, TX",Entered ICE Custody by Month,2015-02,1
Texas,"Frio County, TX",Time in U.S.,All,3102
Texas,"Frio County, TX",Time in U.S.,Up to 1 year,2106
Texas,"Frio County, TX",Time in U.S.,Not Known,678
Texas,"Frio County, TX",Time in U.S.,Between 10 and 15 years,53
Texas,"Frio County, TX",Time in U.S.,Between 1 and 2 years,51
Texas,"Frio County, TX",Time in U.S.,20 years or more,36
Texas,"Frio County, TX",Time in U.S.,Between 2 and 3 years,34
Texas,"Frio County, TX",Time in U.S.,Between 15 and 20 years,33
Texas,"Frio County, TX",Time in U.S.,Between 4 and 5 years,24
Texas,"Frio County, TX",Time in U.S.,Between 3 and 4 years,22
Texas,"Frio County, TX",Time in U.S.,Between 5 and 6 years,17
Texas,"Frio County, TX",Time in U.S.,Between 6 and 7 years,15
Texas,"Frio County, TX",Time in U.S.,Between 7 and 8 years,15
Texas,"Frio County, TX",Time in U.S.,Between 8 and 9 years,10
Texas,"Frio County, TX",Time in U.S.,Between 9 and 10 years,8
Texas,"Frio County, TX",Legal Permanent Resident,All,3102
Texas,"Frio County, TX",Legal Permanent Resident,No,3102
Texas,"Frio County, TX",Asylum Seeker/Refugee,All,3102
Texas,"Frio County, TX",Asylum Seeker/Refugee,No,3102
Texas,"Frio County, TX",Most Serious Criminal Conviction,All,3102
Texas,"Frio County, TX",Most Serious Criminal Conviction,No Conviction,3102
Texas,"Frio County, TX",Seriousness Level of MSCC,All,3102
Texas,"Frio County, TX",Seriousness Level of MSCC,No Conviction,3102
Texas,"Frio County, TX",Length of Time Since MSCC,All,3102
Texas,"Frio County, TX",Length of Time Since MSCC,Not Known,3102
Texas,"Frio County, TX",Gender,All,3102
Texas,"Frio County, TX",Gender,Male,1826
Texas,"Frio County, TX",Gender,Female,1275
Texas,"Frio County, TX",Gender,Unknown,1
Texas,"Frio County, TX",Citizenship,All,3102
Texas,"Frio County, TX",Citizenship,HONDURAS,1050
Texas,"Frio County, TX",Citizenship,GUATEMALA,626
Texas,"Frio County, TX",Citizenship,MEXICO,538
Texas,"Frio County, TX",Citizenship,EL SALVADOR,405
Texas,"Frio County, TX",Citizenship,CUBA,99
Texas,"Frio County, TX",Citizenship,NICARAGUA,61
Texas,"Frio County, TX",Citizenship,BRAZIL,56
Texas,"Frio County, TX",Citizenship,BANGLADESH,49
Texas,"Frio County, TX",Citizenship,ECUADOR,28
Texas,"Frio County, TX",Citizenship,INDIA,24
Texas,"Frio County, TX",Citizenship,DEM REP OF THE CONGO,13
Texas,"Frio County, TX",Citizenship,PERU,13
Texas,"Frio County, TX",Citizenship,VENEZUELA,12
Texas,"Frio County, TX",Citizenship,"CHINA, PEOPLES REPUBLIC OF",11
Texas,"Frio County, TX",Citizenship,ROMANIA,8
Texas,"Frio County, TX",Citizenship,VIETNAM,7
Texas,"Frio County, TX",Citizenship,CAMEROON,7
Texas,"Frio County, TX",Citizenship,ERITREA,7
Texas,"Frio County, TX",Citizenship,AFGHANISTAN,6
Texas,"Frio County, TX",Citizenship,SUDAN,5
Texas,"Frio County, TX",Citizenship,DOMINICAN REPUBLIC,5
Texas,"Frio County, TX",Citizenship,BELIZE,4
Texas,"Frio County, TX",Citizenship,SRI LANKA,4
Texas,"Frio County, TX",Citizenship,SOMALIA,4
Texas,"Frio County, TX",Citizenship,IVORY COAST,3
Texas,"Frio County, TX",Citizenship,COLOMBIA,3
Texas,"Frio County, TX",Citizenship,ANGOLA,3
Texas,"Frio County, TX",Citizenship,YEMEN,3
Texas,"Frio County, TX",Citizenship,CONGO,3
Texas,"Frio County, TX",Citizenship,RUSSIA,3
Texas,"Frio County, TX",Citizenship,IRAN,3
Texas,"Frio County, TX",Citizenship,BOLIVIA,2
Texas,"Frio County, TX",Citizenship,UZBEKISTAN,2
Texas,"Frio County, TX",Citizenship,SAUDI ARABIA,2
Texas,"Frio County, TX",Citizenship,KOSOVO,2
Texas,"Frio County, TX",Citizenship,ALBANIA,2
Texas,"Frio County, TX",Citizenship,UNITED KINGDOM,2
Texas,"Frio County, TX",Citizenship,GUINEA,2
Texas,"Frio County, TX",Citizenship,GEORGIA,2
Texas,"Frio County, TX",Citizenship,NIGER,2
Texas,"Frio County, TX",Citizenship,PAKISTAN,2
Texas,"Frio County, TX",Citizenship,KENYA,2
Texas,"Frio County, TX",Citizenship,NIGERIA,1
Texas,"Frio County, TX",Citizenship,HAITI,1
Texas,"Frio County, TX",Citizenship,CAMBODIA,1
Texas,"Frio County, TX",Citizenship,IRAQ,1
Texas,"Frio County, TX",Citizenship,JORDAN,1
Texas,"Frio County, TX",Citizenship,NETHERLANDS,1
Texas,"Frio County, TX",Citizenship,ETHIOPIA,1
Texas,"Frio County, TX",Citizenship,GHANA,1
Texas,"Frio County, TX",Citizenship,BURKINA FASO,1
Texas,"Frio County, TX",Citizenship,JAPAN,1
Texas,"Frio County, TX",Citizenship,ITALY,1
Texas,"Frio County, TX",Citizenship,GAMBIA,1
Texas,"Frio County, TX",Citizenship,DOMINICA,1
Texas,"Frio County, TX",Citizenship,CHILE,1
Texas,"Frio County, TX",Citizenship,SENEGAL,1
Texas,"Frio County, TX",Citizenship,SIERRA LEONE,1
Texas,"Frio County, TX",Citizenship,TURKEY,1
Texas,"Frio County, TX",Age Group,All,3102
Texas,"Frio County, TX",Age Group,Age information witheld by ICE,3102
Texas,"Webb County, TX",Facility Type,All,1419
Texas,"Webb County, TX",Facility Type,Other Facility Type,1419
Texas,"Webb County, TX",Facility Type (Detailed),All,1419
Texas,"Webb County, TX",Facility Type (Detailed),Dedicated IGSA,764
Texas,"Webb County, TX",Facility Type (Detailed),Intergovernment agreement with USMS which ICE utilizes,655
Texas,"Webb County, TX",Facility Operator,All,1419
Texas,"Webb County, TX",Facility Operator,CORECIVIC,764
Texas,"Webb County, TX",Facility Operator,"GEO Group, Inc",655
Texas,"Webb County, TX",Facility Owner,All,1419
Texas,"Webb County, TX",Facility Owner,CoreCivic (formerly Corrections Corporation of America),764
Texas,"Webb County, TX",Facility Owner,"GEO Group, Inc",655
Texas,"Webb County, TX",Entered ICE Custody by Month,All,1419
Texas,"Webb County, TX",Entered ICE Custody by Month,2018-07,769
Texas,"Webb County, TX",Entered ICE Custody by Month,2018-08,234
Texas,"Webb County, TX",Entered ICE Custody by Month,2018-06,208
Texas,"Webb County, TX",Entered ICE Custody by Month,2018-05,64
Texas,"Webb County, TX",Entered ICE Custody by Month,2018-04,39
Texas,"Webb County, TX",Entered ICE Custody by Month,2018-03,26
Texas,"Webb County, TX",Entered ICE Custody by Month,2018-02,22
Texas,"Webb County, TX",Entered ICE Custody by Month,2018-01,21
Texas,"Webb County, TX",Entered ICE Custody by Month,2017-08,11
Texas,"Webb County, TX",Entered ICE Custody by Month,2017-11,7
Texas,"Webb County, TX",Entered ICE Custody by Month,2017-12,5
Texas,"Webb County, TX",Entered ICE Custody by Month,2017-10,5
Texas,"Webb County, TX",Entered ICE Custody by Month,2017-07,3
Texas,"Webb County, TX",Entered ICE Custody by Month,2017-09,2
Texas,"Webb County, TX",Entered ICE Custody by Month,2017-06,2
Texas,"Webb County, TX",Entered ICE Custody by Month,2017-01,1
Texas,"Webb County, TX",Time in U.S.,All,1419
Texas,"Webb County, TX",Time in U.S.,Up to 1 year,1263
Texas,"Webb County, TX",Time in U.S.,Not Known,109
Texas,"Webb County, TX",Time in U.S.,Between 1 and 2 years,16
Texas,"Webb County, TX",Time in U.S.,Between 10 and 15 years,5
Texas,"Webb County, TX",Time in U.S.,Between 6 and 7 years,4
Texas,"Webb County, TX",Time in U.S.,Between 2 and 3 years,4
Texas,"Webb County, TX",Time in U.S.,Between 8 and 9 years,3
Texas,"Webb County, TX",Time in U.S.,Between 4 and 5 years,3
Texas,"Webb County, TX",Time in U.S.,Between 5 and 6 years,3
Texas,"Webb County, TX",Time in U.S.,Between 7 and 8 years,3
Texas,"Webb County, TX",Time in U.S.,Between 3 and 4 years,2
Texas,"Webb County, TX",Time in U.S.,20 years or more,2
Texas,"Webb County, TX",Time in U.S.,Between 15 and 20 years,2
Texas,"Webb County, TX",Legal Permanent Resident,All,1419
Texas,"Webb County, TX",Legal Permanent Resident,No,1419
Texas,"Webb County, TX",Asylum Seeker/Refugee,All,1419
Texas,"Webb County, TX",Asylum Seeker/Refugee,No,1419
Texas,"Webb County, TX",Most Serious Criminal Conviction,All,1419
Texas,"Webb County, TX",Most Serious Criminal Conviction,No Conviction,1419
Texas,"Webb County, TX",Seriousness Level of MSCC,All,1419
Texas,"Webb County, TX",Seriousness Level of MSCC,No Conviction,1419
Texas,"Webb County, TX",Length of Time Since MSCC,All,1419
Texas,"Webb County, TX",Length of Time Since MSCC,Not Known,1419
Texas,"Webb County, TX",Gender,All,1419
Texas,"Webb County, TX",Gender,Male,1002
Texas,"Webb County, TX",Gender,Female,417
Texas,"Webb County, TX",Citizenship,All,1419
Texas,"Webb County, TX",Citizenship,EL SALVADOR,536
Texas,"Webb County, TX",Citizenship,CUBA,220
Texas,"Webb County, TX",Citizenship,HONDURAS,192
Texas,"Webb County, TX",Citizenship,GUATEMALA,120
Texas,"Webb County, TX",Citizenship,MEXICO,102
Texas,"Webb County, TX",Citizenship,NICARAGUA,63
Texas,"Webb County, TX",Citizenship,BRAZIL,37
Texas,"Webb County, TX",Citizenship,ECUADOR,31
Texas,"Webb County, TX",Citizenship,"CHINA, PEOPLES REPUBLIC OF",15
Texas,"Webb County, TX",Citizenship,BANGLADESH,11
Texas,"Webb County, TX",Citizenship,ROMANIA,11
Texas,"Webb County, TX",Citizenship,DEM REP OF THE CONGO,10
Texas,"Webb County, TX",Citizenship,PERU,9
Texas,"Webb County, TX",Citizenship,CAMEROON,8
Texas,"Webb County, TX",Citizenship,ALBANIA,7
Texas,"Webb County, TX",Citizenship,VENEZUELA,7
Texas,"Webb County, TX",Citizenship,RUSSIA,5
Texas,"Webb County, TX",Citizenship,INDIA,5
Texas,"Webb County, TX",Citizenship,COLOMBIA,4
Texas,"Webb County, TX",Citizenship,UKRAINE,3
Texas,"Webb County, TX",Citizenship,DOMINICAN REPUBLIC,3
Texas,"Webb County, TX",Citizenship,ERITREA,2
Texas,"Webb County, TX",Citizenship,ANGOLA,2
Texas,"Webb County, TX",Citizenship,NIGERIA,2
Texas,"Webb County, TX",Citizenship,GUINEA,2
Texas,"Webb County, TX",Citizenship,SPAIN,2
Texas,"Webb County, TX",Citizenship,ETHIOPIA,1
Texas,"Webb County, TX",Citizenship,YEMEN,1
Texas,"Webb County, TX",Citizenship,SUDAN,1
Texas,"Webb County, TX",Citizenship,UZBEKISTAN,1
Texas,"Webb County, TX",Citizenship,SYRIA,1
Texas,"Webb County, TX",Citizenship,BELIZE,1
Texas,"Webb County, TX",Citizenship,IVORY COAST,1
Texas,"Webb County, TX",Citizenship,KOREA,1
Texas,"Webb County, TX",Citizenship,SOUTH KOREA,1
Texas,"Webb County, TX",Citizenship,SIERRA LEONE,1
Texas,"Webb County, TX",Age Group,All,1419
Texas,"Webb County, TX",Age Group,Age information witheld by ICE,1419
Texas,"Cameron County, TX",Facility Type,All,1131
Texas,"Cameron County, TX",Facility Type,INS Facility,1129
Texas,"Cameron County, TX",Facility Type,Other Facility Type,2
Texas,"Cameron County, TX",Facility Type (Detailed),All,1131
Texas,"Cameron County, TX",Facility Type (Detailed),Service Processing Center: a govt facility with both federal/contract staff,1126
Texas,"Cameron County, TX",Facility Type (Detailed),Hold: a holding facility,3
Texas,"Cameron County, TX",Facility Type (Detailed),Hospital: a medical facility,2
Texas,"Cameron County, TX",Facility Operator,All,1131
Texas,"Cameron County, TX",Facility Operator,"Ahtna, Inc. (Guard Contract Only)",1126
Texas,"Cameron County, TX",Facility Operator,Not defined,3
Texas,"Cameron County, TX",Facility Operator,Hospital,2
Texas,"Cameron County, TX",Facility Owner,All,1131
Texas,"Cameron County, TX",Facility Owner,ICE,1126
Texas,"Cameron County, TX",Facility Owner,Not defined,5
Texas,"Cameron County, TX",Entered ICE Custody by Month,All,1131
Texas,"Cameron County, TX",Entered ICE Custody by Month,2018-07,473
Texas,"Cameron County, TX",Entered ICE Custody by Month,2018-08,252
Texas,"Cameron County, TX",Entered ICE Custody by Month,2018-06,160
Texas,"Cameron County, TX",Entered ICE Custody by Month,2018-05,106
Texas,"Cameron County, TX",Entered ICE Custody by Month,2018-04,57
Texas,"Cameron County, TX",Entered ICE Custody by Month,2018-03,19
Texas,"Cameron County, TX",Entered ICE Custody by Month,2018-02,10
Texas,"Cameron County, TX",Entered ICE Custody by Month,2018-01,10
Texas,"Cameron County, TX",Entered ICE Custody by Month,2017-12,9
Texas,"Cameron County, TX",Entered ICE Custody by Month,2017-11,8
Texas,"Cameron County, TX",Entered ICE Custody by Month,2017-10,4
Texas,"Cameron County, TX",Entered ICE Custody by Month,2017-09,4
Texas,"Cameron County, TX",Entered ICE Custody by Month,2017-06,4
Texas,"Cameron County, TX",Entered ICE Custody by Month,2017-02,4
Texas,"Cameron County, TX",Entered ICE Custody by Month,2017-08,2
Texas,"Cameron County, TX",Entered ICE Custody by Month,2017-07,2
Texas,"Cameron County, TX",Entered ICE Custody by Month,2016-10,2
Texas,"Cameron County, TX",Entered ICE Custody by Month,2017-01,1
Texas,"Cameron County, TX",Entered ICE Custody by Month,2017-03,1
Texas,"Cameron County, TX",Entered ICE Custody by Month,2017-04,1
Texas,"Cameron County, TX",Entered ICE Custody by Month,2017-05,1
Texas,"Cameron County, TX",Entered ICE Custody by Month,2016-08,1
Texas,"Cameron County, TX",Time in U.S.,All,1131
Texas,"Cameron County, TX",Time in U.S.,Up to 1 year,935
Texas,"Cameron County, TX",Time in U.S.,Not Known,109
Texas,"Cameron County, TX",Time in U.S.,Between 1 and 2 years,21
Texas,"Cameron County, TX",Time in U.S.,Between 2 and 3 years,10
Texas,"Cameron County, TX",Time in U.S.,Between 10 and 15 years,9
Texas,"Cameron County, TX",Time in U.S.,Between 15 and 20 years,9
Texas,"Cameron County, TX",Time in U.S.,Between 7 and 8 years,7
Texas,"Cameron County, TX",Time in U.S.,Between 3 and 4 years,6
Texas,"Cameron County, TX",Time in U.S.,20 years or more,6
Texas,"Cameron County, TX",Time in U.S.,Between 5 and 6 years,6
Texas,"Cameron County, TX",Time in U.S.,Between 6 and 7 years,5
Texas,"Cameron County, TX",Time in U.S.,Between 4 and 5 years,3
Texas,"Cameron County, TX",Time in U.S.,Between 9 and 10 years,3
Texas,"Cameron County, TX",Time in U.S.,Between 8 and 9 years,2
Texas,"Cameron County, TX",Legal Permanent Resident,All,1131
Texas,"Cameron County, TX",Legal Permanent Resident,No,1131
Texas,"Cameron County, TX",Asylum Seeker/Refugee,All,1131
Texas,"Cameron County, TX",Asylum Seeker/Refugee,No,1131
Texas,"Cameron County, TX",Most Serious Criminal Conviction,All,1131
Texas,"Cameron County, TX",Most Serious Criminal Conviction,No Conviction,1131
Texas,"Cameron County, TX",Seriousness Level of MSCC,All,1131
Texas,"Cameron County, TX",Seriousness Level of MSCC,No Conviction,1131
Texas,"Cameron County, TX",Length of Time Since MSCC,All,1131
Texas,"Cameron County, TX",Length of Time Since MSCC,Not Known,1131
Texas,"Cameron County, TX",Gender,All,1131
Texas,"Cameron County, TX",Gender,Male,877
Texas,"Cameron County, TX",Gender,Female,254
Texas,"Cameron County, TX",Citizenship,All,1131
Texas,"Cameron County, TX",Citizenship,GUATEMALA,335
Texas,"Cameron County, TX",Citizenship,HONDURAS,283
Texas,"Cameron County, TX",Citizenship,MEXICO,161
Texas,"Cameron County, TX",Citizenship,CUBA,130
Texas,"Cameron County, TX",Citizenship,EL SALVADOR,72
Texas,"Cameron County, TX",Citizenship,NICARAGUA,38
Texas,"Cameron County, TX",Citizenship,"CHINA, PEOPLES REPUBLIC OF",14
Texas,"Cameron County, TX",Citizenship,BRAZIL,13
Texas,"Cameron County, TX",Citizenship,BANGLADESH,9
Texas,"Cameron County, TX",Citizenship,ERITREA,9
Texas,"Cameron County, TX",Citizenship,INDIA,8
Texas,"Cameron County, TX",Citizenship,ECUADOR,8
Texas,"Cameron County, TX",Citizenship,CAMEROON,4
Texas,"Cameron County, TX",Citizenship,DOMINICAN REPUBLIC,4
Texas,"Cameron County, TX",Citizenship,GUINEA,4
Texas,"Cameron County, TX",Citizenship,YEMEN,4
Texas,"Cameron County, TX",Citizenship,VENEZUELA,3
Texas,"Cameron County, TX",Citizenship,ROMANIA,3
Texas,"Cameron County, TX",Citizenship,KOSOVO,3
Texas,"Cameron County, TX",Citizenship,DEM REP OF THE CONGO,3
Texas,"Cameron County, TX",Citizenship,BELIZE,3
Texas,"Cameron County, TX",Citizenship,SOMALIA,2
Texas,"Cameron County, TX",Citizenship,GHANA,2
Texas,"Cameron County, TX",Citizenship,ETHIOPIA,2
Texas,"Cameron County, TX",Citizenship,SRI LANKA,2
Texas,"Cameron County, TX",Citizenship,CHILE,2
Texas,"Cameron County, TX",Citizenship,IRAQ,1
Texas,"Cameron County, TX",Citizenship,ANGOLA,1
Texas,"Cameron County, TX",Citizenship,TURKEY,1
Texas,"Cameron County, TX",Citizenship,UZBEKISTAN,1
Texas,"Cameron County, TX",Citizenship,COLOMBIA,1
Texas,"Cameron County, TX",Citizenship,PERU,1
Texas,"Cameron County, TX",Citizenship,GEORGIA,1
Texas,"Cameron County, TX",Citizenship,NIGERIA,1
Texas,"Cameron County, TX",Citizenship,GAMBIA,1
Texas,"Cameron County, TX",Citizenship,COMOROS,1
Texas,"Cameron County, TX",Age Group,All,1131
Texas,"Cameron County, TX",Age Group,Age information witheld by ICE,1131
Texas,"Montgomery County, TX",Facility Type,All,1016
Texas,"Montgomery County, TX",Facility Type,Other Facility Type,1016
Texas,"Montgomery County, TX",Facility Type (Detailed),All,1016
Texas,"Montgomery County, TX",Facility Type (Detailed),Intergovernmental Service Agreement: a facility operated by state/local govt,1016
Texas,"Montgomery County, TX",Facility Operator,All,1016
Texas,"Montgomery County, TX",Facility Operator,"GEO Group, Inc",1016
Texas,"Montgomery County, TX",Facility Owner,All,1016
Texas,"Montgomery County, TX",Facility Owner,County,1016
Texas,"Montgomery County, TX",Entered ICE Custody by Month,All,1016
Texas,"Montgomery County, TX",Entered ICE Custody by Month,2018-07,385
Texas,"Montgomery County, TX",Entered ICE Custody by Month,2018-06,273
Texas,"Montgomery County, TX",Entered ICE Custody by Month,2018-05,124
Texas,"Montgomery County, TX",Entered ICE Custody by Month,2018-04,95
Texas,"Montgomery County, TX",Entered ICE Custody by Month,2018-03,56
Texas,"Montgomery County, TX",Entered ICE Custody by Month,2018-02,23
Texas,"Montgomery County, TX",Entered ICE Custody by Month,2017-11,13
Texas,"Montgomery County, TX",Entered ICE Custody by Month,2018-01,12
Texas,"Montgomery County, TX",Entered ICE Custody by Month,2017-12,11
Texas,"Montgomery County, TX",Entered ICE Custody by Month,2017-10,6
Texas,"Montgomery County, TX",Entered ICE Custody by Month,2017-09,5
Texas,"Montgomery County, TX",Entered ICE Custody by Month,2017-07,2
Texas,"Montgomery County, TX",Entered ICE Custody by Month,2017-06,2
Texas,"Montgomery County, TX",Entered ICE Custody by Month,2017-08,1
Texas,"Montgomery County, TX",Entered ICE Custody by Month,2016-01,1
Texas,"Montgomery County, TX",Entered ICE Custody by Month,2016-07,1
Texas,"Montgomery County, TX",Entered ICE Custody by Month,2016-08,1
Texas,"Montgomery County, TX",Entered ICE Custody by Month,2017-02,1
Texas,"Montgomery County, TX",Entered ICE Custody by Month,2017-03,1
Texas,"Montgomery County, TX",Entered ICE Custody by Month,2017-04,1
Texas,"Montgomery County, TX",Entered ICE Custody by Month,2017-05,1
Texas,"Montgomery County, TX",Entered ICE Custody by Month,2015-11,1
Texas,"Montgomery County, TX",Time in U.S.,All,1016
Texas,"Montgomery County, TX",Time in U.S.,Up to 1 year,533
Texas,"Montgomery County, TX",Time in U.S.,Not Known,361
Texas,"Montgomery County, TX",Time in U.S.,Between 10 and 15 years,26
Texas,"Montgomery County, TX",Time in U.S.,Between 1 and 2 years,19
Texas,"Montgomery County, TX",Time in U.S.,20 years or more,18
Texas,"Montgomery County, TX",Time in U.S.,Between 2 and 3 years,13
Texas,"Montgomery County, TX",Time in U.S.,Between 15 and 20 years,12
Texas,"Montgomery County, TX",Time in U.S.,Between 4 and 5 years,9
Texas,"Montgomery County, TX",Time in U.S.,Between 6 and 7 years,7
Texas,"Montgomery County, TX",Time in U.S.,Between 5 and 6 years,6
Texas,"Montgomery County, TX",Time in U.S.,Between 3 and 4 years,6
Texas,"Montgomery County, TX",Time in U.S.,Between 7 and 8 years,4
Texas,"Montgomery County, TX",Time in U.S.,Between 9 and 10 years,2
Texas,"Montgomery County, TX",Legal Permanent Resident,All,1016
Texas,"Montgomery County, TX",Legal Permanent Resident,No,1016
Texas,"Montgomery County, TX",Asylum Seeker/Refugee,All,1016
Texas,"Montgomery County, TX",Asylum Seeker/Refugee,No,1016
Texas,"Montgomery County, TX",Most Serious Criminal Conviction,All,1016
Texas,"Montgomery County, TX",Most Serious Criminal Conviction,No Conviction,1016
Texas,"Montgomery County, TX",Seriousness Level of MSCC,All,1016
Texas,"Montgomery County, TX",Seriousness Level of MSCC,No Conviction,1016
Texas,"Montgomery County, TX",Length of Time Since MSCC,All,1016
Texas,"Montgomery County, TX",Length of Time Since MSCC,Not Known,1016
Texas,"Montgomery County, TX",Gender,All,1016
Texas,"Montgomery County, TX",Gender,Male,776
Texas,"Montgomery County, TX",Gender,Female,240
Texas,"Montgomery County, TX",Citizenship,All,1016
Texas,"Montgomery County, TX",Citizenship,HONDURAS,268
Texas,"Montgomery County, TX",Citizenship,GUATEMALA,229
Texas,"Montgomery County, TX",Citizenship,MEXICO,216
Texas,"Montgomery County, TX",Citizenship,EL SALVADOR,210
Texas,"Montgomery County, TX",Citizenship,CUBA,20
Texas,"Montgomery County, TX",Citizenship,ECUADOR,20
Texas,"Montgomery County, TX",Citizenship,INDIA,12
Texas,"Montgomery County, TX",Citizenship,NICARAGUA,11
Texas,"Montgomery County, TX",Citizenship,"CHINA, PEOPLES REPUBLIC OF",9
Texas,"Montgomery County, TX",Citizenship,BRAZIL,5
Texas,"Montgomery County, TX",Citizenship,PERU,3
Texas,"Montgomery County, TX",Citizenship,COLOMBIA,3
Texas,"Montgomery County, TX",Citizenship,VIETNAM,2
Texas,"Montgomery County, TX",Citizenship,GEORGIA,1
Texas,"Montgomery County, TX",Citizenship,VENEZUELA,1
Texas,"Montgomery County, TX",Citizenship,NEPAL,1
Texas,"Montgomery County, TX",Citizenship,BANGLADESH,1
Texas,"Montgomery County, TX",Citizenship,ERITREA,1
Texas,"Montgomery County, TX",Citizenship,GHANA,1
Texas,"Montgomery County, TX",Citizenship,UNKNOWN,1
Texas,"Montgomery County, TX",Citizenship,RUSSIA,1
Texas,"Montgomery County, TX",Age Group,All,1016
Texas,"Montgomery County, TX",Age Group,Age information witheld by ICE,1016
Texas,"Johnson County, TX",Facility Type,All,990
Texas,"Johnson County, TX",Facility Type,Local Facility,711
Texas,"Johnson County, TX",Facility Type,County Facility,279
Texas,"Johnson County, TX",Facility Type (Detailed),All,990
Texas,"Johnson County, TX",Facility Type (Detailed),Dedicated IGSA,711
Texas,"Johnson County, TX",Facility Type (Detailed),Intergovernmental Service Agreement: a facility operated by state/local govt,279
Texas,"Johnson County, TX",Facility Operator,All,990
Texas,"Johnson County, TX",Facility Operator,"LaSalle Management Company, LLC",990
Texas,"Johnson County, TX",Facility Owner,All,990
Texas,"Johnson County, TX",Facility Owner,City or Municipality,711
Texas,"Johnson County, TX",Facility Owner,County,279
Texas,"Johnson County, TX",Entered ICE Custody by Month,All,990
Texas,"Johnson County, TX",Entered ICE Custody by Month,2018-07,354
Texas,"Johnson County, TX",Entered ICE Custody by Month,2018-06,211
Texas,"Johnson County, TX",Entered ICE Custody by Month,2018-08,107
Texas,"Johnson County, TX",Entered ICE Custody by Month,2018-05,105
Texas,"Johnson County, TX",Entered ICE Custody by Month,2018-04,82
Texas,"Johnson County, TX",Entered ICE Custody by Month,2018-03,25
Texas,"Johnson County, TX",Entered ICE Custody by Month,2018-01,21
Texas,"Johnson County, TX",Entered ICE Custody by Month,2017-11,17
Texas,"Johnson County, TX",Entered ICE Custody by Month,2017-12,16
Texas,"Johnson County, TX",Entered ICE Custody by Month,2018-02,11
Texas,"Johnson County, TX",Entered ICE Custody by Month,2017-10,10
Texas,"Johnson County, TX",Entered ICE Custody by Month,2017-08,7
Texas,"Johnson County, TX",Entered ICE Custody by Month,2017-09,5
Texas,"Johnson County, TX",Entered ICE Custody by Month,2017-07,5
Texas,"Johnson County, TX",Entered ICE Custody by Month,2017-06,3
Texas,"Johnson County, TX",Entered ICE Custody by Month,2017-05,3
Texas,"Johnson County, TX",Entered ICE Custody by Month,2017-04,2
Texas,"Johnson County, TX",Entered ICE Custody by Month,2016-09,1
Texas,"Johnson County, TX",Entered ICE Custody by Month,2016-10,1
Texas,"Johnson County, TX",Entered ICE Custody by Month,2016-12,1
Texas,"Johnson County, TX",Entered ICE Custody by Month,2017-01,1
Texas,"Johnson County, TX",Entered ICE Custody by Month,2017-03,1
Texas,"Johnson County, TX",Entered ICE Custody by Month,2015-12,1
Texas,"Johnson County, TX",Time in U.S.,All,990
Texas,"Johnson County, TX",Time in U.S.,Not Known,494
Texas,"Johnson County, TX",Time in U.S.,Up to 1 year,159
Texas,"Johnson County, TX",Time in U.S.,20 years or more,67
Texas,"Johnson County, TX",Time in U.S.,Between 10 and 15 years,56
Texas,"Johnson County, TX",Time in U.S.,Between 15 and 20 years,48
Texas,"Johnson County, TX",Time in U.S.,Between 1 and 2 years,41
Texas,"Johnson County, TX",Time in U.S.,Between 3 and 4 years,33
Texas,"Johnson County, TX",Time in U.S.,Between 2 and 3 years,21
Texas,"Johnson County, TX",Time in U.S.,Between 5 and 6 years,18
Texas,"Johnson County, TX",Time in U.S.,Between 4 and 5 years,16
Texas,"Johnson County, TX",Time in U.S.,Between 6 and 7 years,16
Texas,"Johnson County, TX",Time in U.S.,Between 8 and 9 years,8
Texas,"Johnson County, TX",Time in U.S.,Between 7 and 8 years,7
Texas,"Johnson County, TX",Time in U.S.,Between 9 and 10 years,6
Texas,"Johnson County, TX",Legal Permanent Resident,All,990
Texas,"Johnson County, TX",Legal Permanent Resident,No,990
Texas,"Johnson County, TX",Asylum Seeker/Refugee,All,990
Texas,"Johnson County, TX",Asylum Seeker/Refugee,No,990
Texas,"Johnson County, TX",Most Serious Criminal Conviction,All,990
Texas,"Johnson County, TX",Most Serious Criminal Conviction,No Conviction,990
Texas,"Johnson County, TX",Seriousness Level of MSCC,All,990
Texas,"Johnson County, TX",Seriousness Level of MSCC,No Conviction,990
Texas,"Johnson County, TX",Length of Time Since MSCC,All,990
Texas,"Johnson County, TX",Length of Time Since MSCC,Not Known,990
Texas,"Johnson County, TX",Gender,All,990
Texas,"Johnson County, TX",Gender,Male,904
Texas,"Johnson County, TX",Gender,Female,86
Texas,"Johnson County, TX",Citizenship,All,990
Texas,"Johnson County, TX",Citizenship,MEXICO,467
Texas,"Johnson County, TX",Citizenship,EL SALVADOR,138
Texas,"Johnson County, TX",Citizenship,GUATEMALA,94
Texas,"Johnson County, TX",Citizenship,HONDURAS,91
Texas,"Johnson County, TX",Citizenship,NIGERIA,21
Texas,"Johnson County, TX",Citizenship,CUBA,10
Texas,"Johnson County, TX",Citizenship,INDIA,9
Texas,"Johnson County, TX",Citizenship,NICARAGUA,8
Texas,"Johnson County, TX",Citizenship,KENYA,7
Texas,"Johnson County, TX",Citizenship,VENEZUELA,7
Texas,"Johnson County, TX",Citizenship,BRAZIL,7
Texas,"Johnson County, TX",Citizenship,VIETNAM,6
Texas,"Johnson County, TX",Citizenship,PAKISTAN,6
Texas,"Johnson County, TX",Citizenship,ZIMBABWE,6
Texas,"Johnson County, TX",Citizenship,BURMA,5
Texas,"Johnson County, TX",Citizenship,ROMANIA,5
Texas,"Johnson County, TX",Citizenship,SUDAN,5
Texas,"Johnson County, TX",Citizenship,ERITREA,4
Texas,"Johnson County, TX",Citizenship,COLOMBIA,4
Texas,"Johnson County, TX",Citizenship,IRAQ,4
Texas,"Johnson County, TX",Citizenship,ECUADOR,4
Texas,"Johnson County, TX",Citizenship,PERU,4
Texas,"Johnson County, TX",Citizenship,NEPAL,3
Texas,"Johnson County, TX",Citizenship,GHANA,3
Texas,"Johnson County, TX",Citizenship,IRAN,3
Texas,"Johnson County, TX",Citizenship,CAMEROON,3
Texas,"Johnson County, TX",Citizenship,DOMINICAN REPUBLIC,3
Texas,"Johnson County, TX",Citizenship,LAOS,3
Texas,"Johnson County, TX",Citizenship,UNITED KINGDOM,3
Texas,"Johnson County, TX",Citizenship,JAMAICA,3
Texas,"Johnson County, TX",Citizenship,DEM REP OF THE CONGO,3
Texas,"Johnson County, TX",Citizenship,CANADA,2
Texas,"Johnson County, TX",Citizenship,IVORY COAST,2
Texas,"Johnson County, TX",Citizenship,SIERRA LEONE,2
Texas,"Johnson County, TX",Citizenship,SOUTH KOREA,2
Texas,"Johnson County, TX",Citizenship,ARMENIA,2
Texas,"Johnson County, TX",Citizenship,SOUTH AFRICA,2
Texas,"Johnson County, TX",Citizenship,UNKNOWN,2
Texas,"Johnson County, TX",Citizenship,TOGO,2
Texas,"Johnson County, TX",Citizenship,BELIZE,2
Texas,"Johnson County, TX",Citizenship,LIBERIA,2
Texas,"Johnson County, TX",Citizenship,TURKEY,1
Texas,"Johnson County, TX",Citizenship,AUSTRALIA,1
Texas,"Johnson County, TX",Citizenship,MAURITANIA,1
Texas,"Johnson County, TX",Citizenship,TAJIKISTAN,1
Texas,"Johnson County, TX",Citizenship,HONG KONG,1
Texas,"Johnson County, TX",Citizenship,BURUNDI,1
Texas,"Johnson County, TX",Citizenship,RWANDA,1
Texas,"Johnson County, TX",Citizenship,SRI LANKA,1
Texas,"Johnson County, TX",Citizenship,GABON,1
Texas,"Johnson County, TX",Citizenship,CONGO,1
Texas,"Johnson County, TX",Citizenship,CHILE,1
Texas,"Johnson County, TX",Citizenship,SOUTH SUDAN,1
Texas,"Johnson County, TX",Citizenship,ZAMBIA,1
Texas,"Johnson County, TX",Citizenship,CAMBODIA,1
Texas,"Johnson County, TX",Citizenship,JORDAN,1
Texas,"Johnson County, TX",Citizenship,SOMALIA,1
Texas,"Johnson County, TX",Citizenship,HAITI,1
Texas,"Johnson County, TX",Citizenship,THAILAND,1
Texas,"Johnson County, TX",Citizenship,TRINIDAD AND TOBAGO,1
Texas,"Johnson County, TX",Citizenship,UKRAINE,1
Texas,"Johnson County, TX",Citizenship,ARGENTINA,1
Texas,"Johnson County, TX",Citizenship,LEBANON,1
Texas,"Johnson County, TX",Citizenship,EGYPT,1
Texas,"Johnson County, TX",Citizenship,KOREA,1
Texas,"Johnson County, TX",Citizenship,BANGLADESH,1
Texas,"Johnson County, TX",Citizenship,BOSNIA-HERZEGOVINA,1
Texas,"Johnson County, TX",Citizenship,GEORGIA,1
Texas,"Johnson County, TX",Citizenship,MALAYSIA,1
Texas,"Johnson County, TX",Citizenship,BELARUS,1
Texas,"Johnson County, TX",Citizenship,SENEGAL,1
Texas,"Johnson County, TX",Citizenship,ETHIOPIA,1
Texas,"Johnson County, TX",Age Group,All,990
Texas,"Johnson County, TX",Age Group,Age information witheld by ICE,990
Texas,"Harris County, TX",Facility Type,All,931
Texas,"Harris County, TX",Facility Type,INS Facility,931
Texas,"Harris County, TX",Facility Type (Detailed),All,931
Texas,"Harris County, TX",Facility Type (Detailed),Contract Detention Facility: owned by private company/under govt contract,926
Texas,"Harris County, TX",Facility Type (Detailed),Hold: a holding facility,5
Texas,"Harris County, TX",Facility Operator,All,931
Texas,"Harris County, TX",Facility Operator,CORECIVIC,926
Texas,"Harris County, TX",Facility Operator,Federal,5
Texas,"Harris County, TX",Facility Owner,All,931
Texas,"Harris County, TX",Facility Owner,CoreCivic (formerly Corrections Corporation of America),926
Texas,"Harris County, TX",Facility Owner,Not defined,5
Texas,"Harris County, TX",Entered ICE Custody by Month,All,931
Texas,"Harris County, TX",Entered ICE Custody by Month,2018-07,251
Texas,"Harris County, TX",Entered ICE Custody by Month,2018-06,193
Texas,"Harris County, TX",Entered ICE Custody by Month,2018-08,156
Texas,"Harris County, TX",Entered ICE Custody by Month,2018-05,104
Texas,"Harris County, TX",Entered ICE Custody by Month,2018-04,69
Texas,"Harris County, TX",Entered ICE Custody by Month,2018-03,42
Texas,"Harris County, TX",Entered ICE Custody by Month,2018-02,31
Texas,"Harris County, TX",Entered ICE Custody by Month,2017-12,14
Texas,"Harris County, TX",Entered ICE Custody by Month,2017-11,10
Texas,"Harris County, TX",Entered ICE Custody by Month,2018-01,9
Texas,"Harris County, TX",Entered ICE Custody by Month,2017-08,9
Texas,"Harris County, TX",Entered ICE Custody by Month,2017-10,6
Texas,"Harris County, TX",Entered ICE Custody by Month,2017-06,6
Texas,"Harris County, TX",Entered ICE Custody by Month,2017-04,4
Texas,"Harris County, TX",Entered ICE Custody by Month,2017-05,4
Texas,"Harris County, TX",Entered ICE Custody by Month,2017-09,3
Texas,"Harris County, TX",Entered ICE Custody by Month,2017-07,3
Texas,"Harris County, TX",Entered ICE Custody by Month,2016-11,3
Texas,"Harris County, TX",Entered ICE Custody by Month,2016-09,2
Texas,"Harris County, TX",Entered ICE Custody by Month,2016-10,2
Texas,"Harris County, TX",Entered ICE Custody by Month,2016-12,2
Texas,"Harris County, TX",Entered ICE Custody by Month,2017-02,2
Texas,"Harris County, TX",Entered ICE Custody by Month,2017-01,1
Texas,"Harris County, TX",Entered ICE Custody by Month,2016-08,1
Texas,"Harris County, TX",Entered ICE Custody by Month,2016-06,1
Texas,"Harris County, TX",Entered ICE Custody by Month,2016-04,1
Texas,"Harris County, TX",Entered ICE Custody by Month,2016-03,1
Texas,"Harris County, TX",Entered ICE Custody by Month,2015-08,1
Texas,"Harris County, TX",Time in U.S.,All,931
Texas,"Harris County, TX",Time in U.S.,Not Known,307
Texas,"Harris County, TX",Time in U.S.,Up to 1 year,225
Texas,"Harris County, TX",Time in U.S.,20 years or more,64
Texas,"Harris County, TX",Time in U.S.,Between 10 and 15 years,60
Texas,"Harris County, TX",Time in U.S.,Between 15 and 20 years,51
Texas,"Harris County, TX",Time in U.S.,Between 1 and 2 years,43
Texas,"Harris County, TX",Time in U.S.,Between 3 and 4 years,39
Texas,"Harris County, TX",Time in U.S.,Between 2 and 3 years,35
Texas,"Harris County, TX",Time in U.S.,Between 4 and 5 years,29
Texas,"Harris County, TX",Time in U.S.,Between 6 and 7 years,20
Texas,"Harris County, TX",Time in U.S.,Between 7 and 8 years,16
Texas,"Harris County, TX",Time in U.S.,Between 5 and 6 years,15
Texas,"Harris County, TX",Time in U.S.,Between 9 and 10 years,14
Texas,"Harris County, TX",Time in U.S.,Between 8 and 9 years,13
Texas,"Harris County, TX",Legal Permanent Resident,All,931
Texas,"Harris County, TX",Legal Permanent Resident,No,931
Texas,"Harris County, TX",Asylum Seeker/Refugee,All,931
Texas,"Harris County, TX",Asylum Seeker/Refugee,No,931
Texas,"Harris County, TX",Most Serious Criminal Conviction,All,931
Texas,"Harris County, TX",Most Serious Criminal Conviction,No Conviction,931
Texas,"Harris County, TX",Seriousness Level of MSCC,All,931
Texas,"Harris County, TX",Seriousness Level of MSCC,No Conviction,931
Texas,"Harris County, TX",Length of Time Since MSCC,All,931
Texas,"Harris County, TX",Length of Time Since MSCC,Not Known,931
Texas,"Harris County, TX",Gender,All,931
Texas,"Harris County, TX",Gender,Male,772
Texas,"Harris County, TX",Gender,Female,159
Texas,"Harris County, TX",Citizenship,All,931
Texas,"Harris County, TX",Citizenship,MEXICO,331
Texas,"Harris County, TX",Citizenship,HONDURAS,115
Texas,"Harris County, TX",Citizenship,GUATEMALA,90
Texas,"Harris County, TX",Citizenship,EL SALVADOR,90
Texas,"Harris County, TX",Citizenship,CUBA,39
Texas,"Harris County, TX",Citizenship,NIGERIA,24
Texas,"Harris County, TX",Citizenship,NICARAGUA,21
Texas,"Harris County, TX",Citizenship,INDIA,19
Texas,"Harris County, TX",Citizenship,PAKISTAN,18
Texas,"Harris County, TX",Citizenship,COLOMBIA,17
Texas,"Harris County, TX",Citizenship,VIETNAM,16
Texas,"Harris County, TX",Citizenship,BRAZIL,13
Texas,"Harris County, TX",Citizenship,ROMANIA,9
Texas,"Harris County, TX",Citizenship,"CHINA, PEOPLES REPUBLIC OF",8
Texas,"Harris County, TX",Citizenship,IRAQ,8
Texas,"Harris County, TX",Citizenship,JAMAICA,6
Texas,"Harris County, TX",Citizenship,PERU,5
Texas,"Harris County, TX",Citizenship,VENEZUELA,5
Texas,"Harris County, TX",Citizenship,BURMA,4
Texas,"Harris County, TX",Citizenship,ECUADOR,4
Texas,"Harris County, TX",Citizenship,COSTA RICA,4
Texas,"Harris County, TX",Citizenship,LIBERIA,3
Texas,"Harris County, TX",Citizenship,BOSNIA-HERZEGOVINA,3
Texas,"Harris County, TX",Citizenship,BELIZE,3
Texas,"Harris County, TX",Citizenship,GHANA,3
Texas,"Harris County, TX",Citizenship,LEBANON,3
Texas,"Harris County, TX",Citizenship,NETHERLANDS,3
Texas,"Harris County, TX",Citizenship,CAMBODIA,3
Texas,"Harris County, TX",Citizenship,ARGENTINA,3
Texas,"Harris County, TX",Citizenship,JORDAN,3
Texas,"Harris County, TX",Citizenship,KENYA,2
Texas,"Harris County, TX",Citizenship,DEM REP OF THE CONGO,2
Texas,"Harris County, TX",Citizenship,CHILE,2
Texas,"Harris County, TX",Citizenship,ST. LUCIA,2
Texas,"Harris County, TX",Citizenship,RUSSIA,2
Texas,"Harris County, TX",Citizenship,LAOS,2
Texas,"Harris County, TX",Citizenship,CANADA,2
Texas,"Harris County, TX",Citizenship,IRAN,2
Texas,"Harris County, TX",Citizenship,ETHIOPIA,2
Texas,"Harris County, TX",Citizenship,ZIMBABWE,2
Texas,"Harris County, TX",Citizenship,TRINIDAD AND TOBAGO,2
Texas,"Harris County, TX",Citizenship,DOMINICAN REPUBLIC,2
Texas,"Harris County, TX",Citizenship,TANZANIA,2
Texas,"Harris County, TX",Citizenship,SOUTH AFRICA,2
Texas,"Harris County, TX",Citizenship,UNITED KINGDOM,2
Texas,"Harris County, TX",Citizenship,BURKINA FASO,1
Texas,"Harris County, TX",Citizenship,TONGA,1
Texas,"Harris County, TX",Citizenship,ST. VINCENT-GRENADINES,1
Texas,"Harris County, TX",Citizenship,SRI LANKA,1
Texas,"Harris County, TX",Citizenship,BHUTAN,1
Texas,"Harris County, TX",Citizenship,SAUDI ARABIA,1
Texas,"Harris County, TX",Citizenship,ST. KITTS-NEVIS,1
Texas,"Harris County, TX",Citizenship,BURUNDI,1
Texas,"Harris County, TX",Citizenship,GREECE,1
Texas,"Harris County, TX",Citizenship,SPAIN,1
Texas,"Harris County, TX",Citizenship,ANTIGUA-BARBUDA,1
Texas,"Harris County, TX",Citizenship,BOLIVIA,1
Texas,"Harris County, TX",Citizenship,ITALY,1
Texas,"Harris County, TX",Citizenship,CAMEROON,1
Texas,"Harris County, TX",Citizenship,MALI,1
Texas,"Harris County, TX",Citizenship,BAHAMAS,1
Texas,"Harris County, TX",Citizenship,SOMALIA,1
Texas,"Harris County, TX",Citizenship,NEPAL,1
Texas,"Harris County, TX",Citizenship,ANGOLA,1
Texas,"Harris County, TX",Citizenship,SIERRA LEONE,1
Texas,"Harris County, TX",Citizenship,THAILAND,1
Texas,"Harris County, TX",Citizenship,BELARUS,1
Texas,"Harris County, TX",Citizenship,MOROCCO,1
Texas,"Harris County, TX",Citizenship,POLAND,1
Texas,"Harris County, TX",Citizenship,IVORY COAST,1
Texas,"Harris County, TX",Citizenship,PHILIPPINES,1
Texas,"Harris County, TX",Citizenship,CONGO,1
Texas,"Harris County, TX",Citizenship,ERITREA,1
Texas,"Harris County, TX",Age Group,All,931
Texas,"Harris County, TX",Age Group,Age information witheld by ICE,931
Texas,"Polk County, TX",Facility Type,All,885
Texas,"Polk County, TX",Facility Type,County Facility,885
Texas,"Polk County, TX",Facility Type (Detailed),All,885
Texas,"Polk County, TX",Facility Type (Detailed),Intergovernmental Service Agreement: a facility operated by state/local govt,885
Texas,"Polk County, TX",Facility Operator,All,885
Texas,"Polk County, TX",Facility Operator,Management and Training Corporation,885
Texas,"Polk County, TX",Facility Owner,All,885
Texas,"Polk County, TX",Facility Owner,County,885
Texas,"Polk County, TX",Entered ICE Custody by Month,All,885
Texas,"Polk County, TX",Entered ICE Custody by Month,2018-06,246
Texas,"Polk County, TX",Entered ICE Custody by Month,2018-05,240
Texas,"Polk County, TX",Entered ICE Custody by Month,2018-07,230
Texas,"Polk County, TX",Entered ICE Custody by Month,2018-04,51
Texas,"Polk County, TX",Entered ICE Custody by Month,2018-08,50
Texas,"Polk County, TX",Entered ICE Custody by Month,2018-03,24
Texas,"Polk County, TX",Entered ICE Custody by Month,2018-02,10
Texas,"Polk County, TX",Entered ICE Custody by Month,2017-12,9
Texas,"Polk County, TX",Entered ICE Custody by Month,2017-11,7
Texas,"Polk County, TX",Entered ICE Custody by Month,2018-01,6
Texas,"Polk County, TX",Entered ICE Custody by Month,2017-10,3
Texas,"Polk County, TX",Entered ICE Custody by Month,2017-09,3
Texas,"Polk County, TX",Entered ICE Custody by Month,2016-10,2
Texas,"Polk County, TX",Entered ICE Custody by Month,2016-09,2
Texas,"Polk County, TX",Entered ICE Custody by Month,2017-02,1
Texas,"Polk County, TX",Entered ICE Custody by Month,2017-01,1
Texas,"Polk County, TX",Time in U.S.,All,885
Texas,"Polk County, TX",Time in U.S.,Not Known,434
Texas,"Polk County, TX",Time in U.S.,Up to 1 year,340
Texas,"Polk County, TX",Time in U.S.,20 years or more,27
Texas,"Polk County, TX",Time in U.S.,Between 15 and 20 years,16
Texas,"Polk County, TX",Time in U.S.,Between 1 and 2 years,12
Texas,"Polk County, TX",Time in U.S.,Between 10 and 15 years,12
Texas,"Polk County, TX",Time in U.S.,Between 2 and 3 years,11
Texas,"Polk County, TX",Time in U.S.,Between 4 and 5 years,11
Texas,"Polk County, TX",Time in U.S.,Between 9 and 10 years,7
Texas,"Polk County, TX",Time in U.S.,Between 5 and 6 years,5
Texas,"Polk County, TX",Time in U.S.,Between 3 and 4 years,4
Texas,"Polk County, TX",Time in U.S.,Between 7 and 8 years,3
Texas,"Polk County, TX",Time in U.S.,Between 6 and 7 years,2
Texas,"Polk County, TX",Time in U.S.,Between 8 and 9 years,1
Texas,"Polk County, TX",Legal Permanent Resident,All,885
Texas,"Polk County, TX",Legal Permanent Resident,No,885
Texas,"Polk County, TX",Asylum Seeker/Refugee,All,885
Texas,"Polk County, TX",Asylum Seeker/Refugee,No,885
Texas,"Polk County, TX",Most Serious Criminal Conviction,All,885
Texas,"Polk County, TX",Most Serious Criminal Conviction,No Conviction,885
Texas,"Polk County, TX",Seriousness Level of MSCC,All,885
Texas,"Polk County, TX",Seriousness Level of MSCC,No Conviction,885
Texas,"Polk County, TX",Length of Time Since MSCC,All,885
Texas,"Polk County, TX",Length of Time Since MSCC,Not Known,885
Texas,"Polk County, TX",Gender,All,885
Texas,"Polk County, TX",Gender,Male,885
Texas,"Polk County, TX",Citizenship,All,885
Texas,"Polk County, TX",Citizenship,MEXICO,396
Texas,"Polk County, TX",Citizenship,HONDURAS,185
Texas,"Polk County, TX",Citizenship,GUATEMALA,123
Texas,"Polk County, TX",Citizenship,EL SALVADOR,103
Texas,"Polk County, TX",Citizenship,NICARAGUA,20
Texas,"Polk County, TX",Citizenship,CUBA,12
Texas,"Polk County, TX",Citizenship,"CHINA, PEOPLES REPUBLIC OF",7
Texas,"Polk County, TX",Citizenship,INDIA,6
Texas,"Polk County, TX",Citizenship,BANGLADESH,5
Texas,"Polk County, TX",Citizenship,BRAZIL,5
Texas,"Polk County, TX",Citizenship,ECUADOR,4
Texas,"Polk County, TX",Citizenship,KOSOVO,4
Texas,"Polk County, TX",Citizenship,ERITREA,3
Texas,"Polk County, TX",Citizenship,SRI LANKA,3
Texas,"Polk County, TX",Citizenship,PERU,2
Texas,"Polk County, TX",Citizenship,UZBEKISTAN,1
Texas,"Polk County, TX",Citizenship,ALBANIA,1
Texas,"Polk County, TX",Citizenship,VENEZUELA,1
Texas,"Polk County, TX",Citizenship,NEPAL,1
Texas,"Polk County, TX",Citizenship,UNKNOWN,1
Texas,"Polk County, TX",Citizenship,CAMEROON,1
Texas,"Polk County, TX",Citizenship,PAKISTAN,1
Texas,"Polk County, TX",Age Group,All,885
Texas,"Polk County, TX",Age Group,Age information witheld by ICE,885
Texas,"El Paso County, TX",Facility Type,All,872
Texas,"El Paso County, TX",Facility Type,INS Facility,790
Texas,"El Paso County, TX",Facility Type,Federal Facility,82
Texas,"El Paso County, TX",Facility Type (Detailed),All,872
Texas,"El Paso County, TX",Facility Type (Detailed),Service Processing Center: a govt facility with both federal/contract staff,788
Texas,"El Paso County, TX",Facility Type (Detailed),Bureau of Prisons: a facility operated by/under the management of the BOP,82
Texas,"El Paso County, TX",Facility Type (Detailed),Hold: a holding facility,2
Texas,"El Paso County, TX",Facility Operator,All,872
Texas,"El Paso County, TX",Facility Operator,GPS-ASSET,788
Texas,"El Paso County, TX",Facility Operator,Bureau of Prisons,82
Texas,"El Paso County, TX",Facility Operator,Not defined,2
Texas,"El Paso County, TX",Facility Owner,All,872
Texas,"El Paso County, TX",Facility Owner,ICE,788
Texas,"El Paso County, TX",Facility Owner,Not defined,84
Texas,"El Paso County, TX",Entered ICE Custody by Month,All,872
Texas,"El Paso County, TX",Entered ICE Custody by Month,2018-07,230
Texas,"El Paso County, TX",Entered ICE Custody by Month,2018-06,169
Texas,"El Paso County, TX",Entered ICE Custody by Month,2018-08,163
Texas,"El Paso County, TX",Entered ICE Custody by Month,2018-05,90
Texas,"El Paso County, TX",Entered ICE Custody by Month,2017-11,36
Texas,"El Paso County, TX",Entered ICE Custody by Month,2018-04,21
Texas,"El Paso County, TX",Entered ICE Custody by Month,2018-01,20
Texas,"El Paso County, TX",Entered ICE Custody by Month,2017-10,20
Texas,"El Paso County, TX",Entered ICE Custody by Month,2018-03,16
Texas,"El Paso County, TX",Entered ICE Custody by Month,2017-12,13
Texas,"El Paso County, TX",Entered ICE Custody by Month,2017-06,12
Texas,"El Paso County, TX",Entered ICE Custody by Month,2018-02,12
Texas,"El Paso County, TX",Entered ICE Custody by Month,2017-09,12
Texas,"El Paso County, TX",Entered ICE Custody by Month,2017-02,10
Texas,"El Paso County, TX",Entered ICE Custody by Month,2017-08,9
Texas,"El Paso County, TX",Entered ICE Custody by Month,2017-01,9
Texas,"El Paso County, TX",Entered ICE Custody by Month,2017-03,8
Texas,"El Paso County, TX",Entered ICE Custody by Month,2016-12,7
Texas,"El Paso County, TX",Entered ICE Custody by Month,2017-05,3
Texas,"El Paso County, TX",Entered ICE Custody by Month,2017-04,3
Texas,"El Paso County, TX",Entered ICE Custody by Month,2017-07,3
Texas,"El Paso County, TX",Entered ICE Custody by Month,2016-11,2
Texas,"El Paso County, TX",Entered ICE Custody by Month,2016-05,2
Texas,"El Paso County, TX",Entered ICE Custody by Month,2016-10,1
Texas,"El Paso County, TX",Entered ICE Custody by Month,2016-08,1
Texas,"El Paso County, TX",Time in U.S.,All,872
Texas,"El Paso County, TX",Time in U.S.,Up to 1 year,699
Texas,"El Paso County, TX",Time in U.S.,Between 1 and 2 years,59
Texas,"El Paso County, TX",Time in U.S.,Not Known,58
Texas,"El Paso County, TX",Time in U.S.,Between 15 and 20 years,11
Texas,"El Paso County, TX",Time in U.S.,20 years or more,8
Texas,"El Paso County, TX",Time in U.S.,Between 10 and 15 years,8
Texas,"El Paso County, TX",Time in U.S.,Between 2 and 3 years,7
Texas,"El Paso County, TX",Time in U.S.,Between 3 and 4 years,6
Texas,"El Paso County, TX",Time in U.S.,Between 4 and 5 years,6
Texas,"El Paso County, TX",Time in U.S.,Between 6 and 7 years,4
Texas,"El Paso County, TX",Time in U.S.,Between 7 and 8 years,3
Texas,"El Paso County, TX",Time in U.S.,Between 8 and 9 years,2
Texas,"El Paso County, TX",Time in U.S.,Between 5 and 6 years,1
Texas,"El Paso County, TX",Legal Permanent Resident,All,872
Texas,"El Paso County, TX",Legal Permanent Resident,No,872
Texas,"El Paso County, TX",Asylum Seeker/Refugee,All,872
Texas,"El Paso County, TX",Asylum Seeker/Refugee,No,872
Texas,"El Paso County, TX",Most Serious Criminal Conviction,All,872
Texas,"El Paso County, TX",Most Serious Criminal Conviction,No Conviction,872
Texas,"El Paso County, TX",Seriousness Level of MSCC,All,872
Texas,"El Paso County, TX",Seriousness Level of MSCC,No Conviction,872
Texas,"El Paso County, TX",Length of Time Since MSCC,All,872
Texas,"El Paso County, TX",Length of Time Since MSCC,Not Known,872
Texas,"El Paso County, TX",Gender,All,872
Texas,"El Paso County, TX",Gender,Male,661
Texas,"El Paso County, TX",Gender,Female,211
Texas,"El Paso County, TX",Citizenship,All,872
Texas,"El Paso County, TX",Citizenship,GUATEMALA,219
Texas,"El Paso County, TX",Citizenship,MEXICO,135
Texas,"El Paso County, TX",Citizenship,EL SALVADOR,95
Texas,"El Paso County, TX",Citizenship,HONDURAS,92
Texas,"El Paso County, TX",Citizenship,INDIA,65
Texas,"El Paso County, TX",Citizenship,CUBA,42
Texas,"El Paso County, TX",Citizenship,CAMEROON,28
Texas,"El Paso County, TX",Citizenship,BRAZIL,26
Texas,"El Paso County, TX",Citizenship,NICARAGUA,21
Texas,"El Paso County, TX",Citizenship,NEPAL,20
Texas,"El Paso County, TX",Citizenship,ECUADOR,12
Texas,"El Paso County, TX",Citizenship,GUINEA,12
Texas,"El Paso County, TX",Citizenship,"CHINA, PEOPLES REPUBLIC OF",10
Texas,"El Paso County, TX",Citizenship,VENEZUELA,9
Texas,"El Paso County, TX",Citizenship,ANGOLA,8
Texas,"El Paso County, TX",Citizenship,GAMBIA,5
Texas,"El Paso County, TX",Citizenship,DEM REP OF THE CONGO,5
Texas,"El Paso County, TX",Citizenship,COSTA RICA,4
Texas,"El Paso County, TX",Citizenship,JAMAICA,4
Texas,"El Paso County, TX",Citizenship,RUSSIA,3
Texas,"El Paso County, TX",Citizenship,PERU,3
Texas,"El Paso County, TX",Citizenship,EQUATORIAL GUINEA,3
Texas,"El Paso County, TX",Citizenship,TURKEY,3
Texas,"El Paso County, TX",Citizenship,SRI LANKA,3
Texas,"El Paso County, TX",Citizenship,ETHIOPIA,3
Texas,"El Paso County, TX",Citizenship,ERITREA,3
Texas,"El Paso County, TX",Citizenship,SYRIA,2
Texas,"El Paso County, TX",Citizenship,ARMENIA,2
Texas,"El Paso County, TX",Citizenship,BANGLADESH,2
Texas,"El Paso County, TX",Citizenship,COLOMBIA,2
Texas,"El Paso County, TX",Citizenship,IRAQ,2
Texas,"El Paso County, TX",Citizenship,IRAN,2
Texas,"El Paso County, TX",Citizenship,NIGERIA,2
Texas,"El Paso County, TX",Citizenship,PHILIPPINES,2
Texas,"El Paso County, TX",Citizenship,GHANA,2
Texas,"El Paso County, TX",Citizenship,CAMBODIA,2
Texas,"El Paso County, TX",Citizenship,JORDAN,1
Texas,"El Paso County, TX",Citizenship,PORTUGAL,1
Texas,"El Paso County, TX",Citizenship,BELIZE,1
Texas,"El Paso County, TX",Citizenship,BULGARIA,1
Texas,"El Paso County, TX",Citizenship,UGANDA,1
Texas,"El Paso County, TX",Citizenship,GUINEA-BISSAU,1
Texas,"El Paso County, TX",Citizenship,SOMALIA,1
Texas,"El Paso County, TX",Citizenship,CONGO,1
Texas,"El Paso County, TX",Citizenship,HAITI,1
Texas,"El Paso County, TX",Citizenship,TUNISIA,1
Texas,"El Paso County, TX",Citizenship,MALI,1
Texas,"El Paso County, TX",Citizenship,PAKISTAN,1
Texas,"El Paso County, TX",Citizenship,KOREA,1
Texas,"El Paso County, TX",Citizenship,PANAMA,1
Texas,"El Paso County, TX",Citizenship,UKRAINE,1
Texas,"El Paso County, TX",Citizenship,UNITED KINGDOM,1
Texas,"El Paso County, TX",Citizenship,TOGO,1
Texas,"El Paso County, TX",Citizenship,AFGHANISTAN,1
Texas,"El Paso County, TX",Citizenship,KYRGYZSTAN,1
Texas,"El Paso County, TX",Age Group,All,872
Texas,"El Paso County, TX",Age Group,Age information witheld by ICE,872
Texas,"Karnes County, TX",Facility Type,All,590
Texas,"Karnes County, TX",Facility Type,Other Facility Type,590
Texas,"Karnes County, TX",Facility Type (Detailed),All,590
Texas,"Karnes County, TX",Facility Type (Detailed),Family: a facility in which families are detained together,590
Texas,"Karnes County, TX",Facility Operator,All,590
Texas,"Karnes County, TX",Facility Operator,"GEO Group, Inc",590
Texas,"Karnes County, TX",Facility Owner,All,590
Texas,"Karnes County, TX",Facility Owner,County,590
Texas,"Karnes County, TX",Entered ICE Custody by Month,All,590
Texas,"Karnes County, TX",Entered ICE Custody by Month,2018-05,264
Texas,"Karnes County, TX",Entered ICE Custody by Month,2018-06,174
Texas,"Karnes County, TX",Entered ICE Custody by Month,2018-08,77
Texas,"Karnes County, TX",Entered ICE Custody by Month,2018-07,61
Texas,"Karnes County, TX",Entered ICE Custody by Month,2018-04,7
Texas,"Karnes County, TX",Entered ICE Custody by Month,2017-12,3
Texas,"Karnes County, TX",Entered ICE Custody by Month,2018-02,2
Texas,"Karnes County, TX",Entered ICE Custody by Month,2018-03,2
Texas,"Karnes County, TX",Time in U.S.,All,590
Texas,"Karnes County, TX",Time in U.S.,Up to 1 year,564
Texas,"Karnes County, TX",Time in U.S.,Not Known,26
Texas,"Karnes County, TX",Legal Permanent Resident,All,590
Texas,"Karnes County, TX",Legal Permanent Resident,No,590
Texas,"Karnes County, TX",Asylum Seeker/Refugee,All,590
Texas,"Karnes County, TX",Asylum Seeker/Refugee,No,590
Texas,"Karnes County, TX",Most Serious Criminal Conviction,All,590
Texas,"Karnes County, TX",Most Serious Criminal Conviction,No Conviction,590
Texas,"Karnes County, TX",Seriousness Level of MSCC,All,590
Texas,"Karnes County, TX",Seriousness Level of MSCC,No Conviction,590
Texas,"Karnes County, TX",Length of Time Since MSCC,All,590
Texas,"Karnes County, TX",Length of Time Since MSCC,Not Known,590
Texas,"Karnes County, TX",Gender,All,590
Texas,"Karnes County, TX",Gender,Male,590
Texas,"Karnes County, TX",Citizenship,All,590
Texas,"Karnes County, TX",Citizenship,GUATEMALA,394
Texas,"Karnes County, TX",Citizenship,HONDURAS,171
Texas,"Karnes County, TX",Citizenship,EL SALVADOR,16
Texas,"Karnes County, TX",Citizenship,BRAZIL,4
Texas,"Karnes County, TX",Citizenship,ROMANIA,2
Texas,"Karnes County, TX",Citizenship,ARMENIA,2
Texas,"Karnes County, TX",Citizenship,MEXICO,1
Texas,"Karnes County, TX",Age Group,All,590
Texas,"Karnes County, TX",Age Group,Age information witheld by ICE,590
Texas,"Hudspeth County, TX",Facility Type,All,510
Texas,"Hudspeth County, TX",Facility Type,Federal Facility,510
Texas,"Hudspeth County, TX",Facility Type (Detailed),All,510
Texas,"Hudspeth County, TX",Facility Type (Detailed),Intergovernment agreement with USMS which ICE utilizes,510
Texas,"Hudspeth County, TX",Facility Operator,All,510
Texas,"Hudspeth County, TX",Facility Operator,"LaSalle Management Company, LLC",510
Texas,"Hudspeth County, TX",Facility Owner,All,510
Texas,"Hudspeth County, TX",Facility Owner,County,510
Texas,"Hudspeth County, TX",Entered ICE Custody by Month,All,510
Texas,"Hudspeth County, TX",Entered ICE Custody by Month,2018-07,273
Texas,"Hudspeth County, TX",Entered ICE Custody by Month,2018-06,87
Texas,"Hudspeth County, TX",Entered ICE Custody by Month,2018-08,55
Texas,"Hudspeth County, TX",Entered ICE Custody by Month,2018-05,47
Texas,"Hudspeth County, TX",Entered ICE Custody by Month,2018-04,15
Texas,"Hudspeth County, TX",Entered ICE Custody by Month,2018-03,10
Texas,"Hudspeth County, TX",Entered ICE Custody by Month,2017-09,5
Texas,"Hudspeth County, TX",Entered ICE Custody by Month,2017-12,5
Texas,"Hudspeth County, TX",Entered ICE Custody by Month,2018-02,4
Texas,"Hudspeth County, TX",Entered ICE Custody by Month,2017-10,3
Texas,"Hudspeth County, TX",Entered ICE Custody by Month,2018-01,2
Texas,"Hudspeth County, TX",Entered ICE Custody by Month,2017-11,1
Texas,"Hudspeth County, TX",Entered ICE Custody by Month,2017-08,1
Texas,"Hudspeth County, TX",Entered ICE Custody by Month,2016-11,1
Texas,"Hudspeth County, TX",Entered ICE Custody by Month,2016-09,1
Texas,"Hudspeth County, TX",Time in U.S.,All,510
Texas,"Hudspeth County, TX",Time in U.S.,Up to 1 year,483
Texas,"Hudspeth County, TX",Time in U.S.,Between 1 and 2 years,7
Texas,"Hudspeth County, TX",Time in U.S.,Between 15 and 20 years,5
Texas,"Hudspeth County, TX",Time in U.S.,Between 10 and 15 years,4
Texas,"Hudspeth County, TX",Time in U.S.,Not Known,3
Texas,"Hudspeth County, TX",Time in U.S.,Between 2 and 3 years,3
Texas,"Hudspeth County, TX",Time in U.S.,20 years or more,2
Texas,"Hudspeth County, TX",Time in U.S.,Between 4 and 5 years,2
Texas,"Hudspeth County, TX",Time in U.S.,Between 3 and 4 years,1
Texas,"Hudspeth County, TX",Legal Permanent Resident,All,510
Texas,"Hudspeth County, TX",Legal Permanent Resident,No,510
Texas,"Hudspeth County, TX",Asylum Seeker/Refugee,All,510
Texas,"Hudspeth County, TX",Asylum Seeker/Refugee,No,510
Texas,"Hudspeth County, TX",Most Serious Criminal Conviction,All,510
Texas,"Hudspeth County, TX",Most Serious Criminal Conviction,No Conviction,510
Texas,"Hudspeth County, TX",Seriousness Level of MSCC,All,510
Texas,"Hudspeth County, TX",Seriousness Level of MSCC,No Conviction,510
Texas,"Hudspeth County, TX",Length of Time Since MSCC,All,510
Texas,"Hudspeth County, TX",Length of Time Since MSCC,Not Known,510
Texas,"Hudspeth County, TX",Gender,All,510
Texas,"Hudspeth County, TX",Gender,Male,361
Texas,"Hudspeth County, TX",Gender,Female,149
Texas,"Hudspeth County, TX",Citizenship,All,510
Texas,"Hudspeth County, TX",Citizenship,GUATEMALA,174
Texas,"Hudspeth County, TX",Citizenship,HONDURAS,131
Texas,"Hudspeth County, TX",Citizenship,EL SALVADOR,103
Texas,"Hudspeth County, TX",Citizenship,BRAZIL,38
Texas,"Hudspeth County, TX",Citizenship,NICARAGUA,21
Texas,"Hudspeth County, TX",Citizenship,MEXICO,10
Texas,"Hudspeth County, TX",Citizenship,PERU,6
Texas,"Hudspeth County, TX",Citizenship,ECUADOR,6
Texas,"Hudspeth County, TX",Citizenship,INDIA,3
Texas,"Hudspeth County, TX",Citizenship,CUBA,3
Texas,"Hudspeth County, TX",Citizenship,NIGERIA,3
Texas,"Hudspeth County, TX",Citizenship,COLOMBIA,2
Texas,"Hudspeth County, TX",Citizenship,LATVIA,1
Texas,"Hudspeth County, TX",Citizenship,DEM REP OF THE CONGO,1
Texas,"Hudspeth County, TX",Citizenship,MOLDOVA,1
Texas,"Hudspeth County, TX",Citizenship,MALAYSIA,1
Texas,"Hudspeth County, TX",Citizenship,CAMEROON,1
Texas,"Hudspeth County, TX",Citizenship,GUYANA,1
Texas,"Hudspeth County, TX",Citizenship,LIBERIA,1
Texas,"Hudspeth County, TX",Citizenship,"CHINA, PEOPLES REPUBLIC OF",1
Texas,"Hudspeth County, TX",Citizenship,HAITI,1
Texas,"Hudspeth County, TX",Citizenship,GUADELOUPE,1
Texas,"Hudspeth County, TX",Age Group,All,510
Texas,"Hudspeth County, TX",Age Group,Age information witheld by ICE,510
Texas,"Williamson County, TX",Facility Type,All,509
Texas,"Williamson County, TX",Facility Type,Other Facility Type,509
Texas,"Williamson County, TX",Facility Type (Detailed),All,509
Texas,"Williamson County, TX",Facility Type (Detailed),Family: a facility in which families are detained together,509
Texas,"Williamson County, TX",Facility Operator,All,509
Texas,"Williamson County, TX",Facility Operator,CORECIVIC,509
Texas,"Williamson County, TX",Facility Owner,All,509
Texas,"Williamson County, TX",Facility Owner,County,509
Texas,"Williamson County, TX",Entered ICE Custody by Month,All,509
Texas,"Williamson County, TX",Entered ICE Custody by Month,2018-07,334
Texas,"Williamson County, TX",Entered ICE Custody by Month,2018-06,113
Texas,"Williamson County, TX",Entered ICE Custody by Month,2018-05,27
Texas,"Williamson County, TX",Entered ICE Custody by Month,2018-03,12
Texas,"Williamson County, TX",Entered ICE Custody by Month,2018-04,10
Texas,"Williamson County, TX",Entered ICE Custody by Month,2018-01,5
Texas,"Williamson County, TX",Entered ICE Custody by Month,2018-02,3
Texas,"Williamson County, TX",Entered ICE Custody by Month,2018-08,2
Texas,"Williamson County, TX",Entered ICE Custody by Month,2017-12,2
Texas,"Williamson County, TX",Entered ICE Custody by Month,2017-11,1
Texas,"Williamson County, TX",Time in U.S.,All,509
Texas,"Williamson County, TX",Time in U.S.,Up to 1 year,508
Texas,"Williamson County, TX",Time in U.S.,Between 4 and 5 years,1
Texas,"Williamson County, TX",Legal Permanent Resident,All,509
Texas,"Williamson County, TX",Legal Permanent Resident,No,509
Texas,"Williamson County, TX",Asylum Seeker/Refugee,All,509
Texas,"Williamson County, TX",Asylum Seeker/Refugee,No,509
Texas,"Williamson County, TX",Most Serious Criminal Conviction,All,509
Texas,"Williamson County, TX",Most Serious Criminal Conviction,No Conviction,509
Texas,"Williamson County, TX",Seriousness Level of MSCC,All,509
Texas,"Williamson County, TX",Seriousness Level of MSCC,No Conviction,509
Texas,"Williamson County, TX",Length of Time Since MSCC,All,509
Texas,"Williamson County, TX",Length of Time Since MSCC,Not Known,509
Texas,"Williamson County, TX",Gender,All,509
Texas,"Williamson County, TX",Gender,Female,509
Texas,"Williamson County, TX",Citizenship,All,509
Texas,"Williamson County, TX",Citizenship,EL SALVADOR,114
Texas,"Williamson County, TX",Citizenship,GUATEMALA,95
Texas,"Williamson County, TX",Citizenship,CUBA,88
Texas,"Williamson County, TX",Citizenship,HONDURAS,87
Texas,"Williamson County, TX",Citizenship,NICARAGUA,35
Texas,"Williamson County, TX",Citizenship,"CHINA, PEOPLES REPUBLIC OF",18
Texas,"Williamson County, TX",Citizenship,MEXICO,16
Texas,"Williamson County, TX",Citizenship,ECUADOR,13
Texas,"Williamson County, TX",Citizenship,ERITREA,8
Texas,"Williamson County, TX",Citizenship,VENEZUELA,7
Texas,"Williamson County, TX",Citizenship,BRAZIL,5
Texas,"Williamson County, TX",Citizenship,CAMEROON,3
Texas,"Williamson County, TX",Citizenship,DEM REP OF THE CONGO,3
Texas,"Williamson County, TX",Citizenship,INDIA,3
Texas,"Williamson County, TX",Citizenship,GEORGIA,2
Texas,"Williamson County, TX",Citizenship,PERU,2
Texas,"Williamson County, TX",Citizenship,COLOMBIA,2
Texas,"Williamson County, TX",Citizenship,GHANA,2
Texas,"Williamson County, TX",Citizenship,BELIZE,1
Texas,"Williamson County, TX",Citizenship,PHILIPPINES,1
Texas,"Williamson County, TX",Citizenship,ETHIOPIA,1
Texas,"Williamson County, TX",Citizenship,ANGOLA,1
Texas,"Williamson County, TX",Citizenship,UZBEKISTAN,1
Texas,"Williamson County, TX",Citizenship,DOMINICAN REPUBLIC,1
Texas,"Williamson County, TX",Age Group,All,509
Texas,"Williamson County, TX",Age Group,Age information witheld by ICE,509
Texas,"Nueces County, TX",Facility Type,All,314
Texas,"Nueces County, TX",Facility Type,Federal Facility,314
Texas,"Nueces County, TX",Facility Type (Detailed),All,314
Texas,"Nueces County, TX",Facility Type (Detailed),Intergovernment agreement with USMS which ICE utilizes,314
Texas,"Nueces County, TX",Facility Operator,All,314
Texas,"Nueces County, TX",Facility Operator,"GEO Group, Inc",314
Texas,"Nueces County, TX",Facility Owner,All,314
Texas,"Nueces County, TX",Facility Owner,"GEO Group, Inc",314
Texas,"Nueces County, TX",Entered ICE Custody by Month,All,314
Texas,"Nueces County, TX",Entered ICE Custody by Month,2018-07,161
Texas,"Nueces County, TX",Entered ICE Custody by Month,2018-08,76
Texas,"Nueces County, TX",Entered ICE Custody by Month,2018-06,49
Texas,"Nueces County, TX",Entered ICE Custody by Month,2017-12,5
Texas,"Nueces County, TX",Entered ICE Custody by Month,2018-05,4
Texas,"Nueces County, TX",Entered ICE Custody by Month,2017-11,4
Texas,"Nueces County, TX",Entered ICE Custody by Month,2017-10,3
Texas,"Nueces County, TX",Entered ICE Custody by Month,2017-03,2
Texas,"Nueces County, TX",Entered ICE Custody by Month,2018-02,2
Texas,"Nueces County, TX",Entered ICE Custody by Month,2017-09,1
Texas,"Nueces County, TX",Entered ICE Custody by Month,2016-12,1
Texas,"Nueces County, TX",Entered ICE Custody by Month,2017-04,1
Texas,"Nueces County, TX",Entered ICE Custody by Month,2018-03,1
Texas,"Nueces County, TX",Entered ICE Custody by Month,2017-06,1
Texas,"Nueces County, TX",Entered ICE Custody by Month,2017-07,1
Texas,"Nueces County, TX",Entered ICE Custody by Month,2017-08,1
Texas,"Nueces County, TX",Entered ICE Custody by Month,2016-10,1
Texas,"Nueces County, TX",Time in U.S.,All,314
Texas,"Nueces County, TX",Time in U.S.,Up to 1 year,255
Texas,"Nueces County, TX",Time in U.S.,Not Known,28
Texas,"Nueces County, TX",Time in U.S.,20 years or more,7
Texas,"Nueces County, TX",Time in U.S.,Between 10 and 15 years,7
Texas,"Nueces County, TX",Time in U.S.,Between 1 and 2 years,4
Texas,"Nueces County, TX",Time in U.S.,Between 3 and 4 years,4
Texas,"Nueces County, TX",Time in U.S.,Between 15 and 20 years,3
Texas,"Nueces County, TX",Time in U.S.,Between 6 and 7 years,3
Texas,"Nueces County, TX",Time in U.S.,Between 5 and 6 years,1
Texas,"Nueces County, TX",Time in U.S.,Between 8 and 9 years,1
Texas,"Nueces County, TX",Time in U.S.,Between 2 and 3 years,1
Texas,"Nueces County, TX",Legal Permanent Resident,All,314
Texas,"Nueces County, TX",Legal Permanent Resident,No,314
Texas,"Nueces County, TX",Asylum Seeker/Refugee,All,314
Texas,"Nueces County, TX",Asylum Seeker/Refugee,No,314
Texas,"Nueces County, TX",Most Serious Criminal Conviction,All,314
Texas,"Nueces County, TX",Most Serious Criminal Conviction,No Conviction,314
Texas,"Nueces County, TX",Seriousness Level of MSCC,All,314
Texas,"Nueces County, TX",Seriousness Level of MSCC,No Conviction,314
Texas,"Nueces County, TX",Length of Time Since MSCC,All,314
Texas,"Nueces County, TX",Length of Time Since MSCC,Not Known,314
Texas,"Nueces County, TX",Gender,All,314
Texas,"Nueces County, TX",Gender,Male,314
Texas,"Nueces County, TX",Citizenship,All,314
Texas,"Nueces County, TX",Citizenship,GUATEMALA,67
Texas,"Nueces County, TX",Citizenship,HONDURAS,65
Texas,"Nueces County, TX",Citizenship,MEXICO,52
Texas,"Nueces County, TX",Citizenship,EL SALVADOR,46
Texas,"Nueces County, TX",Citizenship,CUBA,36
Texas,"Nueces County, TX",Citizenship,BRAZIL,6
Texas,"Nueces County, TX",Citizenship,BANGLADESH,6
Texas,"Nueces County, TX",Citizenship,NICARAGUA,5
Texas,"Nueces County, TX",Citizenship,VIETNAM,4
Texas,"Nueces County, TX",Citizenship,GEORGIA,3
Texas,"Nueces County, TX",Citizenship,ECUADOR,2
Texas,"Nueces County, TX",Citizenship,PAKISTAN,2
Texas,"Nueces County, TX",Citizenship,ERITREA,2
Texas,"Nueces County, TX",Citizenship,"CHINA, PEOPLES REPUBLIC OF",2
Texas,"Nueces County, TX",Citizenship,VENEZUELA,2
Texas,"Nueces County, TX",Citizenship,IVORY COAST,1
Texas,"Nueces County, TX",Citizenship,KENYA,1
Texas,"Nueces County, TX",Citizenship,BURMA,1
Texas,"Nueces County, TX",Citizenship,IRAN,1
Texas,"Nueces County, TX",Citizenship,SOUTH SUDAN,1
Texas,"Nueces County, TX",Citizenship,NEPAL,1
Texas,"Nueces County, TX",Citizenship,BELIZE,1
Texas,"Nueces County, TX",Citizenship,LIBERIA,1
Texas,"Nueces County, TX",Citizenship,TOGO,1
Texas,"Nueces County, TX",Citizenship,NIGERIA,1
Texas,"Nueces County, TX",Citizenship,PERU,1
Texas,"Nueces County, TX",Citizenship,HAITI,1
Texas,"Nueces County, TX",Citizenship,INDIA,1
Texas,"Nueces County, TX",Citizenship,DEM REP OF THE CONGO,1
Texas,"Nueces County, TX",Age Group,All,314
Texas,"Nueces County, TX",Age Group,Age information witheld by ICE,314
Texas,"Willacy County, TX",Facility Type,All,158
Texas,"Willacy County, TX",Facility Type,County Facility,144
Texas,"Willacy County, TX",Facility Type,State Facility,14
Texas,"Willacy County, TX",Facility Type (Detailed),All,158
Texas,"Willacy County, TX",Facility Type (Detailed),Intergovernmental Service Agreement: a facility operated by state/local govt,144
Texas,"Willacy County, TX",Facility Type (Detailed),Intergovernment agreement with USMS which ICE utilizes,14
Texas,"Willacy County, TX",Facility Operator,All,158
Texas,"Willacy County, TX",Facility Operator,County,144
Texas,"Willacy County, TX",Facility Operator,Management and Training Corporation,14
Texas,"Willacy County, TX",Facility Owner,All,158
Texas,"Willacy County, TX",Facility Owner,County,158
Texas,"Willacy County, TX",Entered ICE Custody by Month,All,158
Texas,"Willacy County, TX",Entered ICE Custody by Month,2018-08,96
Texas,"Willacy County, TX",Entered ICE Custody by Month,2018-07,62
Texas,"Willacy County, TX",Time in U.S.,All,158
Texas,"Willacy County, TX",Time in U.S.,Up to 1 year,108
Texas,"Willacy County, TX",Time in U.S.,Not Known,47
Texas,"Willacy County, TX",Time in U.S.,Between 7 and 8 years,1
Texas,"Willacy County, TX",Time in U.S.,Between 15 and 20 years,1
Texas,"Willacy County, TX",Time in U.S.,Between 6 and 7 years,1
Texas,"Willacy County, TX",Legal Permanent Resident,All,158
Texas,"Willacy County, TX",Legal Permanent Resident,No,158
Texas,"Willacy County, TX",Asylum Seeker/Refugee,All,158
Texas,"Willacy County, TX",Asylum Seeker/Refugee,No,158
Texas,"Willacy County, TX",Most Serious Criminal Conviction,All,158
Texas,"Willacy County, TX",Most Serious Criminal Conviction,No Conviction,158
Texas,"Willacy County, TX",Seriousness Level of MSCC,All,158
Texas,"Willacy County, TX",Seriousness Level of MSCC,No Conviction,158
Texas,"Willacy County, TX",Length of Time Since MSCC,All,158
Texas,"Willacy County, TX",Length of Time Since MSCC,Not Known,158
Texas,"Willacy County, TX",Gender,All,158
Texas,"Willacy County, TX",Gender,Male,158
Texas,"Willacy County, TX",Citizenship,All,158
Texas,"Willacy County, TX",Citizenship,HONDURAS,78
Texas,"Willacy County, TX",Citizenship,GUATEMALA,34
Texas,"Willacy County, TX",Citizenship,EL SALVADOR,11
Texas,"Willacy County, TX",Citizenship,NICARAGUA,11
Texas,"Willacy County, TX",Citizenship,MEXICO,8
Texas,"Willacy County, TX",Citizenship,BRAZIL,6
Texas,"Willacy County, TX",Citizenship,ECUADOR,4
Texas,"Willacy County, TX",Citizenship,INDIA,3
Texas,"Willacy County, TX",Citizenship,SRI LANKA,2
Texas,"Willacy County, TX",Citizenship,"CHINA, PEOPLES REPUBLIC OF",1
Texas,"Willacy County, TX",Age Group,All,158
Texas,"Willacy County, TX",Age Group,Age information witheld by ICE,158
Texas,"La Salle County, TX",Facility Type,All,115
Texas,"La Salle County, TX",Facility Type,County Facility,115
Texas,"La Salle County, TX",Facility Type (Detailed),All,115
Texas,"La Salle County, TX",Facility Type (Detailed),Intergovernment agreement with USMS which ICE utilizes,115
Texas,"La Salle County, TX",Facility Operator,All,115
Texas,"La Salle County, TX",Facility Operator,County,115
Texas,"La Salle County, TX",Facility Owner,All,115
Texas,"La Salle County, TX",Facility Owner,County,115
Texas,"La Salle County, TX",Entered ICE Custody by Month,All,115
Texas,"La Salle County, TX",Entered ICE Custody by Month,2018-07,112
Texas,"La Salle County, TX",Entered ICE Custody by Month,2018-06,2
Texas,"La Salle County, TX",Entered ICE Custody by Month,2018-05,1
Texas,"La Salle County, TX",Time in U.S.,All,115
Texas,"La Salle County, TX",Time in U.S.,Up to 1 year,115
Texas,"La Salle County, TX",Legal Permanent Resident,All,115
Texas,"La Salle County, TX",Legal Permanent Resident,No,115
Texas,"La Salle County, TX",Asylum Seeker/Refugee,All,115
Texas,"La Salle County, TX",Asylum Seeker/Refugee,No,115
Texas,"La Salle County, TX",Most Serious Criminal Conviction,All,115
Texas,"La Salle County, TX",Most Serious Criminal Conviction,No Conviction,115
Texas,"La Salle County, TX",Seriousness Level of MSCC,All,115
Texas,"La Salle County, TX",Seriousness Level of MSCC,No Conviction,115
Texas,"La Salle County, TX",Length of Time Since MSCC,All,115
Texas,"La Salle County, TX",Length of Time Since MSCC,Not Known,115
Texas,"La Salle County, TX",Gender,All,115
Texas,"La Salle County, TX",Gender,Male,115
Texas,"La Salle County, TX",Citizenship,All,115
Texas,"La Salle County, TX",Citizenship,HONDURAS,38
Texas,"La Salle County, TX",Citizenship,BANGLADESH,18
Texas,"La Salle County, TX",Citizenship,CUBA,15
Texas,"La Salle County, TX",Citizenship,ECUADOR,8
Texas,"La Salle County, TX",Citizenship,EL SALVADOR,7
Texas,"La Salle County, TX",Citizenship,GUATEMALA,6
Texas,"La Salle County, TX",Citizenship,NICARAGUA,5
Texas,"La Salle County, TX",Citizenship,INDIA,4
Texas,"La Salle County, TX",Citizenship,BRAZIL,4
Texas,"La Salle County, TX",Citizenship,CAMEROON,2
Texas,"La Salle County, TX",Citizenship,DOMINICAN REPUBLIC,2
Texas,"La Salle County, TX",Citizenship,MEXICO,2
Texas,"La Salle County, TX",Citizenship,PERU,1
Texas,"La Salle County, TX",Citizenship,ANGOLA,1
Texas,"La Salle County, TX",Citizenship,RUSSIA,1
Texas,"La Salle County, TX",Citizenship,CONGO,1
Texas,"La Salle County, TX",Age Group,All,115
Texas,"La Salle County, TX",Age Group,Age information witheld by ICE,115
Texas,"Burnet County, TX",Facility Type,All,98
Texas,"Burnet County, TX",Facility Type,County Facility,98
Texas,"Burnet County, TX",Facility Type (Detailed),All,98
Texas,"Burnet County, TX",Facility Type (Detailed),Intergovernmental Service Agreement: a facility operated by state/local govt,98
Texas,"Burnet County, TX",Facility Operator,All,98
Texas,"Burnet County, TX",Facility Operator,County Sheriff Department,98
Texas,"Burnet County, TX",Facility Owner,All,98
Texas,"Burnet County, TX",Facility Owner,County,98
Texas,"Burnet County, TX",Entered ICE Custody by Month,All,98
Texas,"Burnet County, TX",Entered ICE Custody by Month,2018-08,63
Texas,"Burnet County, TX",Entered ICE Custody by Month,2018-07,28
Texas,"Burnet County, TX",Entered ICE Custody by Month,2018-06,3
Texas,"Burnet County, TX",Entered ICE Custody by Month,2018-05,2
Texas,"Burnet County, TX",Entered ICE Custody by Month,2016-09,1
Texas,"Burnet County, TX",Entered ICE Custody by Month,2018-04,1
Texas,"Burnet County, TX",Time in U.S.,All,98
Texas,"Burnet County, TX",Time in U.S.,Up to 1 year,93
Texas,"Burnet County, TX",Time in U.S.,Not Known,3
Texas,"Burnet County, TX",Time in U.S.,Between 7 and 8 years,1
Texas,"Burnet County, TX",Time in U.S.,Between 1 and 2 years,1
Texas,"Burnet County, TX",Legal Permanent Resident,All,98
Texas,"Burnet County, TX",Legal Permanent Resident,No,98
Texas,"Burnet County, TX",Asylum Seeker/Refugee,All,98
Texas,"Burnet County, TX",Asylum Seeker/Refugee,No,98
Texas,"Burnet County, TX",Most Serious Criminal Conviction,All,98
Texas,"Burnet County, TX",Most Serious Criminal Conviction,No Conviction,98
Texas,"Burnet County, TX",Seriousness Level of MSCC,All,98
Texas,"Burnet County, TX",Seriousness Level of MSCC,No Conviction,98
Texas,"Burnet County, TX",Length of Time Since MSCC,All,98
Texas,"Burnet County, TX",Length of Time Since MSCC,Not Known,98
Texas,"Burnet County, TX",Gender,All,98
Texas,"Burnet County, TX",Gender,Male,98
Texas,"Burnet County, TX",Citizenship,All,98
Texas,"Burnet County, TX",Citizenship,HONDURAS,88
Texas,"Burnet County, TX",Citizenship,GUATEMALA,9
Texas,"Burnet County, TX",Citizenship,MEXICO,1
Texas,"Burnet County, TX",Age Group,All,98
Texas,"Burnet County, TX",Age Group,Age information witheld by ICE,98
Texas,"Hidalgo County, TX",Facility Type,All,49
Texas,"Hidalgo County, TX",Facility Type,Other Facility Type,49
Texas,"Hidalgo County, TX",Facility Type (Detailed),All,49
Texas,"Hidalgo County, TX",Facility Type (Detailed),Intergovernment agreement with USMS which ICE utilizes,49
Texas,"Hidalgo County, TX",Facility Operator,All,49
Texas,"Hidalgo County, TX",Facility Operator,"GEO Group, Inc",49
Texas,"Hidalgo County, TX",Facility Owner,All,49
Texas,"Hidalgo County, TX",Facility Owner,County,49
Texas,"Hidalgo County, TX",Entered ICE Custody by Month,All,49
Texas,"Hidalgo County, TX",Entered ICE Custody by Month,2018-08,44
Texas,"Hidalgo County, TX",Entered ICE Custody by Month,2018-06,3
Texas,"Hidalgo County, TX",Entered ICE Custody by Month,2018-05,1
Texas,"Hidalgo County, TX",Entered ICE Custody by Month,2018-07,1
Texas,"Hidalgo County, TX",Time in U.S.,All,49
Texas,"Hidalgo County, TX",Time in U.S.,Up to 1 year,48
Texas,"Hidalgo County, TX",Time in U.S.,Between 3 and 4 years,1
Texas,"Hidalgo County, TX",Legal Permanent Resident,All,49
Texas,"Hidalgo County, TX",Legal Permanent Resident,No,49
Texas,"Hidalgo County, TX",Asylum Seeker/Refugee,All,49
Texas,"Hidalgo County, TX",Asylum Seeker/Refugee,No,49
Texas,"Hidalgo County, TX",Most Serious Criminal Conviction,All,49
Texas,"Hidalgo County, TX",Most Serious Criminal Conviction,No Conviction,49
Texas,"Hidalgo County, TX",Seriousness Level of MSCC,All,49
Texas,"Hidalgo County, TX",Seriousness Level of MSCC,No Conviction,49
Texas,"Hidalgo County, TX",Length of Time Since MSCC,All,49
Texas,"Hidalgo County, TX",Length of Time Since MSCC,Not Known,49
Texas,"Hidalgo County, TX",Gender,All,49
Texas,"Hidalgo County, TX",Gender,Male,49
Texas,"Hidalgo County, TX",Citizenship,All,49
Texas,"Hidalgo County, TX",Citizenship,HONDURAS,33
Texas,"Hidalgo County, TX",Citizenship,EL SALVADOR,6
Texas,"Hidalgo County, TX",Citizenship,GUATEMALA,5
Texas,"Hidalgo County, TX",Citizenship,NICARAGUA,4
Texas,"Hidalgo County, TX",Citizenship,MEXICO,1
Texas,"Hidalgo County, TX",Age Group,All,49
Texas,"Hidalgo County, TX",Age Group,Age information witheld by ICE,49
Texas,"Brooks County, TX",Facility Type,All,47
Texas,"Brooks County, TX",Facility Type,County Facility,47
Texas,"Brooks County, TX",Facility Type (Detailed),All,47
Texas,"Brooks County, TX",Facility Type (Detailed),Intergovernment agreement with USMS which ICE utilizes,47
Texas,"Brooks County, TX",Facility Operator,All,47
Texas,"Brooks County, TX",Facility Operator,"GEO Group, Inc",47
Texas,"Brooks County, TX",Facility Owner,All,47
Texas,"Brooks County, TX",Facility Owner,County,47
Texas,"Brooks County, TX",Entered ICE Custody by Month,All,47
Texas,"Brooks County, TX",Entered ICE Custody by Month,2018-08,19
Texas,"Brooks County, TX",Entered ICE Custody by Month,2018-07,16
Texas,"Brooks County, TX",Entered ICE Custody by Month,2018-06,5
Texas,"Brooks County, TX",Entered ICE Custody by Month,2018-04,4
Texas,"Brooks County, TX",Entered ICE Custody by Month,2018-05,3
Texas,"Brooks County, TX",Time in U.S.,All,47
Texas,"Brooks County, TX",Time in U.S.,Up to 1 year,41
Texas,"Brooks County, TX",Time in U.S.,Not Known,4
Texas,"Brooks County, TX",Time in U.S.,Between 3 and 4 years,1
Texas,"Brooks County, TX",Time in U.S.,Between 6 and 7 years,1
Texas,"Brooks County, TX",Legal Permanent Resident,All,47
Texas,"Brooks County, TX",Legal Permanent Resident,No,47
Texas,"Brooks County, TX",Asylum Seeker/Refugee,All,47
Texas,"Brooks County, TX",Asylum Seeker/Refugee,No,47
Texas,"Brooks County, TX",Most Serious Criminal Conviction,All,47
Texas,"Brooks County, TX",Most Serious Criminal Conviction,No Conviction,47
Texas,"Brooks County, TX",Seriousness Level of MSCC,All,47
Texas,"Brooks County, TX",Seriousness Level of MSCC,No Conviction,47
Texas,"Brooks County, TX",Length of Time Since MSCC,All,47
Texas,"Brooks County, TX",Length of Time Since MSCC,Not Known,47
Texas,"Brooks County, TX",Gender,All,47
Texas,"Brooks County, TX",Gender,Male,47
Texas,"Brooks County, TX",Citizenship,All,47
Texas,"Brooks County, TX",Citizenship,GUATEMALA,18
Texas,"Brooks County, TX",Citizenship,HONDURAS,9
Texas,"Brooks County, TX",Citizenship,BRAZIL,5
Texas,"Brooks County, TX",Citizenship,BANGLADESH,4
Texas,"Brooks County, TX",Citizenship,NICARAGUA,3
Texas,"Brooks County, TX",Citizenship,MEXICO,3
Texas,"Brooks County, TX",Citizenship,EL SALVADOR,2
Texas,"Brooks County, TX",Citizenship,CUBA,1
Texas,"Brooks County, TX",Citizenship,ECUADOR,1
Texas,"Brooks County, TX",Citizenship,COLOMBIA,1
Texas,"Brooks County, TX",Age Group,All,47
Texas,"Brooks County, TX",Age Group,Age information witheld by ICE,47
Texas,"Val Verde County, TX",Facility Type,All,39
Texas,"Val Verde County, TX",Facility Type,County Facility,33
Texas,"Val Verde County, TX",Facility Type,INS Facility,6
Texas,"Val Verde County, TX",Facility Type (Detailed),All,39
Texas,"Val Verde County, TX",Facility Type (Detailed),Intergovernment agreement with USMS which ICE utilizes,33
Texas,"Val Verde County, TX",Facility Type (Detailed),Hold: a holding facility,6
Texas,"Val Verde County, TX",Facility Operator,All,39
Texas,"Val Verde County, TX",Facility Operator,"GEO Group, Inc",33
Texas,"Val Verde County, TX",Facility Operator,County,6
Texas,"Val Verde County, TX",Facility Owner,All,39
Texas,"Val Verde County, TX",Facility Owner,County,33
Texas,"Val Verde County, TX",Facility Owner,Not defined,6
Texas,"Val Verde County, TX",Entered ICE Custody by Month,All,39
Texas,"Val Verde County, TX",Entered ICE Custody by Month,2018-08,39
Texas,"Val Verde County, TX",Time in U.S.,All,39
Texas,"Val Verde County, TX",Time in U.S.,Up to 1 year,33
Texas,"Val Verde County, TX",Time in U.S.,Not Known,6
Texas,"Val Verde County, TX",Legal Permanent Resident,All,39
Texas,"Val Verde County, TX",Legal Permanent Resident,No,39
Texas,"Val Verde County, TX",Asylum Seeker/Refugee,All,39
Texas,"Val Verde County, TX",Asylum Seeker/Refugee,No,39
Texas,"Val Verde County, TX",Most Serious Criminal Conviction,All,39
Texas,"Val Verde County, TX",Most Serious Criminal Conviction,No Conviction,39
Texas,"Val Verde County, TX",Seriousness Level of MSCC,All,39
Texas,"Val Verde County, TX",Seriousness Level of MSCC,No Conviction,39
Texas,"Val Verde County, TX",Length of Time Since MSCC,All,39
Texas,"Val Verde County, TX",Length of Time Since MSCC,Not Known,39
Texas,"Val Verde County, TX",Gender,All,39
Texas,"Val Verde County, TX",Gender,Male,26
Texas,"Val Verde County, TX",Gender,Female,13
Texas,"Val Verde County, TX",Citizenship,All,39
Texas,"Val Verde County, TX",Citizenship,HONDURAS,25
Texas,"Val Verde County, TX",Citizenship,GUATEMALA,10
Texas,"Val Verde County, TX",Citizenship,EL SALVADOR,2
Texas,"Val Verde County, TX",Citizenship,NICARAGUA,2
Texas,"Val Verde County, TX",Age Group,All,39
Texas,"Val Verde County, TX",Age Group,Age information witheld by ICE,39
Texas,"Randall County, TX",Facility Type,All,1
Texas,"Randall County, TX",Facility Type,County Facility,1
Texas,"Randall County, TX",Facility Type (Detailed),All,1
Texas,"Randall County, TX",Facility Type (Detailed),Intergovernment agreement with USMS which ICE utilizes,1
Texas,"Randall County, TX",Facility Operator,All,1
Texas,"Randall County, TX",Facility Operator,County Sheriff Department,1
Texas,"Randall County, TX",Facility Owner,All,1
Texas,"Randall County, TX",Facility Owner,County,1
Texas,"Randall County, TX",Entered ICE Custody by Month,All,1
Texas,"Randall County, TX",Entered ICE Custody by Month,2018-08,1
Texas,"Randall County, TX",Time in U.S.,All,1
Texas,"Randall County, TX",Time in U.S.,Not Known,1
Texas,"Randall County, TX",Legal Permanent Resident,All,1
Texas,"Randall County, TX",Legal Permanent Resident,No,1
Texas,"Randall County, TX",Asylum Seeker/Refugee,All,1
Texas,"Randall County, TX",Asylum Seeker/Refugee,No,1
Texas,"Randall County, TX",Most Serious Criminal Conviction,All,1
Texas,"Randall County, TX",Most Serious Criminal Conviction,No Conviction,1
Texas,"Randall County, TX",Seriousness Level of MSCC,All,1
Texas,"Randall County, TX",Seriousness Level of MSCC,No Conviction,1
Texas,"Randall County, TX",Length of Time Since MSCC,All,1
Texas,"Randall County, TX",Length of Time Since MSCC,Not Known,1
Texas,"Randall County, TX",Gender,All,1
Texas,"Randall County, TX",Gender,Male,1
Texas,"Randall County, TX",Citizenship,All,1
Texas,"Randall County, TX",Citizenship,MEXICO,1
Texas,"Randall County, TX",Age Group,All,1
Texas,"Randall County, TX",Age Group,Age information witheld by ICE,1
Texas,"Bexar County, TX",Facility Type,All,1
Texas,"Bexar County, TX",Facility Type,Other Facility Type,1
Texas,"Bexar County, TX",Facility Type (Detailed),All,1
Texas,"Bexar County, TX",Facility Type (Detailed),Intergovernment agreement with USMS which ICE utilizes,1
Texas,"Bexar County, TX",Facility Operator,All,1
Texas,"Bexar County, TX",Facility Operator,"GEO Group, Inc",1
Texas,"Bexar County, TX",Facility Owner,All,1
Texas,"Bexar County, TX",Facility Owner,County,1
Texas,"Bexar County, TX",Entered ICE Custody by Month,All,1
Texas,"Bexar County, TX",Entered ICE Custody by Month,2018-08,1
Texas,"Bexar County, TX",Time in U.S.,All,1
Texas,"Bexar County, TX",Time in U.S.,Not Known,1
Texas,"Bexar County, TX",Legal Permanent Resident,All,1
Texas,"Bexar County, TX",Legal Permanent Resident,No,1
Texas,"Bexar County, TX",Asylum Seeker/Refugee,All,1
Texas,"Bexar County, TX",Asylum Seeker/Refugee,No,1
Texas,"Bexar County, TX",Most Serious Criminal Conviction,All,1
Texas,"Bexar County, TX",Most Serious Criminal Conviction,No Conviction,1
Texas,"Bexar County, TX",Seriousness Level of MSCC,All,1
Texas,"Bexar County, TX",Seriousness Level of MSCC,No Conviction,1
Texas,"Bexar County, TX",Length of Time Since MSCC,All,1
Texas,"Bexar County, TX",Length of Time Since MSCC,Not Known,1
Texas,"Bexar County, TX",Gender,All,1
Texas,"Bexar County, TX",Gender,Male,1
Texas,"Bexar County, TX",Citizenship,All,1
Texas,"Bexar County, TX",Citizenship,HONDURAS,1
Texas,"Bexar County, TX",Age Group,All,1
Texas,"Bexar County, TX",Age Group,Age information witheld by ICE,1
California,"San Bernardino County, CA",Facility Type,All,2472
California,"San Bernardino County, CA",Facility Type,Local Facility,1877
California,"San Bernardino County, CA",Facility Type,Federal Facility,594
California,"San Bernardino County, CA",Facility Type,Other Facility Type,1
California,"San Bernardino County, CA",Facility Type (Detailed),All,2472
California,"San Bernardino County, CA",Facility Type (Detailed),Dedicated IGSA,1877
California,"San Bernardino County, CA",Facility Type (Detailed),Bureau of Prisons: a facility operated by/under the management of the BOP,594
California,"San Bernardino County, CA",Facility Type (Detailed),Hospital: a medical facility,1
California,"San Bernardino County, CA",Facility Operator,All,2472
California,"San Bernardino County, CA",Facility Operator,"GEO Group, Inc",1877
California,"San Bernardino County, CA",Facility Operator,Bureau of Prisons,594
California,"San Bernardino County, CA",Facility Operator,Not defined,1
California,"San Bernardino County, CA",Facility Owner,All,2472
California,"San Bernardino County, CA",Facility Owner,City or Municipality,1877
California,"San Bernardino County, CA",Facility Owner,Not defined,595
California,"San Bernardino County, CA",Entered ICE Custody by Month,All,2472
California,"San Bernardino County, CA",Entered ICE Custody by Month,2018-06,791
California,"San Bernardino County, CA",Entered ICE Custody by Month,2018-07,625
California,"San Bernardino County, CA",Entered ICE Custody by Month,2018-05,313
California,"San Bernardino County, CA",Entered ICE Custody by Month,2018-04,153
California,"San Bernardino County, CA",Entered ICE Custody by Month,2018-03,131
California,"San Bernardino County, CA",Entered ICE Custody by Month,2018-02,89
California,"San Bernardino County, CA",Entered ICE Custody by Month,2018-01,51
California,"San Bernardino County, CA",Entered ICE Custody by Month,2017-12,38
California,"San Bernardino County, CA",Entered ICE Custody by Month,2017-10,35
California,"San Bernardino County, CA",Entered ICE Custody by Month,2017-11,27
California,"San Bernardino County, CA",Entered ICE Custody by Month,2017-08,27
California,"San Bernardino County, CA",Entered ICE Custody by Month,2017-09,26
California,"San Bernardino County, CA",Entered ICE Custody by Month,2018-08,21
California,"San Bernardino County, CA",Entered ICE Custody by Month,2017-07,17
California,"San Bernardino County, CA",Entered ICE Custody by Month,2017-05,17
California,"San Bernardino County, CA",Entered ICE Custody by Month,2017-06,16
California,"San Bernardino County, CA",Entered ICE Custody by Month,2017-03,13
California,"San Bernardino County, CA",Entered ICE Custody by Month,2017-04,12
California,"San Bernardino County, CA",Entered ICE Custody by Month,2017-02,11
California,"San Bernardino County, CA",Entered ICE Custody by Month,2017-01,10
California,"San Bernardino County, CA",Entered ICE Custody by Month,2016-12,9
California,"San Bernardino County, CA",Entered ICE Custody by Month,2016-11,4
California,"San Bernardino County, CA",Entered ICE Custody by Month,2016-10,4
California,"San Bernardino County, CA",Entered ICE Custody by Month,2016-07,3
California,"San Bernardino County, CA",Entered ICE Custody by Month,2015-11,3
California,"San Bernardino County, CA",Entered ICE Custody by Month,2015-01,2
California,"San Bernardino County, CA",Entered ICE Custody by Month,2015-04,2
California,"San Bernardino County, CA",Entered ICE Custody by Month,2015-06,2
California,"San Bernardino County, CA",Entered ICE Custody by Month,2015-09,2
California,"San Bernardino County, CA",Entered ICE Custody by Month,2015-10,2
California,"San Bernardino County, CA",Entered ICE Custody by Month,2016-02,2
California,"San Bernardino County, CA",Entered ICE Custody by Month,2016-06,2
California,"San Bernardino County, CA",Entered ICE Custody by Month,2016-01,1
California,"San Bernardino County, CA",Entered ICE Custody by Month,2014-05,1
California,"San Bernardino County, CA",Entered ICE Custody by Month,2014-10,1
California,"San Bernardino County, CA",Entered ICE Custody by Month,2016-09,1
California,"San Bernardino County, CA",Entered ICE Custody by Month,2015-03,1
California,"San Bernardino County, CA",Entered ICE Custody by Month,2016-08,1
California,"San Bernardino County, CA",Entered ICE Custody by Month,2015-05,1
California,"San Bernardino County, CA",Entered ICE Custody by Month,2016-05,1
California,"San Bernardino County, CA",Entered ICE Custody by Month,2015-07,1
California,"San Bernardino County, CA",Entered ICE Custody by Month,2016-04,1
California,"San Bernardino County, CA",Entered ICE Custody by Month,2016-03,1
California,"San Bernardino County, CA",Entered ICE Custody by Month,2013-08,1
California,"San Bernardino County, CA",Time in U.S.,All,2472
California,"San Bernardino County, CA",Time in U.S.,Up to 1 year,1668
California,"San Bernardino County, CA",Time in U.S.,Not Known,379
California,"San Bernardino County, CA",Time in U.S.,20 years or more,128
California,"San Bernardino County, CA",Time in U.S.,Between 10 and 15 years,68
California,"San Bernardino County, CA",Time in U.S.,Between 15 and 20 years,61
California,"San Bernardino County, CA",Time in U.S.,Between 1 and 2 years,53
California,"San Bernardino County, CA",Time in U.S.,Between 5 and 6 years,19
California,"San Bernardino County, CA",Time in U.S.,Between 9 and 10 years,19
California,"San Bernardino County, CA",Time in U.S.,Between 2 and 3 years,17
California,"San Bernardino County, CA",Time in U.S.,Between 3 and 4 years,16
California,"San Bernardino County, CA",Time in U.S.,Between 4 and 5 years,14
California,"San Bernardino County, CA",Time in U.S.,Between 8 and 9 years,14
California,"San Bernardino County, CA",Time in U.S.,Between 6 and 7 years,9
California,"San Bernardino County, CA",Time in U.S.,Between 7 and 8 years,7
California,"San Bernardino County, CA",Legal Permanent Resident,All,2472
California,"San Bernardino County, CA",Legal Permanent Resident,No,2472
California,"San Bernardino County, CA",Asylum Seeker/Refugee,All,2472
California,"San Bernardino County, CA",Asylum Seeker/Refugee,No,2472
California,"San Bernardino County, CA",Most Serious Criminal Conviction,All,2472
California,"San Bernardino County, CA",Most Serious Criminal Conviction,No Conviction,2472
California,"San Bernardino County, CA",Seriousness Level of MSCC,All,2472
California,"San Bernardino County, CA",Seriousness Level of MSCC,No Conviction,2472
California,"San Bernardino County, CA",Length of Time Since MSCC,All,2472
California,"San Bernardino County, CA",Length of Time Since MSCC,Not Known,2472
California,"San Bernardino County, CA",Gender,All,2472
California,"San Bernardino County, CA",Gender,Male,2214
California,"San Bernardino County, CA",Gender,Female,258
California,"San Bernardino County, CA",Citizenship,All,2472
California,"San Bernardino County, CA",Citizenship,INDIA,678
California,"San Bernardino County, CA",Citizenship,MEXICO,542
California,"San Bernardino County, CA",Citizenship,GUATEMALA,233
California,"San Bernardino County, CA",Citizenship,HONDURAS,209
California,"San Bernardino County, CA",Citizenship,EL SALVADOR,167
California,"San Bernardino County, CA",Citizenship,"CHINA, PEOPLES REPUBLIC OF",77
California,"San Bernardino County, CA",Citizenship,NEPAL,74
California,"San Bernardino County, CA",Citizenship,CUBA,37
California,"San Bernardino County, CA",Citizenship,CAMEROON,36
California,"San Bernardino County, CA",Citizenship,NICARAGUA,28
California,"San Bernardino County, CA",Citizenship,ERITREA,27
California,"San Bernardino County, CA",Citizenship,ARMENIA,26
California,"San Bernardino County, CA",Citizenship,BANGLADESH,26
California,"San Bernardino County, CA",Citizenship,BRAZIL,25
California,"San Bernardino County, CA",Citizenship,RUSSIA,18
California,"San Bernardino County, CA",Citizenship,VIETNAM,17
California,"San Bernardino County, CA",Citizenship,HAITI,16
California,"San Bernardino County, CA",Citizenship,UZBEKISTAN,13
California,"San Bernardino County, CA",Citizenship,ECUADOR,13
California,"San Bernardino County, CA",Citizenship,PAKISTAN,11
California,"San Bernardino County, CA",Citizenship,ROMANIA,11
California,"San Bernardino County, CA",Citizenship,SRI LANKA,10
California,"San Bernardino County, CA",Citizenship,GHANA,10
California,"San Bernardino County, CA",Citizenship,PERU,9
California,"San Bernardino County, CA",Citizenship,SOMALIA,9
California,"San Bernardino County, CA",Citizenship,GAMBIA,9
California,"San Bernardino County, CA",Citizenship,BELIZE,8
California,"San Bernardino County, CA",Citizenship,CAMBODIA,7
California,"San Bernardino County, CA",Citizenship,PHILIPPINES,7
California,"San Bernardino County, CA",Citizenship,VENEZUELA,6
California,"San Bernardino County, CA",Citizenship,COLOMBIA,6
California,"San Bernardino County, CA",Citizenship,MAURITANIA,6
California,"San Bernardino County, CA",Citizenship,NIGERIA,5
California,"San Bernardino County, CA",Citizenship,IRAN,5
California,"San Bernardino County, CA",Citizenship,SIERRA LEONE,4
California,"San Bernardino County, CA",Citizenship,ETHIOPIA,4
California,"San Bernardino County, CA",Citizenship,AFGHANISTAN,4
California,"San Bernardino County, CA",Citizenship,TURKEY,4
California,"San Bernardino County, CA",Citizenship,SUDAN,4
California,"San Bernardino County, CA",Citizenship,LAOS,3
California,"San Bernardino County, CA",Citizenship,JAMAICA,3
California,"San Bernardino County, CA",Citizenship,GUINEA,3
California,"San Bernardino County, CA",Citizenship,EGYPT,3
California,"San Bernardino County, CA",Citizenship,SOUTH KOREA,3
California,"San Bernardino County, CA",Citizenship,JORDAN,3
California,"San Bernardino County, CA",Citizenship,DOMINICAN REPUBLIC,3
California,"San Bernardino County, CA",Citizenship,UKRAINE,3
California,"San Bernardino County, CA",Citizenship,TAJIKISTAN,2
California,"San Bernardino County, CA",Citizenship,ISRAEL,2
California,"San Bernardino County, CA",Citizenship,KOSOVO,2
California,"San Bernardino County, CA",Citizenship,INDONESIA,2
California,"San Bernardino County, CA",Citizenship,BENIN,2
California,"San Bernardino County, CA",Citizenship,SENEGAL,2
California,"San Bernardino County, CA",Citizenship,ANGOLA,2
California,"San Bernardino County, CA",Citizenship,TOGO,2
California,"San Bernardino County, CA",Citizenship,FRANCE,2
California,"San Bernardino County, CA",Citizenship,THAILAND,2
California,"San Bernardino County, CA",Citizenship,GEORGIA,2
California,"San Bernardino County, CA",Citizenship,KENYA,2
California,"San Bernardino County, CA",Citizenship,CONGO,1
California,"San Bernardino County, CA",Citizenship,AUSTRALIA,1
California,"San Bernardino County, CA",Citizenship,TRINIDAD AND TOBAGO,1
California,"San Bernardino County, CA",Citizenship,UNKNOWN,1
California,"San Bernardino County, CA",Citizenship,DEM REP OF THE CONGO,1
California,"San Bernardino County, CA",Citizenship,CHILE,1
California,"San Bernardino County, CA",Citizenship,USSR,1
California,"San Bernardino County, CA",Citizenship,SOUTH AFRICA,1
California,"San Bernardino County, CA",Citizenship,KYRGYZSTAN,1
California,"San Bernardino County, CA",Citizenship,SAUDI ARABIA,1
California,"San Bernardino County, CA",Citizenship,KOREA,1
California,"San Bernardino County, CA",Citizenship,KUWAIT,1
California,"San Bernardino County, CA",Citizenship,LIBERIA,1
California,"San Bernardino County, CA",Citizenship,ITALY,1
California,"San Bernardino County, CA",Citizenship,AZERBAIJAN,1
California,"San Bernardino County, CA",Citizenship,FIJI,1
California,"San Bernardino County, CA",Citizenship,SYRIA,1
California,"San Bernardino County, CA",Citizenship,BURKINA FASO,1
California,"San Bernardino County, CA",Citizenship,COSTA RICA,1
California,"San Bernardino County, CA",Citizenship,KAZAKHSTAN,1
California,"San Bernardino County, CA",Citizenship,CHAD,1
California,"San Bernardino County, CA",Citizenship,MALI,1
California,"San Bernardino County, CA",Citizenship,MOLDOVA,1
California,"San Bernardino County, CA",Age Group,All,2472
California,"San Bernardino County, CA",Age Group,Age information witheld by ICE,2472
California,"San Diego County, CA",Facility Type,All,948
California,"San Diego County, CA",Facility Type,Other Facility Type,948
California,"San Diego County, CA",Facility Type (Detailed),All,948
California,"San Diego County, CA",Facility Type (Detailed),Private facility contracted with USMS,942
California,"San Diego County, CA",Facility Type (Detailed),Other,5
California,"San Diego County, CA",Facility Type (Detailed),Hospital: a medical facility,1
California,"San Diego County, CA",Facility Operator,All,948
California,"San Diego County, CA",Facility Operator,CORECIVIC,942
California,"San Diego County, CA",Facility Operator,Hotel/Motel,5
California,"San Diego County, CA",Facility Operator,Not defined,1
California,"San Diego County, CA",Facility Owner,All,948
California,"San Diego County, CA",Facility Owner,CoreCivic (formerly Corrections Corporation of America),942
California,"San Diego County, CA",Facility Owner,Not defined,6
California,"San Diego County, CA",Entered ICE Custody by Month,All,948
California,"San Diego County, CA",Entered ICE Custody by Month,2018-07,243
California,"San Diego County, CA",Entered ICE Custody by Month,2018-05,112
California,"San Diego County, CA",Entered ICE Custody by Month,2018-06,110
California,"San Diego County, CA",Entered ICE Custody by Month,2018-04,92
California,"San Diego County, CA",Entered ICE Custody by Month,2018-08,56
California,"San Diego County, CA",Entered ICE Custody by Month,2018-03,49
California,"San Diego County, CA",Entered ICE Custody by Month,2017-12,41
California,"San Diego County, CA",Entered ICE Custody by Month,2018-01,41
California,"San Diego County, CA",Entered ICE Custody by Month,2018-02,31
California,"San Diego County, CA",Entered ICE Custody by Month,2017-11,25
California,"San Diego County, CA",Entered ICE Custody by Month,2017-08,23
California,"San Diego County, CA",Entered ICE Custody by Month,2017-06,18
California,"San Diego County, CA",Entered ICE Custody by Month,2017-10,16
California,"San Diego County, CA",Entered ICE Custody by Month,2017-09,15
California,"San Diego County, CA",Entered ICE Custody by Month,2017-04,14
California,"San Diego County, CA",Entered ICE Custody by Month,2017-05,9
California,"San Diego County, CA",Entered ICE Custody by Month,2017-07,9
California,"San Diego County, CA",Entered ICE Custody by Month,2017-03,6
California,"San Diego County, CA",Entered ICE Custody by Month,2017-02,5
California,"San Diego County, CA",Entered ICE Custody by Month,2016-10,5
California,"San Diego County, CA",Entered ICE Custody by Month,2016-08,4
California,"San Diego County, CA",Entered ICE Custody by Month,2017-01,4
California,"San Diego County, CA",Entered ICE Custody by Month,2016-11,3
California,"San Diego County, CA",Entered ICE Custody by Month,2016-09,3
California,"San Diego County, CA",Entered ICE Custody by Month,2016-07,3
California,"San Diego County, CA",Entered ICE Custody by Month,2014-04,2
California,"San Diego County, CA",Entered ICE Custody by Month,2015-08,2
California,"San Diego County, CA",Entered ICE Custody by Month,2013-10,1
California,"San Diego County, CA",Entered ICE Custody by Month,2014-05,1
California,"San Diego County, CA",Entered ICE Custody by Month,2014-10,1
California,"San Diego County, CA",Entered ICE Custody by Month,2015-09,1
California,"San Diego County, CA",Entered ICE Custody by Month,2016-05,1
California,"San Diego County, CA",Entered ICE Custody by Month,2016-12,1
California,"San Diego County, CA",Entered ICE Custody by Month,2013-05,1
California,"San Diego County, CA",Time in U.S.,All,948
California,"San Diego County, CA",Time in U.S.,Up to 1 year,533
California,"San Diego County, CA",Time in U.S.,Not Known,104
California,"San Diego County, CA",Time in U.S.,Between 1 and 2 years,66
California,"San Diego County, CA",Time in U.S.,20 years or more,53
California,"San Diego County, CA",Time in U.S.,Between 10 and 15 years,49
California,"San Diego County, CA",Time in U.S.,Between 15 and 20 years,40
California,"San Diego County, CA",Time in U.S.,Between 2 and 3 years,22
California,"San Diego County, CA",Time in U.S.,Between 3 and 4 years,15
California,"San Diego County, CA",Time in U.S.,Between 4 and 5 years,13
California,"San Diego County, CA",Time in U.S.,Between 6 and 7 years,13
California,"San Diego County, CA",Time in U.S.,Between 9 and 10 years,13
California,"San Diego County, CA",Time in U.S.,Between 8 and 9 years,10
California,"San Diego County, CA",Time in U.S.,Between 5 and 6 years,9
California,"San Diego County, CA",Time in U.S.,Between 7 and 8 years,8
California,"San Diego County, CA",Legal Permanent Resident,All,948
California,"San Diego County, CA",Legal Permanent Resident,No,948
California,"San Diego County, CA",Asylum Seeker/Refugee,All,948
California,"San Diego County, CA",Asylum Seeker/Refugee,No,948
California,"San Diego County, CA",Most Serious Criminal Conviction,All,948
California,"San Diego County, CA",Most Serious Criminal Conviction,No Conviction,948
California,"San Diego County, CA",Seriousness Level of MSCC,All,948
California,"San Diego County, CA",Seriousness Level of MSCC,No Conviction,948
California,"San Diego County, CA",Length of Time Since MSCC,All,948
California,"San Diego County, CA",Length of Time Since MSCC,Not Known,948
California,"San Diego County, CA",Gender,All,948
California,"San Diego County, CA",Gender,Male,802
California,"San Diego County, CA",Gender,Female,146
California,"San Diego County, CA",Citizenship,All,948
California,"San Diego County, CA",Citizenship,MEXICO,370
California,"San Diego County, CA",Citizenship,EL SALVADOR,76
California,"San Diego County, CA",Citizenship,GUATEMALA,73
California,"San Diego County, CA",Citizenship,INDIA,68
California,"San Diego County, CA",Citizenship,HONDURAS,66
California,"San Diego County, CA",Citizenship,ERITREA,40
California,"San Diego County, CA",Citizenship,CAMEROON,24
California,"San Diego County, CA",Citizenship,"CHINA, PEOPLES REPUBLIC OF",23
California,"San Diego County, CA",Citizenship,NEPAL,19
California,"San Diego County, CA",Citizenship,PAKISTAN,17
California,"San Diego County, CA",Citizenship,SOMALIA,13
California,"San Diego County, CA",Citizenship,CUBA,10
California,"San Diego County, CA",Citizenship,IRAQ,8
California,"San Diego County, CA",Citizenship,NICARAGUA,7
California,"San Diego County, CA",Citizenship,YEMEN,7
California,"San Diego County, CA",Citizenship,SYRIA,6
California,"San Diego County, CA",Citizenship,GUINEA,6
California,"San Diego County, CA",Citizenship,ARMENIA,6
California,"San Diego County, CA",Citizenship,VIETNAM,5
California,"San Diego County, CA",Citizenship,VENEZUELA,5
California,"San Diego County, CA",Citizenship,RUSSIA,5
California,"San Diego County, CA",Citizenship,IRAN,5
California,"San Diego County, CA",Citizenship,BANGLADESH,5
California,"San Diego County, CA",Citizenship,PHILIPPINES,5
California,"San Diego County, CA",Citizenship,DEM REP OF THE CONGO,4
California,"San Diego County, CA",Citizenship,UKRAINE,4
California,"San Diego County, CA",Citizenship,COLOMBIA,4
California,"San Diego County, CA",Citizenship,BRAZIL,4
California,"San Diego County, CA",Citizenship,JAMAICA,4
California,"San Diego County, CA",Citizenship,ETHIOPIA,4
California,"San Diego County, CA",Citizenship,HAITI,4
California,"San Diego County, CA",Citizenship,KAZAKHSTAN,3
California,"San Diego County, CA",Citizenship,ECUADOR,3
California,"San Diego County, CA",Citizenship,AFGHANISTAN,3
California,"San Diego County, CA",Citizenship,PERU,3
California,"San Diego County, CA",Citizenship,KYRGYZSTAN,2
California,"San Diego County, CA",Citizenship,KUWAIT,2
California,"San Diego County, CA",Citizenship,UZBEKISTAN,2
California,"San Diego County, CA",Citizenship,GHANA,2
California,"San Diego County, CA",Citizenship,ITALY,2
California,"San Diego County, CA",Citizenship,NIGERIA,2
California,"San Diego County, CA",Citizenship,MALI,2
California,"San Diego County, CA",Citizenship,SRI LANKA,1
California,"San Diego County, CA",Citizenship,TURKEY,1
California,"San Diego County, CA",Citizenship,SUDAN,1
California,"San Diego County, CA",Citizenship,MAURITANIA,1
California,"San Diego County, CA",Citizenship,NORWAY,1
California,"San Diego County, CA",Citizenship,CZECH REPUBLIC,1
California,"San Diego County, CA",Citizenship,SPAIN,1
California,"San Diego County, CA",Citizenship,GUINEA-BISSAU,1
California,"San Diego County, CA",Citizenship,LAOS,1
California,"San Diego County, CA",Citizenship,TONGA,1
California,"San Diego County, CA",Citizenship,ANGOLA,1
California,"San Diego County, CA",Citizenship,JAPAN,1
California,"San Diego County, CA",Citizenship,TRINIDAD AND TOBAGO,1
California,"San Diego County, CA",Citizenship,CROATIA,1
California,"San Diego County, CA",Citizenship,SOUTH KOREA,1
California,"San Diego County, CA",Citizenship,GAMBIA,1
California,"San Diego County, CA",Citizenship,SIERRA LEONE,1
California,"San Diego County, CA",Citizenship,BURMA,1
California,"San Diego County, CA",Citizenship,ST. LUCIA,1
California,"San Diego County, CA",Citizenship,BELIZE,1
California,"San Diego County, CA",Citizenship,MOLDOVA,1
California,"San Diego County, CA",Citizenship,MARSHALL ISLANDS,1
California,"San Diego County, CA",Citizenship,ROMANIA,1
California,"San Diego County, CA",Citizenship,RWANDA,1
California,"San Diego County, CA",Citizenship,THAILAND,1
California,"San Diego County, CA",Age Group,All,948
California,"San Diego County, CA",Age Group,Age information witheld by ICE,948
California,"Orange County, CA",Facility Type,All,761
California,"Orange County, CA",Facility Type,County Facility,758
California,"Orange County, CA",Facility Type,Other Facility Type,3
California,"Orange County, CA",Facility Type (Detailed),All,761
California,"Orange County, CA",Facility Type (Detailed),Intergovernmental Service Agreement: a facility operated by state/local govt,758
California,"Orange County, CA",Facility Type (Detailed),Hospital: a medical facility,3
California,"Orange County, CA",Facility Operator,All,761
California,"Orange County, CA",Facility Operator,County Sheriff Department,758
California,"Orange County, CA",Facility Operator,Not defined,3
California,"Orange County, CA",Facility Owner,All,761
California,"Orange County, CA",Facility Owner,County,758
California,"Orange County, CA",Facility Owner,Not defined,3
California,"Orange County, CA",Entered ICE Custody by Month,All,761
California,"Orange County, CA",Entered ICE Custody by Month,2018-07,191
California,"Orange County, CA",Entered ICE Custody by Month,2018-06,109
California,"Orange County, CA",Entered ICE Custody by Month,2018-05,100
California,"Orange County, CA",Entered ICE Custody by Month,2018-04,67
California,"Orange County, CA",Entered ICE Custody by Month,2018-08,45
California,"Orange County, CA",Entered ICE Custody by Month,2018-03,44
California,"Orange County, CA",Entered ICE Custody by Month,2018-01,29
California,"Orange County, CA",Entered ICE Custody by Month,2018-02,28
California,"Orange County, CA",Entered ICE Custody by Month,2017-10,19
California,"Orange County, CA",Entered ICE Custody by Month,2017-12,17
California,"Orange County, CA",Entered ICE Custody by Month,2017-08,16
California,"Orange County, CA",Entered ICE Custody by Month,2017-11,13
California,"Orange County, CA",Entered ICE Custody by Month,2017-09,10
California,"Orange County, CA",Entered ICE Custody by Month,2017-07,8
California,"Orange County, CA",Entered ICE Custody by Month,2017-06,7
California,"Orange County, CA",Entered ICE Custody by Month,2017-05,6
California,"Orange County, CA",Entered ICE Custody by Month,2016-12,5
California,"Orange County, CA",Entered ICE Custody by Month,2017-04,5
California,"Orange County, CA",Entered ICE Custody by Month,2017-02,4
California,"Orange County, CA",Entered ICE Custody by Month,2015-11,4
California,"Orange County, CA",Entered ICE Custody by Month,2016-11,4
California,"Orange County, CA",Entered ICE Custody by Month,2016-06,4
California,"Orange County, CA",Entered ICE Custody by Month,2017-03,3
California,"Orange County, CA",Entered ICE Custody by Month,2016-04,3
California,"Orange County, CA",Entered ICE Custody by Month,2016-08,3
California,"Orange County, CA",Entered ICE Custody by Month,2016-09,3
California,"Orange County, CA",Entered ICE Custody by Month,2016-07,2
California,"Orange County, CA",Entered ICE Custody by Month,2016-05,2
California,"Orange County, CA",Entered ICE Custody by Month,2017-01,2
California,"Orange County, CA",Entered ICE Custody by Month,2015-12,2
California,"Orange County, CA",Entered ICE Custody by Month,2016-10,1
California,"Orange County, CA",Entered ICE Custody by Month,2015-06,1
California,"Orange County, CA",Entered ICE Custody by Month,2015-07,1
California,"Orange County, CA",Entered ICE Custody by Month,2016-02,1
California,"Orange County, CA",Entered ICE Custody by Month,2016-03,1
California,"Orange County, CA",Entered ICE Custody by Month,2013-09,1
California,"Orange County, CA",Time in U.S.,All,761
California,"Orange County, CA",Time in U.S.,Not Known,269
California,"Orange County, CA",Time in U.S.,Up to 1 year,197
California,"Orange County, CA",Time in U.S.,20 years or more,106
California,"Orange County, CA",Time in U.S.,Between 10 and 15 years,49
California,"Orange County, CA",Time in U.S.,Between 15 and 20 years,35
California,"Orange County, CA",Time in U.S.,Between 1 and 2 years,25
California,"Orange County, CA",Time in U.S.,Between 2 and 3 years,22
California,"Orange County, CA",Time in U.S.,Between 3 and 4 years,12
California,"Orange County, CA",Time in U.S.,Between 5 and 6 years,9
California,"Orange County, CA",Time in U.S.,Between 6 and 7 years,9
California,"Orange County, CA",Time in U.S.,Between 4 and 5 years,8
California,"Orange County, CA",Time in U.S.,Between 8 and 9 years,7
California,"Orange County, CA",Time in U.S.,Between 7 and 8 years,7
California,"Orange County, CA",Time in U.S.,Between 9 and 10 years,6
California,"Orange County, CA",Legal Permanent Resident,All,761
California,"Orange County, CA",Legal Permanent Resident,No,761
California,"Orange County, CA",Asylum Seeker/Refugee,All,761
California,"Orange County, CA",Asylum Seeker/Refugee,No,761
California,"Orange County, CA",Most Serious Criminal Conviction,All,761
California,"Orange County, CA",Most Serious Criminal Conviction,No Conviction,761
California,"Orange County, CA",Seriousness Level of MSCC,All,761
California,"Orange County, CA",Seriousness Level of MSCC,No Conviction,761
California,"Orange County, CA",Length of Time Since MSCC,All,761
California,"Orange County, CA",Length of Time Since MSCC,Not Known,761
California,"Orange County, CA",Gender,All,761
California,"Orange County, CA",Gender,Male,722
California,"Orange County, CA",Gender,Female,38
California,"Orange County, CA",Gender,Unknown,1
California,"Orange County, CA",Citizenship,All,761
California,"Orange County, CA",Citizenship,MEXICO,278
California,"Orange County, CA",Citizenship,EL SALVADOR,109
California,"Orange County, CA",Citizenship,INDIA,69
California,"Orange County, CA",Citizenship,GUATEMALA,55
California,"Orange County, CA",Citizenship,HONDURAS,34
California,"Orange County, CA",Citizenship,"CHINA, PEOPLES REPUBLIC OF",27
California,"Orange County, CA",Citizenship,VIETNAM,17
California,"Orange County, CA",Citizenship,NEPAL,11
California,"Orange County, CA",Citizenship,ARMENIA,9
California,"Orange County, CA",Citizenship,CUBA,8
California,"Orange County, CA",Citizenship,CAMBODIA,8
California,"Orange County, CA",Citizenship,CAMEROON,7
California,"Orange County, CA",Citizenship,IRAN,7
California,"Orange County, CA",Citizenship,ERITREA,6
California,"Orange County, CA",Citizenship,NICARAGUA,6
California,"Orange County, CA",Citizenship,NIGERIA,6
California,"Orange County, CA",Citizenship,JAMAICA,6
California,"Orange County, CA",Citizenship,RUSSIA,5
California,"Orange County, CA",Citizenship,HAITI,5
California,"Orange County, CA",Citizenship,TOGO,4
California,"Orange County, CA",Citizenship,SOUTH KOREA,4
California,"Orange County, CA",Citizenship,PHILIPPINES,4
California,"Orange County, CA",Citizenship,COLOMBIA,4
California,"Orange County, CA",Citizenship,PAKISTAN,4
California,"Orange County, CA",Citizenship,PERU,3
California,"Orange County, CA",Citizenship,SOMALIA,3
California,"Orange County, CA",Citizenship,BELIZE,3
California,"Orange County, CA",Citizenship,UKRAINE,3
California,"Orange County, CA",Citizenship,UGANDA,3
California,"Orange County, CA",Citizenship,SRI LANKA,3
California,"Orange County, CA",Citizenship,VENEZUELA,2
California,"Orange County, CA",Citizenship,SUDAN,2
California,"Orange County, CA",Citizenship,KENYA,2
California,"Orange County, CA",Citizenship,FIJI,2
California,"Orange County, CA",Citizenship,BENIN,2
California,"Orange County, CA",Citizenship,CANADA,2
California,"Orange County, CA",Citizenship,TUNISIA,2
California,"Orange County, CA",Citizenship,IRAQ,2
California,"Orange County, CA",Citizenship,GHANA,2
California,"Orange County, CA",Citizenship,ETHIOPIA,2
California,"Orange County, CA",Citizenship,ALGERIA,2
California,"Orange County, CA",Citizenship,JORDAN,2
California,"Orange County, CA",Citizenship,ECUADOR,2
California,"Orange County, CA",Citizenship,EGYPT,2
California,"Orange County, CA",Citizenship,BANGLADESH,1
California,"Orange County, CA",Citizenship,MONTENEGRO,1
California,"Orange County, CA",Citizenship,ROMANIA,1
California,"Orange County, CA",Citizenship,YEMEN,1
California,"Orange County, CA",Citizenship,LAOS,1
California,"Orange County, CA",Citizenship,INDONESIA,1
California,"Orange County, CA",Citizenship,DEM REP OF THE CONGO,1
California,"Orange County, CA",Citizenship,BRAZIL,1
California,"Orange County, CA",Citizenship,USSR,1
California,"Orange County, CA",Citizenship,THAILAND,1
California,"Orange County, CA",Citizenship,BURKINA FASO,1
California,"Orange County, CA",Citizenship,GAMBIA,1
California,"Orange County, CA",Citizenship,MALI,1
California,"Orange County, CA",Citizenship,GUINEA,1
California,"Orange County, CA",Citizenship,SIERRA LEONE,1
California,"Orange County, CA",Citizenship,AFGHANISTAN,1
California,"Orange County, CA",Citizenship,MOROCCO,1
California,"Orange County, CA",Citizenship,CHILE,1
California,"Orange County, CA",Citizenship,ARGENTINA,1
California,"Orange County, CA",Citizenship,AZERBAIJAN,1
California,"Orange County, CA",Citizenship,UZBEKISTAN,1
California,"Orange County, CA",Citizenship,NAMIBIA,1
California,"Orange County, CA",Age Group,All,761
California,"Orange County, CA",Age Group,Age information witheld by ICE,761
California,"Imperial County, CA",Facility Type,All,674
California,"Imperial County, CA",Facility Type,County Facility,674
California,"Imperial County, CA",Facility Type (Detailed),All,674
California,"Imperial County, CA",Facility Type (Detailed),Dedicated IGSA,674
California,"Imperial County, CA",Facility Operator,All,674
California,"Imperial County, CA",Facility Operator,Management and Training Corporation,674
California,"Imperial County, CA",Facility Owner,All,674
California,"Imperial County, CA",Facility Owner,City or Municipality,674
California,"Imperial County, CA",Entered ICE Custody by Month,All,674
California,"Imperial County, CA",Entered ICE Custody by Month,2018-07,200
California,"Imperial County, CA",Entered ICE Custody by Month,2018-06,106
California,"Imperial County, CA",Entered ICE Custody by Month,2018-05,92
California,"Imperial County, CA",Entered ICE Custody by Month,2018-08,69
California,"Imperial County, CA",Entered ICE Custody by Month,2018-04,58
California,"Imperial County, CA",Entered ICE Custody by Month,2018-03,41
California,"Imperial County, CA",Entered ICE Custody by Month,2018-02,27
California,"Imperial County, CA",Entered ICE Custody by Month,2018-01,25
California,"Imperial County, CA",Entered ICE Custody by Month,2017-12,17
California,"Imperial County, CA",Entered ICE Custody by Month,2017-11,7
California,"Imperial County, CA",Entered ICE Custody by Month,2017-09,6
California,"Imperial County, CA",Entered ICE Custody by Month,2017-10,4
California,"Imperial County, CA",Entered ICE Custody by Month,2017-08,3
California,"Imperial County, CA",Entered ICE Custody by Month,2017-07,3
California,"Imperial County, CA",Entered ICE Custody by Month,2017-06,3
California,"Imperial County, CA",Entered ICE Custody by Month,2017-05,2
California,"Imperial County, CA",Entered ICE Custody by Month,2017-01,2
California,"Imperial County, CA",Entered ICE Custody by Month,2014-02,1
California,"Imperial County, CA",Entered ICE Custody by Month,2015-03,1
California,"Imperial County, CA",Entered ICE Custody by Month,2016-03,1
California,"Imperial County, CA",Entered ICE Custody by Month,2016-07,1
California,"Imperial County, CA",Entered ICE Custody by Month,2016-09,1
California,"Imperial County, CA",Entered ICE Custody by Month,2016-10,1
California,"Imperial County, CA",Entered ICE Custody by Month,2017-02,1
California,"Imperial County, CA",Entered ICE Custody by Month,2017-04,1
California,"Imperial County, CA",Entered ICE Custody by Month,2012-12,1
California,"Imperial County, CA",Time in U.S.,All,674
California,"Imperial County, CA",Time in U.S.,Up to 1 year,539
California,"Imperial County, CA",Time in U.S.,Not Known,68
California,"Imperial County, CA",Time in U.S.,20 years or more,22
California,"Imperial County, CA",Time in U.S.,Between 1 and 2 years,12
California,"Imperial County, CA",Time in U.S.,Between 10 and 15 years,11
California,"Imperial County, CA",Time in U.S.,Between 15 and 20 years,10
California,"Imperial County, CA",Time in U.S.,Between 2 and 3 years,4
California,"Imperial County, CA",Time in U.S.,Between 5 and 6 years,3
California,"Imperial County, CA",Time in U.S.,Between 4 and 5 years,2
California,"Imperial County, CA",Time in U.S.,Between 3 and 4 years,1
California,"Imperial County, CA",Time in U.S.,Between 6 and 7 years,1
California,"Imperial County, CA",Time in U.S.,Between 8 and 9 years,1
California,"Imperial County, CA",Legal Permanent Resident,All,674
California,"Imperial County, CA",Legal Permanent Resident,No,674
California,"Imperial County, CA",Asylum Seeker/Refugee,All,674
California,"Imperial County, CA",Asylum Seeker/Refugee,No,674
California,"Imperial County, CA",Most Serious Criminal Conviction,All,674
California,"Imperial County, CA",Most Serious Criminal Conviction,No Conviction,674
California,"Imperial County, CA",Seriousness Level of MSCC,All,674
California,"Imperial County, CA",Seriousness Level of MSCC,No Conviction,674
California,"Imperial County, CA",Length of Time Since MSCC,All,674
California,"Imperial County, CA",Length of Time Since MSCC,Not Known,674
California,"Imperial County, CA",Gender,All,674
California,"Imperial County, CA",Gender,Male,610
California,"Imperial County, CA",Gender,Female,64
California,"Imperial County, CA",Citizenship,All,674
California,"Imperial County, CA",Citizenship,INDIA,282
California,"Imperial County, CA",Citizenship,HONDURAS,86
California,"Imperial County, CA",Citizenship,GUATEMALA,77
California,"Imperial County, CA",Citizenship,MEXICO,46
California,"Imperial County, CA",Citizenship,EL SALVADOR,44
California,"Imperial County, CA",Citizenship,PAKISTAN,19
California,"Imperial County, CA",Citizenship,NICARAGUA,13
California,"Imperial County, CA",Citizenship,RUSSIA,12
California,"Imperial County, CA",Citizenship,ARMENIA,11
California,"Imperial County, CA",Citizenship,CAMEROON,11
California,"Imperial County, CA",Citizenship,UZBEKISTAN,10
California,"Imperial County, CA",Citizenship,NEPAL,8
California,"Imperial County, CA",Citizenship,SRI LANKA,6
California,"Imperial County, CA",Citizenship,COLOMBIA,5
California,"Imperial County, CA",Citizenship,"CHINA, PEOPLES REPUBLIC OF",4
California,"Imperial County, CA",Citizenship,BANGLADESH,4
California,"Imperial County, CA",Citizenship,ERITREA,4
California,"Imperial County, CA",Citizenship,BRAZIL,3
California,"Imperial County, CA",Citizenship,UKRAINE,3
California,"Imperial County, CA",Citizenship,GHANA,3
California,"Imperial County, CA",Citizenship,AFGHANISTAN,2
California,"Imperial County, CA",Citizenship,CANADA,2
California,"Imperial County, CA",Citizenship,TURKEY,2
California,"Imperial County, CA",Citizenship,CUBA,2
California,"Imperial County, CA",Citizenship,FIJI,2
California,"Imperial County, CA",Citizenship,YEMEN,1
California,"Imperial County, CA",Citizenship,LAOS,1
California,"Imperial County, CA",Citizenship,DEM REP OF THE CONGO,1
California,"Imperial County, CA",Citizenship,IRAQ,1
California,"Imperial County, CA",Citizenship,ROMANIA,1
California,"Imperial County, CA",Citizenship,GUINEA,1
California,"Imperial County, CA",Citizenship,GAMBIA,1
California,"Imperial County, CA",Citizenship,CAMBODIA,1
California,"Imperial County, CA",Citizenship,ECUADOR,1
California,"Imperial County, CA",Citizenship,BELIZE,1
California,"Imperial County, CA",Citizenship,JAPAN,1
California,"Imperial County, CA",Citizenship,HAITI,1
California,"Imperial County, CA",Citizenship,LATVIA,1
California,"Imperial County, CA",Age Group,All,674
California,"Imperial County, CA",Age Group,Age information witheld by ICE,674
California,"Kern County, CA",Facility Type,All,352
California,"Kern County, CA",Facility Type,State Facility,352
California,"Kern County, CA",Facility Type (Detailed),All,352
California,"Kern County, CA",Facility Type (Detailed),Dedicated IGSA,352
California,"Kern County, CA",Facility Operator,All,352
California,"Kern County, CA",Facility Operator,"GEO Group, Inc",352
California,"Kern County, CA",Facility Owner,All,352
California,"Kern County, CA",Facility Owner,City or Municipality,352
California,"Kern County, CA",Entered ICE Custody by Month,All,352
California,"Kern County, CA",Entered ICE Custody by Month,2018-06,69
California,"Kern County, CA",Entered ICE Custody by Month,2018-07,63
California,"Kern County, CA",Entered ICE Custody by Month,2018-05,44
California,"Kern County, CA",Entered ICE Custody by Month,2018-04,37
California,"Kern County, CA",Entered ICE Custody by Month,2018-03,19
California,"Kern County, CA",Entered ICE Custody by Month,2017-10,17
California,"Kern County, CA",Entered ICE Custody by Month,2017-12,17
California,"Kern County, CA",Entered ICE Custody by Month,2018-02,13
California,"Kern County, CA",Entered ICE Custody by Month,2018-01,12
California,"Kern County, CA",Entered ICE Custody by Month,2017-11,11
California,"Kern County, CA",Entered ICE Custody by Month,2018-08,11
California,"Kern County, CA",Entered ICE Custody by Month,2017-05,6
California,"Kern County, CA",Entered ICE Custody by Month,2017-02,4
California,"Kern County, CA",Entered ICE Custody by Month,2017-09,4
California,"Kern County, CA",Entered ICE Custody by Month,2017-08,4
California,"Kern County, CA",Entered ICE Custody by Month,2017-07,3
California,"Kern County, CA",Entered ICE Custody by Month,2016-05,3
California,"Kern County, CA",Entered ICE Custody by Month,2017-06,3
California,"Kern County, CA",Entered ICE Custody by Month,2017-03,2
California,"Kern County, CA",Entered ICE Custody by Month,2016-07,2
California,"Kern County, CA",Entered ICE Custody by Month,2013-12,1
California,"Kern County, CA",Entered ICE Custody by Month,2015-11,1
California,"Kern County, CA",Entered ICE Custody by Month,2015-12,1
California,"Kern County, CA",Entered ICE Custody by Month,2016-01,1
California,"Kern County, CA",Entered ICE Custody by Month,2016-04,1
California,"Kern County, CA",Entered ICE Custody by Month,2016-06,1
California,"Kern County, CA",Entered ICE Custody by Month,2016-11,1
California,"Kern County, CA",Entered ICE Custody by Month,2013-10,1
California,"Kern County, CA",Time in U.S.,All,352
California,"Kern County, CA",Time in U.S.,Not Known,120
California,"Kern County, CA",Time in U.S.,Up to 1 year,108
California,"Kern County, CA",Time in U.S.,20 years or more,54
California,"Kern County, CA",Time in U.S.,Between 15 and 20 years,15
California,"Kern County, CA",Time in U.S.,Between 10 and 15 years,14
California,"Kern County, CA",Time in U.S.,Between 1 and 2 years,11
California,"Kern County, CA",Time in U.S.,Between 3 and 4 years,7
California,"Kern County, CA",Time in U.S.,Between 9 and 10 years,5
California,"Kern County, CA",Time in U.S.,Between 2 and 3 years,5
California,"Kern County, CA",Time in U.S.,Between 4 and 5 years,4
California,"Kern County, CA",Time in U.S.,Between 5 and 6 years,4
California,"Kern County, CA",Time in U.S.,Between 6 and 7 years,2
California,"Kern County, CA",Time in U.S.,Between 7 and 8 years,2
California,"Kern County, CA",Time in U.S.,Between 8 and 9 years,1
California,"Kern County, CA",Legal Permanent Resident,All,352
California,"Kern County, CA",Legal Permanent Resident,No,352
California,"Kern County, CA",Asylum Seeker/Refugee,All,352
California,"Kern County, CA",Asylum Seeker/Refugee,No,352
California,"Kern County, CA",Most Serious Criminal Conviction,All,352
California,"Kern County, CA",Most Serious Criminal Conviction,No Conviction,352
California,"Kern County, CA",Seriousness Level of MSCC,All,352
California,"Kern County, CA",Seriousness Level of MSCC,No Conviction,352
California,"Kern County, CA",Length of Time Since MSCC,All,352
California,"Kern County, CA",Length of Time Since MSCC,Not Known,352
California,"Kern County, CA",Gender,All,352
California,"Kern County, CA",Gender,Male,274
California,"Kern County, CA",Gender,Female,78
California,"Kern County, CA",Citizenship,All,352
California,"Kern County, CA",Citizenship,MEXICO,146
California,"Kern County, CA",Citizenship,EL SALVADOR,34
California,"Kern County, CA",Citizenship,INDIA,27
California,"Kern County, CA",Citizenship,"CHINA, PEOPLES REPUBLIC OF",25
California,"Kern County, CA",Citizenship,HONDURAS,23
California,"Kern County, CA",Citizenship,GUATEMALA,23
California,"Kern County, CA",Citizenship,VIETNAM,8
California,"Kern County, CA",Citizenship,CAMEROON,7
California,"Kern County, CA",Citizenship,NICARAGUA,5
California,"Kern County, CA",Citizenship,PAKISTAN,3
California,"Kern County, CA",Citizenship,ECUADOR,3
California,"Kern County, CA",Citizenship,ARMENIA,3
California,"Kern County, CA",Citizenship,FIJI,3
California,"Kern County, CA",Citizenship,CANADA,2
California,"Kern County, CA",Citizenship,IRAN,2
California,"Kern County, CA",Citizenship,BELIZE,2
California,"Kern County, CA",Citizenship,TAIWAN,2
California,"Kern County, CA",Citizenship,FRANCE,2
California,"Kern County, CA",Citizenship,PORTUGAL,2
California,"Kern County, CA",Citizenship,JAMAICA,2
California,"Kern County, CA",Citizenship,CAMBODIA,2
California,"Kern County, CA",Citizenship,PHILIPPINES,2
California,"Kern County, CA",Citizenship,PERU,2
California,"Kern County, CA",Citizenship,ERITREA,1
California,"Kern County, CA",Citizenship,THAILAND,1
California,"Kern County, CA",Citizenship,TURKEY,1
California,"Kern County, CA",Citizenship,KAZAKHSTAN,1
California,"Kern County, CA",Citizenship,HONG KONG,1
California,"Kern County, CA",Citizenship,SUDAN,1
California,"Kern County, CA",Citizenship,MONGOLIA,1
California,"Kern County, CA",Citizenship,LAOS,1
California,"Kern County, CA",Citizenship,NEW ZEALAND,1
California,"Kern County, CA",Citizenship,BURKINA FASO,1
California,"Kern County, CA",Citizenship,UZBEKISTAN,1
California,"Kern County, CA",Citizenship,COLOMBIA,1
California,"Kern County, CA",Citizenship,GHANA,1
California,"Kern County, CA",Citizenship,UNITED KINGDOM,1
California,"Kern County, CA",Citizenship,TOGO,1
California,"Kern County, CA",Citizenship,SOUTH KOREA,1
California,"Kern County, CA",Citizenship,NEPAL,1
California,"Kern County, CA",Citizenship,GEORGIA,1
California,"Kern County, CA",Citizenship,ALBANIA,1
California,"Kern County, CA",Citizenship,AFGHANISTAN,1
California,"Kern County, CA",Citizenship,JORDAN,1
California,"Kern County, CA",Citizenship,UNITED ARAB EMIRATES,1
California,"Kern County, CA",Age Group,All,352
California,"Kern County, CA",Age Group,Age information witheld by ICE,352
California,"Yuba County, CA",Facility Type,All,194
California,"Yuba County, CA",Facility Type,County Facility,194
California,"Yuba County, CA",Facility Type (Detailed),All,194
California,"Yuba County, CA",Facility Type (Detailed),Intergovernmental Service Agreement: a facility operated by state/local govt,194
California,"Yuba County, CA",Facility Operator,All,194
California,"Yuba County, CA",Facility Operator,County Sheriff Department,194
California,"Yuba County, CA",Facility Owner,All,194
California,"Yuba County, CA",Facility Owner,County,194
California,"Yuba County, CA",Entered ICE Custody by Month,All,194
California,"Yuba County, CA",Entered ICE Custody by Month,2018-07,35
California,"Yuba County, CA",Entered ICE Custody by Month,2018-06,25
California,"Yuba County, CA",Entered ICE Custody by Month,2018-05,25
California,"Yuba County, CA",Entered ICE Custody by Month,2018-04,22
California,"Yuba County, CA",Entered ICE Custody by Month,2018-08,15
California,"Yuba County, CA",Entered ICE Custody by Month,2017-12,13
California,"Yuba County, CA",Entered ICE Custody by Month,2018-03,11
California,"Yuba County, CA",Entered ICE Custody by Month,2018-02,10
California,"Yuba County, CA",Entered ICE Custody by Month,2018-01,9
California,"Yuba County, CA",Entered ICE Custody by Month,2017-10,8
California,"Yuba County, CA",Entered ICE Custody by Month,2017-11,7
California,"Yuba County, CA",Entered ICE Custody by Month,2017-06,4
California,"Yuba County, CA",Entered ICE Custody by Month,2017-09,3
California,"Yuba County, CA",Entered ICE Custody by Month,2017-08,2
California,"Yuba County, CA",Entered ICE Custody by Month,2017-07,1
California,"Yuba County, CA",Entered ICE Custody by Month,2017-05,1
California,"Yuba County, CA",Entered ICE Custody by Month,2017-03,1
California,"Yuba County, CA",Entered ICE Custody by Month,2017-01,1
California,"Yuba County, CA",Entered ICE Custody by Month,2016-06,1
California,"Yuba County, CA",Time in U.S.,All,194
California,"Yuba County, CA",Time in U.S.,Not Known,112
California,"Yuba County, CA",Time in U.S.,20 years or more,31
California,"Yuba County, CA",Time in U.S.,Between 15 and 20 years,13
California,"Yuba County, CA",Time in U.S.,Up to 1 year,9
California,"Yuba County, CA",Time in U.S.,Between 3 and 4 years,6
California,"Yuba County, CA",Time in U.S.,Between 5 and 6 years,4
California,"Yuba County, CA",Time in U.S.,Between 2 and 3 years,4
California,"Yuba County, CA",Time in U.S.,Between 9 and 10 years,3
California,"Yuba County, CA",Time in U.S.,Between 7 and 8 years,3
California,"Yuba County, CA",Time in U.S.,Between 10 and 15 years,3
California,"Yuba County, CA",Time in U.S.,Between 1 and 2 years,2
California,"Yuba County, CA",Time in U.S.,Between 8 and 9 years,2
California,"Yuba County, CA",Time in U.S.,Between 4 and 5 years,2
California,"Yuba County, CA",Legal Permanent Resident,All,194
California,"Yuba County, CA",Legal Permanent Resident,No,194
California,"Yuba County, CA",Asylum Seeker/Refugee,All,194
California,"Yuba County, CA",Asylum Seeker/Refugee,No,194
California,"Yuba County, CA",Most Serious Criminal Conviction,All,194
California,"Yuba County, CA",Most Serious Criminal Conviction,No Conviction,194
California,"Yuba County, CA",Seriousness Level of MSCC,All,194
California,"Yuba County, CA",Seriousness Level of MSCC,No Conviction,194
California,"Yuba County, CA",Length of Time Since MSCC,All,194
California,"Yuba County, CA",Length of Time Since MSCC,Not Known,194
California,"Yuba County, CA",Gender,All,194
California,"Yuba County, CA",Gender,Male,181
California,"Yuba County, CA",Gender,Female,13
California,"Yuba County, CA",Citizenship,All,194
California,"Yuba County, CA",Citizenship,MEXICO,103
California,"Yuba County, CA",Citizenship,EL SALVADOR,32
California,"Yuba County, CA",Citizenship,GUATEMALA,16
California,"Yuba County, CA",Citizenship,HONDURAS,10
California,"Yuba County, CA",Citizenship,NICARAGUA,4
California,"Yuba County, CA",Citizenship,"CHINA, PEOPLES REPUBLIC OF",4
California,"Yuba County, CA",Citizenship,PHILIPPINES,4
California,"Yuba County, CA",Citizenship,INDIA,3
California,"Yuba County, CA",Citizenship,CAMBODIA,2
California,"Yuba County, CA",Citizenship,VIETNAM,2
California,"Yuba County, CA",Citizenship,EGYPT,2
California,"Yuba County, CA",Citizenship,LAOS,1
California,"Yuba County, CA",Citizenship,PORTUGAL,1
California,"Yuba County, CA",Citizenship,SOUTH KOREA,1
California,"Yuba County, CA",Citizenship,ARMENIA,1
California,"Yuba County, CA",Citizenship,PAKISTAN,1
California,"Yuba County, CA",Citizenship,CAMEROON,1
California,"Yuba County, CA",Citizenship,JAPAN,1
California,"Yuba County, CA",Citizenship,PERU,1
California,"Yuba County, CA",Citizenship,SOMALIA,1
California,"Yuba County, CA",Citizenship,JORDAN,1
California,"Yuba County, CA",Citizenship,BRAZIL,1
California,"Yuba County, CA",Citizenship,ESTONIA,1
California,"Yuba County, CA",Age Group,All,194
California,"Yuba County, CA",Age Group,Age information witheld by ICE,194
California,"Contra Costa County, CA",Facility Type,All,108
California,"Contra Costa County, CA",Facility Type,County Facility,108
California,"Contra Costa County, CA",Facility Type (Detailed),All,108
California,"Contra Costa County, CA",Facility Type (Detailed),Intergovernment agreement with USMS which ICE utilizes,108
California,"Contra Costa County, CA",Facility Operator,All,108
California,"Contra Costa County, CA",Facility Operator,County Sheriff Department,108
California,"Contra Costa County, CA",Facility Owner,All,108
California,"Contra Costa County, CA",Facility Owner,County,108
California,"Contra Costa County, CA",Entered ICE Custody by Month,All,108
California,"Contra Costa County, CA",Entered ICE Custody by Month,2018-06,25
California,"Contra Costa County, CA",Entered ICE Custody by Month,2018-05,18
California,"Contra Costa County, CA",Entered ICE Custody by Month,2018-04,15
California,"Contra Costa County, CA",Entered ICE Custody by Month,2018-07,12
California,"Contra Costa County, CA",Entered ICE Custody by Month,2018-08,8
California,"Contra Costa County, CA",Entered ICE Custody by Month,2017-10,5
California,"Contra Costa County, CA",Entered ICE Custody by Month,2017-11,5
California,"Contra Costa County, CA",Entered ICE Custody by Month,2017-12,4
California,"Contra Costa County, CA",Entered ICE Custody by Month,2018-03,4
California,"Contra Costa County, CA",Entered ICE Custody by Month,2018-01,3
California,"Contra Costa County, CA",Entered ICE Custody by Month,2017-09,2
California,"Contra Costa County, CA",Entered ICE Custody by Month,2017-08,2
California,"Contra Costa County, CA",Entered ICE Custody by Month,2017-03,2
California,"Contra Costa County, CA",Entered ICE Custody by Month,2018-02,1
California,"Contra Costa County, CA",Entered ICE Custody by Month,2017-07,1
California,"Contra Costa County, CA",Entered ICE Custody by Month,2017-06,1
California,"Contra Costa County, CA",Time in U.S.,All,108
California,"Contra Costa County, CA",Time in U.S.,Not Known,52
California,"Contra Costa County, CA",Time in U.S.,Up to 1 year,33
California,"Contra Costa County, CA",Time in U.S.,Between 10 and 15 years,5
California,"Contra Costa County, CA",Time in U.S.,Between 1 and 2 years,4
California,"Contra Costa County, CA",Time in U.S.,20 years or more,3
California,"Contra Costa County, CA",Time in U.S.,Between 15 and 20 years,3
California,"Contra Costa County, CA",Time in U.S.,Between 2 and 3 years,3
California,"Contra Costa County, CA",Time in U.S.,Between 3 and 4 years,2
California,"Contra Costa County, CA",Time in U.S.,Between 5 and 6 years,1
California,"Contra Costa County, CA",Time in U.S.,Between 8 and 9 years,1
California,"Contra Costa County, CA",Time in U.S.,Between 7 and 8 years,1
California,"Contra Costa County, CA",Legal Permanent Resident,All,108
California,"Contra Costa County, CA",Legal Permanent Resident,No,108
California,"Contra Costa County, CA",Asylum Seeker/Refugee,All,108
California,"Contra Costa County, CA",Asylum Seeker/Refugee,No,108
California,"Contra Costa County, CA",Most Serious Criminal Conviction,All,108
California,"Contra Costa County, CA",Most Serious Criminal Conviction,No Conviction,108
California,"Contra Costa County, CA",Seriousness Level of MSCC,All,108
California,"Contra Costa County, CA",Seriousness Level of MSCC,No Conviction,108
California,"Contra Costa County, CA",Length of Time Since MSCC,All,108
California,"Contra Costa County, CA",Length of Time Since MSCC,Not Known,108
California,"Contra Costa County, CA",Gender,All,108
California,"Contra Costa County, CA",Gender,Male,89
California,"Contra Costa County, CA",Gender,Female,19
California,"Contra Costa County, CA",Citizenship,All,108
California,"Contra Costa County, CA",Citizenship,MEXICO,52
California,"Contra Costa County, CA",Citizenship,EL SALVADOR,12
California,"Contra Costa County, CA",Citizenship,GUATEMALA,11
California,"Contra Costa County, CA",Citizenship,HONDURAS,8
California,"Contra Costa County, CA",Citizenship,INDIA,5
California,"Contra Costa County, CA",Citizenship,CAMEROON,3
California,"Contra Costa County, CA",Citizenship,RUSSIA,2
California,"Contra Costa County, CA",Citizenship,ERITREA,2
California,"Contra Costa County, CA",Citizenship,LEBANON,1
California,"Contra Costa County, CA",Citizenship,TURKEY,1
California,"Contra Costa County, CA",Citizenship,FIJI,1
California,"Contra Costa County, CA",Citizenship,JAMAICA,1
California,"Contra Costa County, CA",Citizenship,YUGOSLAVIA,1
California,"Contra Costa County, CA",Citizenship,GUINEA,1
California,"Contra Costa County, CA",Citizenship,VIETNAM,1
California,"Contra Costa County, CA",Citizenship,BANGLADESH,1
California,"Contra Costa County, CA",Citizenship,PHILIPPINES,1
California,"Contra Costa County, CA",Citizenship,TUNISIA,1
California,"Contra Costa County, CA",Citizenship,SOMALIA,1
California,"Contra Costa County, CA",Citizenship,GHANA,1
California,"Contra Costa County, CA",Citizenship,KAZAKHSTAN,1
California,"Contra Costa County, CA",Age Group,All,108
California,"Contra Costa County, CA",Age Group,Age information witheld by ICE,108
California,"Los Angeles County, CA",Facility Type,All,4
California,"Los Angeles County, CA",Facility Type,INS Facility,3
California,"Los Angeles County, CA",Facility Type,Other Facility Type,1
California,"Los Angeles County, CA",Facility Type (Detailed),All,4
California,"Los Angeles County, CA",Facility Type (Detailed),Hold: a holding facility,3
California,"Los Angeles County, CA",Facility Type (Detailed),Hospital: a medical facility,1
California,"Los Angeles County, CA",Facility Operator,All,4
California,"Los Angeles County, CA",Facility Operator,Federal,3
California,"Los Angeles County, CA",Facility Operator,Hospital,1
California,"Los Angeles County, CA",Facility Owner,All,4
California,"Los Angeles County, CA",Facility Owner,Not defined,4
California,"Los Angeles County, CA",Entered ICE Custody by Month,All,4
California,"Los Angeles County, CA",Entered ICE Custody by Month,2018-08,3
California,"Los Angeles County, CA",Entered ICE Custody by Month,2018-07,1
California,"Los Angeles County, CA",Time in U.S.,All,4
California,"Los Angeles County, CA",Time in U.S.,Not Known,4
California,"Los Angeles County, CA",Legal Permanent Resident,All,4
California,"Los Angeles County, CA",Legal Permanent Resident,No,4
California,"Los Angeles County, CA",Asylum Seeker/Refugee,All,4
California,"Los Angeles County, CA",Asylum Seeker/Refugee,No,4
California,"Los Angeles County, CA",Most Serious Criminal Conviction,All,4
California,"Los Angeles County, CA",Most Serious Criminal Conviction,No Conviction,4
California,"Los Angeles County, CA",Seriousness Level of MSCC,All,4
California,"Los Angeles County, CA",Seriousness Level of MSCC,No Conviction,4
California,"Los Angeles County, CA",Length of Time Since MSCC,All,4
California,"Los Angeles County, CA",Length of Time Since MSCC,Not Known,4
California,"Los Angeles County, CA",Gender,All,4
California,"Los Angeles County, CA",Gender,Male,4
California,"Los Angeles County, CA",Citizenship,All,4
California,"Los Angeles County, CA",Citizenship,MEXICO,4
California,"Los Angeles County, CA",Age Group,All,4
California,"Los Angeles County, CA",Age Group,Age information witheld by ICE,4
Georgia,"Stewart County, GA",Facility Type,All,1822
Georgia,"Stewart County, GA",Facility Type,County Facility,1822
Georgia,"Stewart County, GA",Facility Type (Detailed),All,1822
Georgia,"Stewart County, GA",Facility Type (Detailed),Dedicated IGSA,1822
Georgia,"Stewart County, GA",Facility Operator,All,1822
Georgia,"Stewart County, GA",Facility Operator,CORECIVIC,1822
Georgia,"Stewart County, GA",Facility Owner,All,1822
Georgia,"Stewart County, GA",Facility Owner,County,1822
Georgia,"Stewart County, GA",Entered ICE Custody by Month,All,1822
Georgia,"Stewart County, GA",Entered ICE Custody by Month,2018-07,626
Georgia,"Stewart County, GA",Entered ICE Custody by Month,2018-05,303
Georgia,"Stewart County, GA",Entered ICE Custody by Month,2018-06,294
Georgia,"Stewart County, GA",Entered ICE Custody by Month,2018-04,134
Georgia,"Stewart County, GA",Entered ICE Custody by Month,2018-08,103
Georgia,"Stewart County, GA",Entered ICE Custody by Month,2017-12,68
Georgia,"Stewart County, GA",Entered ICE Custody by Month,2018-03,59
Georgia,"Stewart County, GA",Entered ICE Custody by Month,2017-11,52
Georgia,"Stewart County, GA",Entered ICE Custody by Month,2018-02,42
Georgia,"Stewart County, GA",Entered ICE Custody by Month,2018-01,37
Georgia,"Stewart County, GA",Entered ICE Custody by Month,2017-10,21
Georgia,"Stewart County, GA",Entered ICE Custody by Month,2017-09,11
Georgia,"Stewart County, GA",Entered ICE Custody by Month,2016-07,9
Georgia,"Stewart County, GA",Entered ICE Custody by Month,2017-08,7
Georgia,"Stewart County, GA",Entered ICE Custody by Month,2017-06,7
Georgia,"Stewart County, GA",Entered ICE Custody by Month,2017-02,7
Georgia,"Stewart County, GA",Entered ICE Custody by Month,2017-01,7
Georgia,"Stewart County, GA",Entered ICE Custody by Month,2017-04,6
Georgia,"Stewart County, GA",Entered ICE Custody by Month,2016-11,5
Georgia,"Stewart County, GA",Entered ICE Custody by Month,2016-10,3
Georgia,"Stewart County, GA",Entered ICE Custody by Month,2017-05,3
Georgia,"Stewart County, GA",Entered ICE Custody by Month,2017-07,3
Georgia,"Stewart County, GA",Entered ICE Custody by Month,2016-01,3
Georgia,"Stewart County, GA",Entered ICE Custody by Month,2017-03,2
Georgia,"Stewart County, GA",Entered ICE Custody by Month,2016-09,2
Georgia,"Stewart County, GA",Entered ICE Custody by Month,2016-06,2
Georgia,"Stewart County, GA",Entered ICE Custody by Month,2016-05,2
Georgia,"Stewart County, GA",Entered ICE Custody by Month,2016-02,2
Georgia,"Stewart County, GA",Entered ICE Custody by Month,2016-12,1
Georgia,"Stewart County, GA",Entered ICE Custody by Month,2016-08,1
Georgia,"Stewart County, GA",Time in U.S.,All,1822
Georgia,"Stewart County, GA",Time in U.S.,Not Known,951
Georgia,"Stewart County, GA",Time in U.S.,Up to 1 year,426
Georgia,"Stewart County, GA",Time in U.S.,20 years or more,89
Georgia,"Stewart County, GA",Time in U.S.,Between 10 and 15 years,70
Georgia,"Stewart County, GA",Time in U.S.,Between 15 and 20 years,56
Georgia,"Stewart County, GA",Time in U.S.,Between 1 and 2 years,55
Georgia,"Stewart County, GA",Time in U.S.,Between 2 and 3 years,49
Georgia,"Stewart County, GA",Time in U.S.,Between 3 and 4 years,39
Georgia,"Stewart County, GA",Time in U.S.,Between 4 and 5 years,33
Georgia,"Stewart County, GA",Time in U.S.,Between 5 and 6 years,13
Georgia,"Stewart County, GA",Time in U.S.,Between 6 and 7 years,12
Georgia,"Stewart County, GA",Time in U.S.,Between 9 and 10 years,10
Georgia,"Stewart County, GA",Time in U.S.,Between 8 and 9 years,10
Georgia,"Stewart County, GA",Time in U.S.,Between 7 and 8 years,9
Georgia,"Stewart County, GA",Legal Permanent Resident,All,1822
Georgia,"Stewart County, GA",Legal Permanent Resident,No,1822
Georgia,"Stewart County, GA",Asylum Seeker/Refugee,All,1822
Georgia,"Stewart County, GA",Asylum Seeker/Refugee,No,1822
Georgia,"Stewart County, GA",Most Serious Criminal Conviction,All,1822
Georgia,"Stewart County, GA",Most Serious Criminal Conviction,No Conviction,1822
Georgia,"Stewart County, GA",Seriousness Level of MSCC,All,1822
Georgia,"Stewart County, GA",Seriousness Level of MSCC,No Conviction,1822
Georgia,"Stewart County, GA",Length of Time Since MSCC,All,1822
Georgia,"Stewart County, GA",Length of Time Since MSCC,Not Known,1822
Georgia,"Stewart County, GA",Gender,All,1822
Georgia,"Stewart County, GA",Gender,Male,1822
Georgia,"Stewart County, GA",Citizenship,All,1822
Georgia,"Stewart County, GA",Citizenship,MEXICO,696
Georgia,"Stewart County, GA",Citizenship,HONDURAS,249
Georgia,"Stewart County, GA",Citizenship,GUATEMALA,241
Georgia,"Stewart County, GA",Citizenship,EL SALVADOR,152
Georgia,"Stewart County, GA",Citizenship,INDIA,105
Georgia,"Stewart County, GA",Citizenship,CUBA,35
Georgia,"Stewart County, GA",Citizenship,JAMAICA,23
Georgia,"Stewart County, GA",Citizenship,NICARAGUA,20
Georgia,"Stewart County, GA",Citizenship,COLOMBIA,20
Georgia,"Stewart County, GA",Citizenship,ECUADOR,19
Georgia,"Stewart County, GA",Citizenship,BRAZIL,16
Georgia,"Stewart County, GA",Citizenship,NEPAL,14
Georgia,"Stewart County, GA",Citizenship,VIETNAM,14
Georgia,"Stewart County, GA",Citizenship,"CHINA, PEOPLES REPUBLIC OF",13
Georgia,"Stewart County, GA",Citizenship,HAITI,12
Georgia,"Stewart County, GA",Citizenship,DOMINICAN REPUBLIC,11
Georgia,"Stewart County, GA",Citizenship,GHANA,10
Georgia,"Stewart County, GA",Citizenship,PAKISTAN,9
Georgia,"Stewart County, GA",Citizenship,NIGERIA,9
Georgia,"Stewart County, GA",Citizenship,LIBERIA,8
Georgia,"Stewart County, GA",Citizenship,GAMBIA,7
Georgia,"Stewart County, GA",Citizenship,ROMANIA,6
Georgia,"Stewart County, GA",Citizenship,PERU,5
Georgia,"Stewart County, GA",Citizenship,JORDAN,5
Georgia,"Stewart County, GA",Citizenship,CANADA,5
Georgia,"Stewart County, GA",Citizenship,DEM REP OF THE CONGO,4
Georgia,"Stewart County, GA",Citizenship,SENEGAL,4
Georgia,"Stewart County, GA",Citizenship,KENYA,4
Georgia,"Stewart County, GA",Citizenship,BANGLADESH,4
Georgia,"Stewart County, GA",Citizenship,SIERRA LEONE,4
Georgia,"Stewart County, GA",Citizenship,GUINEA,4
Georgia,"Stewart County, GA",Citizenship,SOMALIA,4
Georgia,"Stewart County, GA",Citizenship,PHILIPPINES,4
Georgia,"Stewart County, GA",Citizenship,GUYANA,4
Georgia,"Stewart County, GA",Citizenship,DOMINICA,3
Georgia,"Stewart County, GA",Citizenship,NIGER,3
Georgia,"Stewart County, GA",Citizenship,VENEZUELA,3
Georgia,"Stewart County, GA",Citizenship,IVORY COAST,2
Georgia,"Stewart County, GA",Citizenship,ITALY,2
Georgia,"Stewart County, GA",Citizenship,BAHAMAS,2
Georgia,"Stewart County, GA",Citizenship,TURKEY,2
Georgia,"Stewart County, GA",Citizenship,GEORGIA,2
Georgia,"Stewart County, GA",Citizenship,IRAQ,2
Georgia,"Stewart County, GA",Citizenship,BURMA,2
Georgia,"Stewart County, GA",Citizenship,ST. LUCIA,2
Georgia,"Stewart County, GA",Citizenship,ST. VINCENT-GRENADINES,2
Georgia,"Stewart County, GA",Citizenship,CAMBODIA,2
Georgia,"Stewart County, GA",Citizenship,RUSSIA,2
Georgia,"Stewart County, GA",Citizenship,SPAIN,2
Georgia,"Stewart County, GA",Citizenship,MOROCCO,2
Georgia,"Stewart County, GA",Citizenship,ETHIOPIA,2
Georgia,"Stewart County, GA",Citizenship,SAUDI ARABIA,2
Georgia,"Stewart County, GA",Citizenship,SOUTH AFRICA,2
Georgia,"Stewart County, GA",Citizenship,UNITED KINGDOM,2
Georgia,"Stewart County, GA",Citizenship,MALI,2
Georgia,"Stewart County, GA",Citizenship,TRINIDAD AND TOBAGO,2
Georgia,"Stewart County, GA",Citizenship,TANZANIA,1
Georgia,"Stewart County, GA",Citizenship,CZECH REPUBLIC,1
Georgia,"Stewart County, GA",Citizenship,SRI LANKA,1
Georgia,"Stewart County, GA",Citizenship,URUGUAY,1
Georgia,"Stewart County, GA",Citizenship,GUADELOUPE,1
Georgia,"Stewart County, GA",Citizenship,SUDAN,1
Georgia,"Stewart County, GA",Citizenship,BENIN,1
Georgia,"Stewart County, GA",Citizenship,BULGARIA,1
Georgia,"Stewart County, GA",Citizenship,USSR,1
Georgia,"Stewart County, GA",Citizenship,UGANDA,1
Georgia,"Stewart County, GA",Citizenship,YEMEN,1
Georgia,"Stewart County, GA",Citizenship,LAOS,1
Georgia,"Stewart County, GA",Citizenship,ARMENIA,1
Georgia,"Stewart County, GA",Citizenship,INDONESIA,1
Georgia,"Stewart County, GA",Citizenship,BURKINA FASO,1
Georgia,"Stewart County, GA",Citizenship,ISRAEL,1
Georgia,"Stewart County, GA",Citizenship,ALGERIA,1
Georgia,"Stewart County, GA",Citizenship,TUNISIA,1
Georgia,"Stewart County, GA",Citizenship,ERITREA,1
Georgia,"Stewart County, GA",Citizenship,ZIMBABWE,1
Georgia,"Stewart County, GA",Citizenship,BELIZE,1
Georgia,"Stewart County, GA",Citizenship,UKRAINE,1
Georgia,"Stewart County, GA",Citizenship,ARGENTINA,1
Georgia,"Stewart County, GA",Citizenship,PANAMA,1
Georgia,"Stewart County, GA",Citizenship,GERMANY,1
Georgia,"Stewart County, GA",Citizenship,COSTA RICA,1
Georgia,"Stewart County, GA",Citizenship,CONGO,1
Georgia,"Stewart County, GA",Citizenship,RWANDA,1
Georgia,"Stewart County, GA",Citizenship,SURINAME,1
Georgia,"Stewart County, GA",Citizenship,CHILE,1
Georgia,"Stewart County, GA",Citizenship,EGYPT,1
Georgia,"Stewart County, GA",Citizenship,LEBANON,1
Georgia,"Stewart County, GA",Citizenship,THAILAND,1
Georgia,"Stewart County, GA",Citizenship,ANGOLA,1
Georgia,"Stewart County, GA",Citizenship,KOREA,1
Georgia,"Stewart County, GA",Age Group,All,1822
Georgia,"Stewart County, GA",Age Group,Age information witheld by ICE,1822
Georgia,"Irwin County, GA",Facility Type,All,822
Georgia,"Irwin County, GA",Facility Type,County Facility,822
Georgia,"Irwin County, GA",Facility Type (Detailed),All,822
Georgia,"Irwin County, GA",Facility Type (Detailed),Intergovernment agreement with USMS which ICE utilizes,822
Georgia,"Irwin County, GA",Facility Operator,All,822
Georgia,"Irwin County, GA",Facility Operator,"LaSalle Management Company, LLC",822
Georgia,"Irwin County, GA",Facility Owner,All,822
Georgia,"Irwin County, GA",Facility Owner,County,822
Georgia,"Irwin County, GA",Entered ICE Custody by Month,All,822
Georgia,"Irwin County, GA",Entered ICE Custody by Month,2018-07,236
Georgia,"Irwin County, GA",Entered ICE Custody by Month,2018-06,178
Georgia,"Irwin County, GA",Entered ICE Custody by Month,2018-05,94
Georgia,"Irwin County, GA",Entered ICE Custody by Month,2018-08,64
Georgia,"Irwin County, GA",Entered ICE Custody by Month,2018-03,63
Georgia,"Irwin County, GA",Entered ICE Custody by Month,2018-04,55
Georgia,"Irwin County, GA",Entered ICE Custody by Month,2018-01,28
Georgia,"Irwin County, GA",Entered ICE Custody by Month,2018-02,23
Georgia,"Irwin County, GA",Entered ICE Custody by Month,2017-11,15
Georgia,"Irwin County, GA",Entered ICE Custody by Month,2017-12,14
Georgia,"Irwin County, GA",Entered ICE Custody by Month,2017-10,10
Georgia,"Irwin County, GA",Entered ICE Custody by Month,2017-05,8
Georgia,"Irwin County, GA",Entered ICE Custody by Month,2017-07,7
Georgia,"Irwin County, GA",Entered ICE Custody by Month,2017-08,5
Georgia,"Irwin County, GA",Entered ICE Custody by Month,2017-06,3
Georgia,"Irwin County, GA",Entered ICE Custody by Month,2017-09,3
Georgia,"Irwin County, GA",Entered ICE Custody by Month,2017-04,3
Georgia,"Irwin County, GA",Entered ICE Custody by Month,2016-11,2
Georgia,"Irwin County, GA",Entered ICE Custody by Month,2016-12,2
Georgia,"Irwin County, GA",Entered ICE Custody by Month,2017-03,2
Georgia,"Irwin County, GA",Entered ICE Custody by Month,2017-01,1
Georgia,"Irwin County, GA",Entered ICE Custody by Month,2017-02,1
Georgia,"Irwin County, GA",Entered ICE Custody by Month,2016-09,1
Georgia,"Irwin County, GA",Entered ICE Custody by Month,2016-08,1
Georgia,"Irwin County, GA",Entered ICE Custody by Month,2016-07,1
Georgia,"Irwin County, GA",Entered ICE Custody by Month,2015-11,1
Georgia,"Irwin County, GA",Entered ICE Custody by Month,2013-11,1
Georgia,"Irwin County, GA",Time in U.S.,All,822
Georgia,"Irwin County, GA",Time in U.S.,Not Known,409
Georgia,"Irwin County, GA",Time in U.S.,Up to 1 year,95
Georgia,"Irwin County, GA",Time in U.S.,20 years or more,57
Georgia,"Irwin County, GA",Time in U.S.,Between 15 and 20 years,56
Georgia,"Irwin County, GA",Time in U.S.,Between 10 and 15 years,55
Georgia,"Irwin County, GA",Time in U.S.,Between 1 and 2 years,28
Georgia,"Irwin County, GA",Time in U.S.,Between 2 and 3 years,26
Georgia,"Irwin County, GA",Time in U.S.,Between 3 and 4 years,25
Georgia,"Irwin County, GA",Time in U.S.,Between 4 and 5 years,24
Georgia,"Irwin County, GA",Time in U.S.,Between 6 and 7 years,15
Georgia,"Irwin County, GA",Time in U.S.,Between 5 and 6 years,10
Georgia,"Irwin County, GA",Time in U.S.,Between 7 and 8 years,8
Georgia,"Irwin County, GA",Time in U.S.,Between 9 and 10 years,7
Georgia,"Irwin County, GA",Time in U.S.,Between 8 and 9 years,7
Georgia,"Irwin County, GA",Legal Permanent Resident,All,822
Georgia,"Irwin County, GA",Legal Permanent Resident,No,822
Georgia,"Irwin County, GA",Asylum Seeker/Refugee,All,822
Georgia,"Irwin County, GA",Asylum Seeker/Refugee,No,822
Georgia,"Irwin County, GA",Most Serious Criminal Conviction,All,822
Georgia,"Irwin County, GA",Most Serious Criminal Conviction,No Conviction,822
Georgia,"Irwin County, GA",Seriousness Level of MSCC,All,822
Georgia,"Irwin County, GA",Seriousness Level of MSCC,No Conviction,822
Georgia,"Irwin County, GA",Length of Time Since MSCC,All,822
Georgia,"Irwin County, GA",Length of Time Since MSCC,Not Known,822
Georgia,"Irwin County, GA",Gender,All,822
Georgia,"Irwin County, GA",Gender,Male,610
Georgia,"Irwin County, GA",Gender,Female,212
Georgia,"Irwin County, GA",Citizenship,All,822
Georgia,"Irwin County, GA",Citizenship,MEXICO,335
Georgia,"Irwin County, GA",Citizenship,GUATEMALA,87
Georgia,"Irwin County, GA",Citizenship,HONDURAS,70
Georgia,"Irwin County, GA",Citizenship,INDIA,34
Georgia,"Irwin County, GA",Citizenship,EL SALVADOR,33
Georgia,"Irwin County, GA",Citizenship,JAMAICA,19
Georgia,"Irwin County, GA",Citizenship,"CHINA, PEOPLES REPUBLIC OF",15
Georgia,"Irwin County, GA",Citizenship,NIGERIA,15
Georgia,"Irwin County, GA",Citizenship,GAMBIA,15
Georgia,"Irwin County, GA",Citizenship,VENEZUELA,8
Georgia,"Irwin County, GA",Citizenship,BRAZIL,8
Georgia,"Irwin County, GA",Citizenship,DOMINICAN REPUBLIC,8
Georgia,"Irwin County, GA",Citizenship,GUINEA,7
Georgia,"Irwin County, GA",Citizenship,VIETNAM,7
Georgia,"Irwin County, GA",Citizenship,SOUTH KOREA,7
Georgia,"Irwin County, GA",Citizenship,PANAMA,6
Georgia,"Irwin County, GA",Citizenship,HAITI,6
Georgia,"Irwin County, GA",Citizenship,GHANA,5
Georgia,"Irwin County, GA",Citizenship,ERITREA,5
Georgia,"Irwin County, GA",Citizenship,GERMANY,5
Georgia,"Irwin County, GA",Citizenship,CUBA,5
Georgia,"Irwin County, GA",Citizenship,NICARAGUA,5
Georgia,"Irwin County, GA",Citizenship,CAMEROON,4
Georgia,"Irwin County, GA",Citizenship,COLOMBIA,4
Georgia,"Irwin County, GA",Citizenship,BARBADOS,4
Georgia,"Irwin County, GA",Citizenship,LAOS,4
Georgia,"Irwin County, GA",Citizenship,SENEGAL,4
Georgia,"Irwin County, GA",Citizenship,IVORY COAST,4
Georgia,"Irwin County, GA",Citizenship,PERU,4
Georgia,"Irwin County, GA",Citizenship,BAHAMAS,3
Georgia,"Irwin County, GA",Citizenship,CAMBODIA,3
Georgia,"Irwin County, GA",Citizenship,RUSSIA,3
Georgia,"Irwin County, GA",Citizenship,KENYA,3
Georgia,"Irwin County, GA",Citizenship,SOUTH AFRICA,3
Georgia,"Irwin County, GA",Citizenship,LIBERIA,3
Georgia,"Irwin County, GA",Citizenship,UNITED KINGDOM,3
Georgia,"Irwin County, GA",Citizenship,ETHIOPIA,3
Georgia,"Irwin County, GA",Citizenship,MAURITANIA,2
Georgia,"Irwin County, GA",Citizenship,SIERRA LEONE,2
Georgia,"Irwin County, GA",Citizenship,TANZANIA,2
Georgia,"Irwin County, GA",Citizenship,PHILIPPINES,2
Georgia,"Irwin County, GA",Citizenship,AFGHANISTAN,2
Georgia,"Irwin County, GA",Citizenship,ZAMBIA,2
Georgia,"Irwin County, GA",Citizenship,UGANDA,2
Georgia,"Irwin County, GA",Citizenship,CANADA,2
Georgia,"Irwin County, GA",Citizenship,ITALY,2
Georgia,"Irwin County, GA",Citizenship,HONG KONG,2
Georgia,"Irwin County, GA",Citizenship,YEMEN,2
Georgia,"Irwin County, GA",Citizenship,ROMANIA,2
Georgia,"Irwin County, GA",Citizenship,BOSNIA-HERZEGOVINA,2
Georgia,"Irwin County, GA",Citizenship,GUYANA,2
Georgia,"Irwin County, GA",Citizenship,PAKISTAN,2
Georgia,"Irwin County, GA",Citizenship,IRAQ,2
Georgia,"Irwin County, GA",Citizenship,ECUADOR,2
Georgia,"Irwin County, GA",Citizenship,UKRAINE,2
Georgia,"Irwin County, GA",Citizenship,HUNGARY,1
Georgia,"Irwin County, GA",Citizenship,IRELAND,1
Georgia,"Irwin County, GA",Citizenship,BELIZE,1
Georgia,"Irwin County, GA",Citizenship,GREECE,1
Georgia,"Irwin County, GA",Citizenship,INDONESIA,1
Georgia,"Irwin County, GA",Citizenship,CENTRAL AFRICAN REPUBLIC,1
Georgia,"Irwin County, GA",Citizenship,DEM REP OF THE CONGO,1
Georgia,"Irwin County, GA",Citizenship,GRENADA,1
Georgia,"Irwin County, GA",Citizenship,USSR,1
Georgia,"Irwin County, GA",Citizenship,NETHERLANDS,1
Georgia,"Irwin County, GA",Citizenship,GUINEA-BISSAU,1
Georgia,"Irwin County, GA",Citizenship,ANTIGUA-BARBUDA,1
Georgia,"Irwin County, GA",Citizenship,"MICRONESIA, FEDERATED STATES OF",1
Georgia,"Irwin County, GA",Citizenship,KUWAIT,1
Georgia,"Irwin County, GA",Citizenship,BURMA,1
Georgia,"Irwin County, GA",Citizenship,NIGER,1
Georgia,"Irwin County, GA",Citizenship,JORDAN,1
Georgia,"Irwin County, GA",Citizenship,MOROCCO,1
Georgia,"Irwin County, GA",Citizenship,COSTA RICA,1
Georgia,"Irwin County, GA",Citizenship,ANGOLA,1
Georgia,"Irwin County, GA",Citizenship,FRANCE,1
Georgia,"Irwin County, GA",Citizenship,ISRAEL,1
Georgia,"Irwin County, GA",Citizenship,MONGOLIA,1
Georgia,"Irwin County, GA",Citizenship,TURKEY,1
Georgia,"Irwin County, GA",Citizenship,KAZAKHSTAN,1
Georgia,"Irwin County, GA",Citizenship,SRI LANKA,1
Georgia,"Irwin County, GA",Citizenship,MALI,1
Georgia,"Irwin County, GA",Citizenship,SUDAN,1
Georgia,"Irwin County, GA",Citizenship,BERMUDA,1
Georgia,"Irwin County, GA",Age Group,All,822
Georgia,"Irwin County, GA",Age Group,Age information witheld by ICE,822
Georgia,"Charlton County, GA",Facility Type,All,794
Georgia,"Charlton County, GA",Facility Type,Other Facility Type,794
Georgia,"Charlton County, GA",Facility Type (Detailed),All,794
Georgia,"Charlton County, GA",Facility Type (Detailed),Dedicated IGSA,794
Georgia,"Charlton County, GA",Facility Operator,All,794
Georgia,"Charlton County, GA",Facility Operator,"GEO Group, Inc",794
Georgia,"Charlton County, GA",Facility Owner,All,794
Georgia,"Charlton County, GA",Facility Owner,County,794
Georgia,"Charlton County, GA",Entered ICE Custody by Month,All,794
Georgia,"Charlton County, GA",Entered ICE Custody by Month,2018-07,273
Georgia,"Charlton County, GA",Entered ICE Custody by Month,2018-05,122
Georgia,"Charlton County, GA",Entered ICE Custody by Month,2018-06,108
Georgia,"Charlton County, GA",Entered ICE Custody by Month,2018-02,66
Georgia,"Charlton County, GA",Entered ICE Custody by Month,2018-03,59
Georgia,"Charlton County, GA",Entered ICE Custody by Month,2017-11,54
Georgia,"Charlton County, GA",Entered ICE Custody by Month,2018-04,44
Georgia,"Charlton County, GA",Entered ICE Custody by Month,2017-12,44
Georgia,"Charlton County, GA",Entered ICE Custody by Month,2018-01,17
Georgia,"Charlton County, GA",Entered ICE Custody by Month,2018-08,7
Georgia,"Charlton County, GA",Time in U.S.,All,794
Georgia,"Charlton County, GA",Time in U.S.,Up to 1 year,738
Georgia,"Charlton County, GA",Time in U.S.,Not Known,48
Georgia,"Charlton County, GA",Time in U.S.,20 years or more,3
Georgia,"Charlton County, GA",Time in U.S.,Between 1 and 2 years,2
Georgia,"Charlton County, GA",Time in U.S.,Between 15 and 20 years,1
Georgia,"Charlton County, GA",Time in U.S.,Between 10 and 15 years,1
Georgia,"Charlton County, GA",Time in U.S.,Between 2 and 3 years,1
Georgia,"Charlton County, GA",Legal Permanent Resident,All,794
Georgia,"Charlton County, GA",Legal Permanent Resident,No,794
Georgia,"Charlton County, GA",Asylum Seeker/Refugee,All,794
Georgia,"Charlton County, GA",Asylum Seeker/Refugee,No,794
Georgia,"Charlton County, GA",Most Serious Criminal Conviction,All,794
Georgia,"Charlton County, GA",Most Serious Criminal Conviction,No Conviction,794
Georgia,"Charlton County, GA",Seriousness Level of MSCC,All,794
Georgia,"Charlton County, GA",Seriousness Level of MSCC,No Conviction,794
Georgia,"Charlton County, GA",Length of Time Since MSCC,All,794
Georgia,"Charlton County, GA",Length of Time Since MSCC,Not Known,794
Georgia,"Charlton County, GA",Gender,All,794
Georgia,"Charlton County, GA",Gender,Male,794
Georgia,"Charlton County, GA",Citizenship,All,794
Georgia,"Charlton County, GA",Citizenship,HONDURAS,104
Georgia,"Charlton County, GA",Citizenship,INDIA,102
Georgia,"Charlton County, GA",Citizenship,EL SALVADOR,92
Georgia,"Charlton County, GA",Citizenship,CUBA,79
Georgia,"Charlton County, GA",Citizenship,NEPAL,75
Georgia,"Charlton County, GA",Citizenship,MEXICO,64
Georgia,"Charlton County, GA",Citizenship,GUATEMALA,55
Georgia,"Charlton County, GA",Citizenship,"CHINA, PEOPLES REPUBLIC OF",42
Georgia,"Charlton County, GA",Citizenship,BANGLADESH,27
Georgia,"Charlton County, GA",Citizenship,NICARAGUA,22
Georgia,"Charlton County, GA",Citizenship,ERITREA,20
Georgia,"Charlton County, GA",Citizenship,CAMEROON,15
Georgia,"Charlton County, GA",Citizenship,BRAZIL,14
Georgia,"Charlton County, GA",Citizenship,SRI LANKA,12
Georgia,"Charlton County, GA",Citizenship,DOMINICAN REPUBLIC,7
Georgia,"Charlton County, GA",Citizenship,ECUADOR,7
Georgia,"Charlton County, GA",Citizenship,VENEZUELA,6
Georgia,"Charlton County, GA",Citizenship,TURKEY,6
Georgia,"Charlton County, GA",Citizenship,RUSSIA,6
Georgia,"Charlton County, GA",Citizenship,COLOMBIA,5
Georgia,"Charlton County, GA",Citizenship,PAKISTAN,5
Georgia,"Charlton County, GA",Citizenship,SOMALIA,4
Georgia,"Charlton County, GA",Citizenship,UZBEKISTAN,3
Georgia,"Charlton County, GA",Citizenship,GUINEA,3
Georgia,"Charlton County, GA",Citizenship,VIETNAM,3
Georgia,"Charlton County, GA",Citizenship,ETHIOPIA,2
Georgia,"Charlton County, GA",Citizenship,ANGOLA,2
Georgia,"Charlton County, GA",Citizenship,PERU,2
Georgia,"Charlton County, GA",Citizenship,KAZAKHSTAN,1
Georgia,"Charlton County, GA",Citizenship,YEMEN,1
Georgia,"Charlton County, GA",Citizenship,BOLIVIA,1
Georgia,"Charlton County, GA",Citizenship,CONGO,1
Georgia,"Charlton County, GA",Citizenship,ALBANIA,1
Georgia,"Charlton County, GA",Citizenship,BELARUS,1
Georgia,"Charlton County, GA",Citizenship,JAMAICA,1
Georgia,"Charlton County, GA",Citizenship,GHANA,1
Georgia,"Charlton County, GA",Citizenship,HAITI,1
Georgia,"Charlton County, GA",Citizenship,DEM REP OF THE CONGO,1
Georgia,"Charlton County, GA",Age Group,All,794
Georgia,"Charlton County, GA",Age Group,Age information witheld by ICE,794
Georgia,"Fulton County, GA",Facility Type,All,58
Georgia,"Fulton County, GA",Facility Type,Local Facility,58
Georgia,"Fulton County, GA",Facility Type (Detailed),All,58
Georgia,"Fulton County, GA",Facility Type (Detailed),Intergovernment agreement with USMS which ICE utilizes,58
Georgia,"Fulton County, GA",Facility Operator,All,58
Georgia,"Fulton County, GA",Facility Operator,City or Municipality,58
Georgia,"Fulton County, GA",Facility Owner,All,58
Georgia,"Fulton County, GA",Facility Owner,City or Municipality,58
Georgia,"Fulton County, GA",Entered ICE Custody by Month,All,58
Georgia,"Fulton County, GA",Entered ICE Custody by Month,2018-04,11
Georgia,"Fulton County, GA",Entered ICE Custody by Month,2018-05,9
Georgia,"Fulton County, GA",Entered ICE Custody by Month,2018-06,6
Georgia,"Fulton County, GA",Entered ICE Custody by Month,2018-01,6
Georgia,"Fulton County, GA",Entered ICE Custody by Month,2018-03,6
Georgia,"Fulton County, GA",Entered ICE Custody by Month,2018-02,4
Georgia,"Fulton County, GA",Entered ICE Custody by Month,2017-12,4
Georgia,"Fulton County, GA",Entered ICE Custody by Month,2017-08,3
Georgia,"Fulton County, GA",Entered ICE Custody by Month,2017-07,2
Georgia,"Fulton County, GA",Entered ICE Custody by Month,2017-09,2
Georgia,"Fulton County, GA",Entered ICE Custody by Month,2017-11,1
Georgia,"Fulton County, GA",Entered ICE Custody by Month,2017-05,1
Georgia,"Fulton County, GA",Entered ICE Custody by Month,2017-01,1
Georgia,"Fulton County, GA",Entered ICE Custody by Month,2016-07,1
Georgia,"Fulton County, GA",Entered ICE Custody by Month,2015-09,1
Georgia,"Fulton County, GA",Time in U.S.,All,58
Georgia,"Fulton County, GA",Time in U.S.,Not Known,17
Georgia,"Fulton County, GA",Time in U.S.,Up to 1 year,11
Georgia,"Fulton County, GA",Time in U.S.,Between 15 and 20 years,8
Georgia,"Fulton County, GA",Time in U.S.,Between 1 and 2 years,4
Georgia,"Fulton County, GA",Time in U.S.,Between 2 and 3 years,4
Georgia,"Fulton County, GA",Time in U.S.,Between 10 and 15 years,4
Georgia,"Fulton County, GA",Time in U.S.,Between 3 and 4 years,3
Georgia,"Fulton County, GA",Time in U.S.,Between 5 and 6 years,2
Georgia,"Fulton County, GA",Time in U.S.,Between 6 and 7 years,1
Georgia,"Fulton County, GA",Time in U.S.,Between 8 and 9 years,1
Georgia,"Fulton County, GA",Time in U.S.,Between 4 and 5 years,1
Georgia,"Fulton County, GA",Time in U.S.,20 years or more,1
Georgia,"Fulton County, GA",Time in U.S.,Between 7 and 8 years,1
Georgia,"Fulton County, GA",Legal Permanent Resident,All,58
Georgia,"Fulton County, GA",Legal Permanent Resident,No,58
Georgia,"Fulton County, GA",Asylum Seeker/Refugee,All,58
Georgia,"Fulton County, GA",Asylum Seeker/Refugee,No,58
Georgia,"Fulton County, GA",Most Serious Criminal Conviction,All,58
Georgia,"Fulton County, GA",Most Serious Criminal Conviction,No Conviction,58
Georgia,"Fulton County, GA",Seriousness Level of MSCC,All,58
Georgia,"Fulton County, GA",Seriousness Level of MSCC,No Conviction,58
Georgia,"Fulton County, GA",Length of Time Since MSCC,All,58
Georgia,"Fulton County, GA",Length of Time Since MSCC,Not Known,58
Georgia,"Fulton County, GA",Gender,All,58
Georgia,"Fulton County, GA",Gender,Male,45
Georgia,"Fulton County, GA",Gender,Female,13
Georgia,"Fulton County, GA",Citizenship,All,58
Georgia,"Fulton County, GA",Citizenship,MEXICO,10
Georgia,"Fulton County, GA",Citizenship,HONDURAS,5
Georgia,"Fulton County, GA",Citizenship,INDIA,5
Georgia,"Fulton County, GA",Citizenship,VENEZUELA,4
Georgia,"Fulton County, GA",Citizenship,VIETNAM,3
Georgia,"Fulton County, GA",Citizenship,CAMEROON,3
Georgia,"Fulton County, GA",Citizenship,GUATEMALA,3
Georgia,"Fulton County, GA",Citizenship,NIGERIA,3
Georgia,"Fulton County, GA",Citizenship,URUGUAY,2
Georgia,"Fulton County, GA",Citizenship,NICARAGUA,2
Georgia,"Fulton County, GA",Citizenship,JAMAICA,2
Georgia,"Fulton County, GA",Citizenship,EL SALVADOR,1
Georgia,"Fulton County, GA",Citizenship,NIGER,1
Georgia,"Fulton County, GA",Citizenship,PERU,1
Georgia,"Fulton County, GA",Citizenship,MOLDOVA,1
Georgia,"Fulton County, GA",Citizenship,IVORY COAST,1
Georgia,"Fulton County, GA",Citizenship,BOLIVIA,1
Georgia,"Fulton County, GA",Citizenship,CENTRAL AFRICAN REPUBLIC,1
Georgia,"Fulton County, GA",Citizenship,NEPAL,1
Georgia,"Fulton County, GA",Citizenship,GAMBIA,1
Georgia,"Fulton County, GA",Citizenship,SOUTH KOREA,1
Georgia,"Fulton County, GA",Citizenship,PAKISTAN,1
Georgia,"Fulton County, GA",Citizenship,BRAZIL,1
Georgia,"Fulton County, GA",Citizenship,"CHINA, PEOPLES REPUBLIC OF",1
Georgia,"Fulton County, GA",Citizenship,DOMINICAN REPUBLIC,1
Georgia,"Fulton County, GA",Citizenship,TOGO,1
Georgia,"Fulton County, GA",Citizenship,BAHAMAS,1
Georgia,"Fulton County, GA",Age Group,All,58
Georgia,"Fulton County, GA",Age Group,Age information witheld by ICE,58
Georgia,"Cobb County, GA",Facility Type,All,7
Georgia,"Cobb County, GA",Facility Type,County Facility,7
Georgia,"Cobb County, GA",Facility Type (Detailed),All,7
Georgia,"Cobb County, GA",Facility Type (Detailed),Intergovernmental Service Agreement: a facility operated by state/local govt,7
Georgia,"Cobb County, GA",Facility Operator,All,7
Georgia,"Cobb County, GA",Facility Operator,County Sheriff Department,7
Georgia,"Cobb County, GA",Facility Owner,All,7
Georgia,"Cobb County, GA",Facility Owner,County,7
Georgia,"Cobb County, GA",Entered ICE Custody by Month,All,7
Georgia,"Cobb County, GA",Entered ICE Custody by Month,2018-08,7
Georgia,"Cobb County, GA",Time in U.S.,All,7
Georgia,"Cobb County, GA",Time in U.S.,Not Known,5
Georgia,"Cobb County, GA",Time in U.S.,Between 2 and 3 years,1
Georgia,"Cobb County, GA",Time in U.S.,Between 6 and 7 years,1
Georgia,"Cobb County, GA",Legal Permanent Resident,All,7
Georgia,"Cobb County, GA",Legal Permanent Resident,No,7
Georgia,"Cobb County, GA",Asylum Seeker/Refugee,All,7
Georgia,"Cobb County, GA",Asylum Seeker/Refugee,No,7
Georgia,"Cobb County, GA",Most Serious Criminal Conviction,All,7
Georgia,"Cobb County, GA",Most Serious Criminal Conviction,No Conviction,7
Georgia,"Cobb County, GA",Seriousness Level of MSCC,All,7
Georgia,"Cobb County, GA",Seriousness Level of MSCC,No Conviction,7
Georgia,"Cobb County, GA",Length of Time Since MSCC,All,7
Georgia,"Cobb County, GA",Length of Time Since MSCC,Not Known,7
Georgia,"Cobb County, GA",Gender,All,7
Georgia,"Cobb County, GA",Gender,Male,7
Georgia,"Cobb County, GA",Citizenship,All,7
Georgia,"Cobb County, GA",Citizenship,MEXICO,5
Georgia,"Cobb County, GA",Citizenship,EL SALVADOR,1
Georgia,"Cobb County, GA",Citizenship,BRAZIL,1
Georgia,"Cobb County, GA",Age Group,All,7
Georgia,"Cobb County, GA",Age Group,Age information witheld by ICE,7
Georgia,"Whitfield County, GA",Facility Type,All,2
Georgia,"Whitfield County, GA",Facility Type,County Facility,2
Georgia,"Whitfield County, GA",Facility Type (Detailed),All,2
Georgia,"Whitfield County, GA",Facility Type (Detailed),Intergovernmental Service Agreement: a facility operated by state/local govt,2
Georgia,"Whitfield County, GA",Facility Operator,All,2
Georgia,"Whitfield County, GA",Facility Operator,County Sheriff Department,2
Georgia,"Whitfield County, GA",Facility Owner,All,2
Georgia,"Whitfield County, GA",Facility Owner,County,2
Georgia,"Whitfield County, GA",Entered ICE Custody by Month,All,2
Georgia,"Whitfield County, GA",Entered ICE Custody by Month,2018-08,2
Georgia,"Whitfield County, GA",Time in U.S.,All,2
Georgia,"Whitfield County, GA",Time in U.S.,Not Known,2
Georgia,"Whitfield County, GA",Legal Permanent Resident,All,2
Georgia,"Whitfield County, GA",Legal Permanent Resident,No,2
Georgia,"Whitfield County, GA",Asylum Seeker/Refugee,All,2
Georgia,"Whitfield County, GA",Asylum Seeker/Refugee,No,2
Georgia,"Whitfield County, GA",Most Serious Criminal Conviction,All,2
Georgia,"Whitfield County, GA",Most Serious Criminal Conviction,No Conviction,2
Georgia,"Whitfield County, GA",Seriousness Level of MSCC,All,2
Georgia,"Whitfield County, GA",Seriousness Level of MSCC,No Conviction,2
Georgia,"Whitfield County, GA",Length of Time Since MSCC,All,2
Georgia,"Whitfield County, GA",Length of Time Since MSCC,Not Known,2
Georgia,"Whitfield County, GA",Gender,All,2
Georgia,"Whitfield County, GA",Gender,Male,1
Georgia,"Whitfield County, GA",Gender,Female,1
Georgia,"Whitfield County, GA",Citizenship,All,2
Georgia,"Whitfield County, GA",Citizenship,MEXICO,2
Georgia,"Whitfield County, GA",Age Group,All,2
Georgia,"Whitfield County, GA",Age Group,Age information witheld by ICE,2
Arizona,"Pinal County, AZ",Facility Type,All,2628
Arizona,"Pinal County, AZ",Facility Type,INS Facility,1990
Arizona,"Pinal County, AZ",Facility Type,Other Facility Type,528
Arizona,"Pinal County, AZ",Facility Type,State Facility,110
Arizona,"Pinal County, AZ",Facility Type (Detailed),All,2628
Arizona,"Pinal County, AZ",Facility Type (Detailed),Dedicated IGSA,1373
Arizona,"Pinal County, AZ",Facility Type (Detailed),Intergovernment agreement with USMS which ICE utilizes,528
Arizona,"Pinal County, AZ",Facility Type (Detailed),Service Processing Center: a govt facility with both federal/contract staff,392
Arizona,"Pinal County, AZ",Facility Type (Detailed),A facility used for Staging purposes,225
Arizona,"Pinal County, AZ",Facility Type (Detailed),Intergovernmental Service Agreement: a facility operated by state/local govt,110
Arizona,"Pinal County, AZ",Facility Operator,All,2628
Arizona,"Pinal County, AZ",Facility Operator,CORECIVIC,2011
Arizona,"Pinal County, AZ",Facility Operator,Asset Protection Security Services,392
Arizona,"Pinal County, AZ",Facility Operator,Akal Security,225
Arizona,"Pinal County, AZ",Facility Owner,All,2628
Arizona,"Pinal County, AZ",Facility Owner,City or Municipality,1483
Arizona,"Pinal County, AZ",Facility Owner,CoreCivic (formerly Corrections Corporation of America),528
Arizona,"Pinal County, AZ",Facility Owner,ICE,392
Arizona,"Pinal County, AZ",Facility Owner,Not defined,225
Arizona,"Pinal County, AZ",Entered ICE Custody by Month,All,2628
Arizona,"Pinal County, AZ",Entered ICE Custody by Month,2018-07,1108
Arizona,"Pinal County, AZ",Entered ICE Custody by Month,2018-06,377
Arizona,"Pinal County, AZ",Entered ICE Custody by Month,2018-08,363
Arizona,"Pinal County, AZ",Entered ICE Custody by Month,2018-05,176
Arizona,"Pinal County, AZ",Entered ICE Custody by Month,2018-04,109
Arizona,"Pinal County, AZ",Entered ICE Custody by Month,2018-03,83
Arizona,"Pinal County, AZ",Entered ICE Custody by Month,2018-02,77
Arizona,"Pinal County, AZ",Entered ICE Custody by Month,2018-01,57
Arizona,"Pinal County, AZ",Entered ICE Custody by Month,2017-12,41
Arizona,"Pinal County, AZ",Entered ICE Custody by Month,2017-11,34
Arizona,"Pinal County, AZ",Entered ICE Custody by Month,2017-10,32
Arizona,"Pinal County, AZ",Entered ICE Custody by Month,2017-08,26
Arizona,"Pinal County, AZ",Entered ICE Custody by Month,2017-09,22
Arizona,"Pinal County, AZ",Entered ICE Custody by Month,2017-07,21
Arizona,"Pinal County, AZ",Entered ICE Custody by Month,2017-03,16
Arizona,"Pinal County, AZ",Entered ICE Custody by Month,2017-06,10
Arizona,"Pinal County, AZ",Entered ICE Custody by Month,2017-04,9
Arizona,"Pinal County, AZ",Entered ICE Custody by Month,2017-02,9
Arizona,"Pinal County, AZ",Entered ICE Custody by Month,2016-11,8
Arizona,"Pinal County, AZ",Entered ICE Custody by Month,2017-01,7
Arizona,"Pinal County, AZ",Entered ICE Custody by Month,2016-12,7
Arizona,"Pinal County, AZ",Entered ICE Custody by Month,2016-10,6
Arizona,"Pinal County, AZ",Entered ICE Custody by Month,2017-05,5
Arizona,"Pinal County, AZ",Entered ICE Custody by Month,2014-04,2
Arizona,"Pinal County, AZ",Entered ICE Custody by Month,2015-01,2
Arizona,"Pinal County, AZ",Entered ICE Custody by Month,2015-09,2
Arizona,"Pinal County, AZ",Entered ICE Custody by Month,2015-12,2
Arizona,"Pinal County, AZ",Entered ICE Custody by Month,2016-01,2
Arizona,"Pinal County, AZ",Entered ICE Custody by Month,2016-05,2
Arizona,"Pinal County, AZ",Entered ICE Custody by Month,2016-08,2
Arizona,"Pinal County, AZ",Entered ICE Custody by Month,2016-07,2
Arizona,"Pinal County, AZ",Entered ICE Custody by Month,2016-02,1
Arizona,"Pinal County, AZ",Entered ICE Custody by Month,2012-11,1
Arizona,"Pinal County, AZ",Entered ICE Custody by Month,2013-05,1
Arizona,"Pinal County, AZ",Entered ICE Custody by Month,2014-05,1
Arizona,"Pinal County, AZ",Entered ICE Custody by Month,2007-10,1
Arizona,"Pinal County, AZ",Entered ICE Custody by Month,2015-06,1
Arizona,"Pinal County, AZ",Entered ICE Custody by Month,2015-07,1
Arizona,"Pinal County, AZ",Entered ICE Custody by Month,2015-11,1
Arizona,"Pinal County, AZ",Entered ICE Custody by Month,2012-06,1
Arizona,"Pinal County, AZ",Time in U.S.,All,2628
Arizona,"Pinal County, AZ",Time in U.S.,Up to 1 year,1731
Arizona,"Pinal County, AZ",Time in U.S.,Not Known,526
Arizona,"Pinal County, AZ",Time in U.S.,Between 1 and 2 years,74
Arizona,"Pinal County, AZ",Time in U.S.,Between 10 and 15 years,67
Arizona,"Pinal County, AZ",Time in U.S.,20 years or more,61
Arizona,"Pinal County, AZ",Time in U.S.,Between 15 and 20 years,57
Arizona,"Pinal County, AZ",Time in U.S.,Between 2 and 3 years,22
Arizona,"Pinal County, AZ",Time in U.S.,Between 3 and 4 years,19
Arizona,"Pinal County, AZ",Time in U.S.,Between 8 and 9 years,15
Arizona,"Pinal County, AZ",Time in U.S.,Between 5 and 6 years,14
Arizona,"Pinal County, AZ",Time in U.S.,Between 9 and 10 years,12
Arizona,"Pinal County, AZ",Time in U.S.,Between 4 and 5 years,11
Arizona,"Pinal County, AZ",Time in U.S.,Between 6 and 7 years,11
Arizona,"Pinal County, AZ",Time in U.S.,Between 7 and 8 years,8
Arizona,"Pinal County, AZ",Legal Permanent Resident,All,2628
Arizona,"Pinal County, AZ",Legal Permanent Resident,No,2628
Arizona,"Pinal County, AZ",Asylum Seeker/Refugee,All,2628
Arizona,"Pinal County, AZ",Asylum Seeker/Refugee,No,2628
Arizona,"Pinal County, AZ",Most Serious Criminal Conviction,All,2628
Arizona,"Pinal County, AZ",Most Serious Criminal Conviction,No Conviction,2628
Arizona,"Pinal County, AZ",Seriousness Level of MSCC,All,2628
Arizona,"Pinal County, AZ",Seriousness Level of MSCC,No Conviction,2628
Arizona,"Pinal County, AZ",Length of Time Since MSCC,All,2628
Arizona,"Pinal County, AZ",Length of Time Since MSCC,Not Known,2628
Arizona,"Pinal County, AZ",Gender,All,2628
Arizona,"Pinal County, AZ",Gender,Male,2227
Arizona,"Pinal County, AZ",Gender,Female,401
Arizona,"Pinal County, AZ",Citizenship,All,2628
Arizona,"Pinal County, AZ",Citizenship,MEXICO,743
Arizona,"Pinal County, AZ",Citizenship,GUATEMALA,670
Arizona,"Pinal County, AZ",Citizenship,INDIA,446
Arizona,"Pinal County, AZ",Citizenship,HONDURAS,345
Arizona,"Pinal County, AZ",Citizenship,EL SALVADOR,148
Arizona,"Pinal County, AZ",Citizenship,NICARAGUA,46
Arizona,"Pinal County, AZ",Citizenship,ECUADOR,26
Arizona,"Pinal County, AZ",Citizenship,CUBA,16
Arizona,"Pinal County, AZ",Citizenship,HAITI,14
Arizona,"Pinal County, AZ",Citizenship,CAMEROON,14
Arizona,"Pinal County, AZ",Citizenship,"CHINA, PEOPLES REPUBLIC OF",13
Arizona,"Pinal County, AZ",Citizenship,BRAZIL,10
Arizona,"Pinal County, AZ",Citizenship,RUSSIA,9
Arizona,"Pinal County, AZ",Citizenship,PERU,9
Arizona,"Pinal County, AZ",Citizenship,JAMAICA,7
Arizona,"Pinal County, AZ",Citizenship,LIBERIA,6
Arizona,"Pinal County, AZ",Citizenship,IRAQ,6
Arizona,"Pinal County, AZ",Citizenship,UZBEKISTAN,5
Arizona,"Pinal County, AZ",Citizenship,SOMALIA,5
Arizona,"Pinal County, AZ",Citizenship,DEM REP OF THE CONGO,5
Arizona,"Pinal County, AZ",Citizenship,SUDAN,5
Arizona,"Pinal County, AZ",Citizenship,SOUTH SUDAN,4
Arizona,"Pinal County, AZ",Citizenship,VENEZUELA,4
Arizona,"Pinal County, AZ",Citizenship,VIETNAM,4
Arizona,"Pinal County, AZ",Citizenship,AFGHANISTAN,3
Arizona,"Pinal County, AZ",Citizenship,BURMA,3
Arizona,"Pinal County, AZ",Citizenship,TURKEY,3
Arizona,"Pinal County, AZ",Citizenship,KYRGYZSTAN,3
Arizona,"Pinal County, AZ",Citizenship,EGYPT,3
Arizona,"Pinal County, AZ",Citizenship,COLOMBIA,3
Arizona,"Pinal County, AZ",Citizenship,NIGERIA,3
Arizona,"Pinal County, AZ",Citizenship,AUSTRALIA,2
Arizona,"Pinal County, AZ",Citizenship,THAILAND,2
Arizona,"Pinal County, AZ",Citizenship,UNITED KINGDOM,2
Arizona,"Pinal County, AZ",Citizenship,ANGOLA,2
Arizona,"Pinal County, AZ",Citizenship,GUYANA,2
Arizona,"Pinal County, AZ",Citizenship,CANADA,2
Arizona,"Pinal County, AZ",Citizenship,ISRAEL,2
Arizona,"Pinal County, AZ",Citizenship,LAOS,2
Arizona,"Pinal County, AZ",Citizenship,GEORGIA,2
Arizona,"Pinal County, AZ",Citizenship,BOSNIA-HERZEGOVINA,2
Arizona,"Pinal County, AZ",Citizenship,PAKISTAN,2
Arizona,"Pinal County, AZ",Citizenship,CAMBODIA,1
Arizona,"Pinal County, AZ",Citizenship,TONGA,1
Arizona,"Pinal County, AZ",Citizenship,MACEDONIA,1
Arizona,"Pinal County, AZ",Citizenship,SAUDI ARABIA,1
Arizona,"Pinal County, AZ",Citizenship,BURUNDI,1
Arizona,"Pinal County, AZ",Citizenship,TAIWAN,1
Arizona,"Pinal County, AZ",Citizenship,ETHIOPIA,1
Arizona,"Pinal County, AZ",Citizenship,SPAIN,1
Arizona,"Pinal County, AZ",Citizenship,SURINAME,1
Arizona,"Pinal County, AZ",Citizenship,BOLIVIA,1
Arizona,"Pinal County, AZ",Citizenship,ROMANIA,1
Arizona,"Pinal County, AZ",Citizenship,ERITREA,1
Arizona,"Pinal County, AZ",Citizenship,LEBANON,1
Arizona,"Pinal County, AZ",Citizenship,ARGENTINA,1
Arizona,"Pinal County, AZ",Citizenship,CROATIA,1
Arizona,"Pinal County, AZ",Citizenship,NIGER,1
Arizona,"Pinal County, AZ",Citizenship,GUINEA,1
Arizona,"Pinal County, AZ",Citizenship,KENYA,1
Arizona,"Pinal County, AZ",Citizenship,SIERRA LEONE,1
Arizona,"Pinal County, AZ",Citizenship,BAHAMAS,1
Arizona,"Pinal County, AZ",Citizenship,BELARUS,1
Arizona,"Pinal County, AZ",Citizenship,SOUTH AFRICA,1
Arizona,"Pinal County, AZ",Citizenship,MOROCCO,1
Arizona,"Pinal County, AZ",Citizenship,IRAN,1
Arizona,"Pinal County, AZ",Citizenship,NORWAY,1
Arizona,"Pinal County, AZ",Age Group,All,2628
Arizona,"Pinal County, AZ",Age Group,Age information witheld by ICE,2628
Arizona,"Yuma County, AZ",Facility Type,All,196
Arizona,"Yuma County, AZ",Facility Type,Other Facility Type,196
Arizona,"Yuma County, AZ",Facility Type (Detailed),All,196
Arizona,"Yuma County, AZ",Facility Type (Detailed),Intergovernment agreement with USMS which ICE utilizes,196
Arizona,"Yuma County, AZ",Facility Operator,All,196
Arizona,"Yuma County, AZ",Facility Operator,"LaSalle Management Company, LLC",196
Arizona,"Yuma County, AZ",Facility Owner,All,196
Arizona,"Yuma County, AZ",Facility Owner,City or Municipality,196
Arizona,"Yuma County, AZ",Entered ICE Custody by Month,All,196
Arizona,"Yuma County, AZ",Entered ICE Custody by Month,2018-08,104
Arizona,"Yuma County, AZ",Entered ICE Custody by Month,2018-07,88
Arizona,"Yuma County, AZ",Entered ICE Custody by Month,2018-06,4
Arizona,"Yuma County, AZ",Time in U.S.,All,196
Arizona,"Yuma County, AZ",Time in U.S.,Up to 1 year,152
Arizona,"Yuma County, AZ",Time in U.S.,Not Known,44
Arizona,"Yuma County, AZ",Legal Permanent Resident,All,196
Arizona,"Yuma County, AZ",Legal Permanent Resident,No,196
Arizona,"Yuma County, AZ",Asylum Seeker/Refugee,All,196
Arizona,"Yuma County, AZ",Asylum Seeker/Refugee,No,196
Arizona,"Yuma County, AZ",Most Serious Criminal Conviction,All,196
Arizona,"Yuma County, AZ",Most Serious Criminal Conviction,No Conviction,196
Arizona,"Yuma County, AZ",Seriousness Level of MSCC,All,196
Arizona,"Yuma County, AZ",Seriousness Level of MSCC,No Conviction,196
Arizona,"Yuma County, AZ",Length of Time Since MSCC,All,196
Arizona,"Yuma County, AZ",Length of Time Since MSCC,Not Known,196
Arizona,"Yuma County, AZ",Gender,All,196
Arizona,"Yuma County, AZ",Gender,Male,146
Arizona,"Yuma County, AZ",Gender,Female,50
Arizona,"Yuma County, AZ",Citizenship,All,196
Arizona,"Yuma County, AZ",Citizenship,INDIA,66
Arizona,"Yuma County, AZ",Citizenship,MEXICO,47
Arizona,"Yuma County, AZ",Citizenship,HONDURAS,21
Arizona,"Yuma County, AZ",Citizenship,CAMEROON,15
Arizona,"Yuma County, AZ",Citizenship,GUATEMALA,14
Arizona,"Yuma County, AZ",Citizenship,EL SALVADOR,11
Arizona,"Yuma County, AZ",Citizenship,NEPAL,7
Arizona,"Yuma County, AZ",Citizenship,"CHINA, PEOPLES REPUBLIC OF",7
Arizona,"Yuma County, AZ",Citizenship,PAKISTAN,2
Arizona,"Yuma County, AZ",Citizenship,SRI LANKA,2
Arizona,"Yuma County, AZ",Citizenship,PERU,1
Arizona,"Yuma County, AZ",Citizenship,BANGLADESH,1
Arizona,"Yuma County, AZ",Citizenship,GAMBIA,1
Arizona,"Yuma County, AZ",Citizenship,NICARAGUA,1
Arizona,"Yuma County, AZ",Age Group,All,196
Arizona,"Yuma County, AZ",Age Group,Age information witheld by ICE,196
Arizona,"Maricopa County, AZ",Facility Type,All,67
Arizona,"Maricopa County, AZ",Facility Type,Federal Facility,64
Arizona,"Maricopa County, AZ",Facility Type,INS Facility,3
Arizona,"Maricopa County, AZ",Facility Type (Detailed),All,67
Arizona,"Maricopa County, AZ",Facility Type (Detailed),Bureau of Prisons: a facility operated by/under the management of the BOP,64
Arizona,"Maricopa County, AZ",Facility Type (Detailed),Hold: a holding facility,3
Arizona,"Maricopa County, AZ",Facility Operator,All,67
Arizona,"Maricopa County, AZ",Facility Operator,Bureau of Prisons,64
Arizona,"Maricopa County, AZ",Facility Operator,Federal,3
Arizona,"Maricopa County, AZ",Facility Owner,All,67
Arizona,"Maricopa County, AZ",Facility Owner,Not defined,67
Arizona,"Maricopa County, AZ",Entered ICE Custody by Month,All,67
Arizona,"Maricopa County, AZ",Entered ICE Custody by Month,2018-04,14
Arizona,"Maricopa County, AZ",Entered ICE Custody by Month,2018-02,13
Arizona,"Maricopa County, AZ",Entered ICE Custody by Month,2018-01,7
Arizona,"Maricopa County, AZ",Entered ICE Custody by Month,2017-12,6
Arizona,"Maricopa County, AZ",Entered ICE Custody by Month,2018-06,4
Arizona,"Maricopa County, AZ",Entered ICE Custody by Month,2018-03,4
Arizona,"Maricopa County, AZ",Entered ICE Custody by Month,2018-08,3
Arizona,"Maricopa County, AZ",Entered ICE Custody by Month,2018-05,3
Arizona,"Maricopa County, AZ",Entered ICE Custody by Month,2017-11,3
Arizona,"Maricopa County, AZ",Entered ICE Custody by Month,2017-10,2
Arizona,"Maricopa County, AZ",Entered ICE Custody by Month,2017-09,2
Arizona,"Maricopa County, AZ",Entered ICE Custody by Month,2017-08,1
Arizona,"Maricopa County, AZ",Entered ICE Custody by Month,2017-07,1
Arizona,"Maricopa County, AZ",Entered ICE Custody by Month,2017-06,1
Arizona,"Maricopa County, AZ",Entered ICE Custody by Month,2017-02,1
Arizona,"Maricopa County, AZ",Entered ICE Custody by Month,2016-11,1
Arizona,"Maricopa County, AZ",Entered ICE Custody by Month,2015-04,1
Arizona,"Maricopa County, AZ",Time in U.S.,All,67
Arizona,"Maricopa County, AZ",Time in U.S.,Up to 1 year,42
Arizona,"Maricopa County, AZ",Time in U.S.,Not Known,13
Arizona,"Maricopa County, AZ",Time in U.S.,Between 1 and 2 years,4
Arizona,"Maricopa County, AZ",Time in U.S.,Between 10 and 15 years,3
Arizona,"Maricopa County, AZ",Time in U.S.,Between 3 and 4 years,2
Arizona,"Maricopa County, AZ",Time in U.S.,20 years or more,1
Arizona,"Maricopa County, AZ",Time in U.S.,Between 9 and 10 years,1
Arizona,"Maricopa County, AZ",Time in U.S.,Between 8 and 9 years,1
Arizona,"Maricopa County, AZ",Legal Permanent Resident,All,67
Arizona,"Maricopa County, AZ",Legal Permanent Resident,No,67
Arizona,"Maricopa County, AZ",Asylum Seeker/Refugee,All,67
Arizona,"Maricopa County, AZ",Asylum Seeker/Refugee,No,67
Arizona,"Maricopa County, AZ",Most Serious Criminal Conviction,All,67
Arizona,"Maricopa County, AZ",Most Serious Criminal Conviction,No Conviction,67
Arizona,"Maricopa County, AZ",Seriousness Level of MSCC,All,67
Arizona,"Maricopa County, AZ",Seriousness Level of MSCC,No Conviction,67
Arizona,"Maricopa County, AZ",Length of Time Since MSCC,All,67
Arizona,"Maricopa County, AZ",Length of Time Since MSCC,Not Known,67
Arizona,"Maricopa County, AZ",Gender,All,67
Arizona,"Maricopa County, AZ",Gender,Male,67
Arizona,"Maricopa County, AZ",Citizenship,All,67
Arizona,"Maricopa County, AZ",Citizenship,MEXICO,23
Arizona,"Maricopa County, AZ",Citizenship,GUATEMALA,16
Arizona,"Maricopa County, AZ",Citizenship,HONDURAS,12
Arizona,"Maricopa County, AZ",Citizenship,INDIA,7
Arizona,"Maricopa County, AZ",Citizenship,EL SALVADOR,4
Arizona,"Maricopa County, AZ",Citizenship,NICARAGUA,1
Arizona,"Maricopa County, AZ",Citizenship,HAITI,1
Arizona,"Maricopa County, AZ",Citizenship,MALI,1
Arizona,"Maricopa County, AZ",Citizenship,VENEZUELA,1
Arizona,"Maricopa County, AZ",Citizenship,KENYA,1
Arizona,"Maricopa County, AZ",Age Group,All,67
Arizona,"Maricopa County, AZ",Age Group,Age information witheld by ICE,67
Arizona,"La Paz County, AZ",Facility Type,All,13
Arizona,"La Paz County, AZ",Facility Type,County Facility,13
Arizona,"La Paz County, AZ",Facility Type (Detailed),All,13
Arizona,"La Paz County, AZ",Facility Type (Detailed),Intergovernment agreement with USMS which ICE utilizes,13
Arizona,"La Paz County, AZ",Facility Operator,All,13
Arizona,"La Paz County, AZ",Facility Operator,County Sheriff Department,13
Arizona,"La Paz County, AZ",Facility Owner,All,13
Arizona,"La Paz County, AZ",Facility Owner,County,13
Arizona,"La Paz County, AZ",Entered ICE Custody by Month,All,13
Arizona,"La Paz County, AZ",Entered ICE Custody by Month,2018-08,13
Arizona,"La Paz County, AZ",Time in U.S.,All,13
Arizona,"La Paz County, AZ",Time in U.S.,Up to 1 year,12
Arizona,"La Paz County, AZ",Time in U.S.,Not Known,1
Arizona,"La Paz County, AZ",Legal Permanent Resident,All,13
Arizona,"La Paz County, AZ",Legal Permanent Resident,No,13
Arizona,"La Paz County, AZ",Asylum Seeker/Refugee,All,13
Arizona,"La Paz County, AZ",Asylum Seeker/Refugee,No,13
Arizona,"La Paz County, AZ",Most Serious Criminal Conviction,All,13
Arizona,"La Paz County, AZ",Most Serious Criminal Conviction,No Conviction,13
Arizona,"La Paz County, AZ",Seriousness Level of MSCC,All,13
Arizona,"La Paz County, AZ",Seriousness Level of MSCC,No Conviction,13
Arizona,"La Paz County, AZ",Length of Time Since MSCC,All,13
Arizona,"La Paz County, AZ",Length of Time Since MSCC,Not Known,13
Arizona,"La Paz County, AZ",Gender,All,13
Arizona,"La Paz County, AZ",Gender,Male,12
Arizona,"La Paz County, AZ",Gender,Female,1
Arizona,"La Paz County, AZ",Citizenship,All,13
Arizona,"La Paz County, AZ",Citizenship,MEXICO,12
Arizona,"La Paz County, AZ",Citizenship,INDIA,1
Arizona,"La Paz County, AZ",Age Group,All,13
Arizona,"La Paz County, AZ",Age Group,Age information witheld by ICE,13
Louisiana,"La Salle Parish, LA",Facility Type,All,1118
Louisiana,"La Salle Parish, LA",Facility Type,Other Facility Type,1118
Louisiana,"La Salle Parish, LA",Facility Type (Detailed),All,1118
Louisiana,"La Salle Parish, LA",Facility Type (Detailed),Dedicated IGSA,1118
Louisiana,"La Salle Parish, LA",Facility Operator,All,1118
Louisiana,"La Salle Parish, LA",Facility Operator,"GEO Group, Inc",1118
Louisiana,"La Salle Parish, LA",Facility Owner,All,1118
Louisiana,"La Salle Parish, LA",Facility Owner,County,1118
Louisiana,"La Salle Parish, LA",Entered ICE Custody by Month,All,1118
Louisiana,"La Salle Parish, LA",Entered ICE Custody by Month,2018-07,453
Louisiana,"La Salle Parish, LA",Entered ICE Custody by Month,2018-06,194
Louisiana,"La Salle Parish, LA",Entered ICE Custody by Month,2018-05,148
Louisiana,"La Salle Parish, LA",Entered ICE Custody by Month,2018-08,70
Louisiana,"La Salle Parish, LA",Entered ICE Custody by Month,2018-04,56
Louisiana,"La Salle Parish, LA",Entered ICE Custody by Month,2018-01,33
Louisiana,"La Salle Parish, LA",Entered ICE Custody by Month,2018-03,32
Louisiana,"La Salle Parish, LA",Entered ICE Custody by Month,2017-12,26
Louisiana,"La Salle Parish, LA",Entered ICE Custody by Month,2018-02,23
Louisiana,"La Salle Parish, LA",Entered ICE Custody by Month,2017-08,11
Louisiana,"La Salle Parish, LA",Entered ICE Custody by Month,2017-09,11
Louisiana,"La Salle Parish, LA",Entered ICE Custody by Month,2017-10,9
Louisiana,"La Salle Parish, LA",Entered ICE Custody by Month,2017-11,6
Louisiana,"La Salle Parish, LA",Entered ICE Custody by Month,2016-05,5
Louisiana,"La Salle Parish, LA",Entered ICE Custody by Month,2017-07,5
Louisiana,"La Salle Parish, LA",Entered ICE Custody by Month,2017-03,5
Louisiana,"La Salle Parish, LA",Entered ICE Custody by Month,2017-06,5
Louisiana,"La Salle Parish, LA",Entered ICE Custody by Month,2017-05,4
Louisiana,"La Salle Parish, LA",Entered ICE Custody by Month,2017-02,4
Louisiana,"La Salle Parish, LA",Entered ICE Custody by Month,2017-01,3
Louisiana,"La Salle Parish, LA",Entered ICE Custody by Month,2016-07,2
Louisiana,"La Salle Parish, LA",Entered ICE Custody by Month,2016-10,2
Louisiana,"La Salle Parish, LA",Entered ICE Custody by Month,2016-12,2
Louisiana,"La Salle Parish, LA",Entered ICE Custody by Month,2011-11,1
Louisiana,"La Salle Parish, LA",Entered ICE Custody by Month,2014-07,1
Louisiana,"La Salle Parish, LA",Entered ICE Custody by Month,2014-09,1
Louisiana,"La Salle Parish, LA",Entered ICE Custody by Month,2014-12,1
Louisiana,"La Salle Parish, LA",Entered ICE Custody by Month,2015-10,1
Louisiana,"La Salle Parish, LA",Entered ICE Custody by Month,2015-12,1
Louisiana,"La Salle Parish, LA",Entered ICE Custody by Month,2016-06,1
Louisiana,"La Salle Parish, LA",Entered ICE Custody by Month,2016-11,1
Louisiana,"La Salle Parish, LA",Entered ICE Custody by Month,2013-01,1
Louisiana,"La Salle Parish, LA",Time in U.S.,All,1118
Louisiana,"La Salle Parish, LA",Time in U.S.,Not Known,591
Louisiana,"La Salle Parish, LA",Time in U.S.,Up to 1 year,159
Louisiana,"La Salle Parish, LA",Time in U.S.,Between 1 and 2 years,68
Louisiana,"La Salle Parish, LA",Time in U.S.,20 years or more,50
Louisiana,"La Salle Parish, LA",Time in U.S.,Between 10 and 15 years,46
Louisiana,"La Salle Parish, LA",Time in U.S.,Between 4 and 5 years,39
Louisiana,"La Salle Parish, LA",Time in U.S.,Between 15 and 20 years,38
Louisiana,"La Salle Parish, LA",Time in U.S.,Between 2 and 3 years,37
Louisiana,"La Salle Parish, LA",Time in U.S.,Between 3 and 4 years,34
Louisiana,"La Salle Parish, LA",Time in U.S.,Between 5 and 6 years,18
Louisiana,"La Salle Parish, LA",Time in U.S.,Between 8 and 9 years,14
Louisiana,"La Salle Parish, LA",Time in U.S.,Between 7 and 8 years,9
Louisiana,"La Salle Parish, LA",Time in U.S.,Between 6 and 7 years,8
Louisiana,"La Salle Parish, LA",Time in U.S.,Between 9 and 10 years,7
Louisiana,"La Salle Parish, LA",Legal Permanent Resident,All,1118
Louisiana,"La Salle Parish, LA",Legal Permanent Resident,No,1118
Louisiana,"La Salle Parish, LA",Asylum Seeker/Refugee,All,1118
Louisiana,"La Salle Parish, LA",Asylum Seeker/Refugee,No,1118
Louisiana,"La Salle Parish, LA",Most Serious Criminal Conviction,All,1118
Louisiana,"La Salle Parish, LA",Most Serious Criminal Conviction,No Conviction,1118
Louisiana,"La Salle Parish, LA",Seriousness Level of MSCC,All,1118
Louisiana,"La Salle Parish, LA",Seriousness Level of MSCC,No Conviction,1118
Louisiana,"La Salle Parish, LA",Length of Time Since MSCC,All,1118
Louisiana,"La Salle Parish, LA",Length of Time Since MSCC,Not Known,1118
Louisiana,"La Salle Parish, LA",Gender,All,1118
Louisiana,"La Salle Parish, LA",Gender,Male,966
Louisiana,"La Salle Parish, LA",Gender,Female,152
Louisiana,"La Salle Parish, LA",Citizenship,All,1118
Louisiana,"La Salle Parish, LA",Citizenship,MEXICO,425
Louisiana,"La Salle Parish, LA",Citizenship,GUATEMALA,210
Louisiana,"La Salle Parish, LA",Citizenship,HONDURAS,112
Louisiana,"La Salle Parish, LA",Citizenship,EL SALVADOR,83
Louisiana,"La Salle Parish, LA",Citizenship,INDIA,33
Louisiana,"La Salle Parish, LA",Citizenship,CUBA,16
Louisiana,"La Salle Parish, LA",Citizenship,"CHINA, PEOPLES REPUBLIC OF",15
Louisiana,"La Salle Parish, LA",Citizenship,NICARAGUA,14
Louisiana,"La Salle Parish, LA",Citizenship,IRAQ,12
Louisiana,"La Salle Parish, LA",Citizenship,DOMINICAN REPUBLIC,10
Louisiana,"La Salle Parish, LA",Citizenship,ECUADOR,10
Louisiana,"La Salle Parish, LA",Citizenship,MARSHALL ISLANDS,9
Louisiana,"La Salle Parish, LA",Citizenship,COLOMBIA,9
Louisiana,"La Salle Parish, LA",Citizenship,JAMAICA,8
Louisiana,"La Salle Parish, LA",Citizenship,NIGERIA,8
Louisiana,"La Salle Parish, LA",Citizenship,SOMALIA,7
Louisiana,"La Salle Parish, LA",Citizenship,VIETNAM,6
Louisiana,"La Salle Parish, LA",Citizenship,CAMEROON,6
Louisiana,"La Salle Parish, LA",Citizenship,GUINEA,6
Louisiana,"La Salle Parish, LA",Citizenship,ROMANIA,6
Louisiana,"La Salle Parish, LA",Citizenship,HAITI,6
Louisiana,"La Salle Parish, LA",Citizenship,PERU,5
Louisiana,"La Salle Parish, LA",Citizenship,PAKISTAN,5
Louisiana,"La Salle Parish, LA",Citizenship,ETHIOPIA,5
Louisiana,"La Salle Parish, LA",Citizenship,JORDAN,4
Louisiana,"La Salle Parish, LA",Citizenship,PHILIPPINES,4
Louisiana,"La Salle Parish, LA",Citizenship,BRAZIL,4
Louisiana,"La Salle Parish, LA",Citizenship,ERITREA,3
Louisiana,"La Salle Parish, LA",Citizenship,TANZANIA,3
Louisiana,"La Salle Parish, LA",Citizenship,SRI LANKA,3
Louisiana,"La Salle Parish, LA",Citizenship,GHANA,3
Louisiana,"La Salle Parish, LA",Citizenship,LEBANON,2
Louisiana,"La Salle Parish, LA",Citizenship,VENEZUELA,2
Louisiana,"La Salle Parish, LA",Citizenship,GABON,2
Louisiana,"La Salle Parish, LA",Citizenship,UNITED KINGDOM,2
Louisiana,"La Salle Parish, LA",Citizenship,KENYA,2
Louisiana,"La Salle Parish, LA",Citizenship,LAOS,2
Louisiana,"La Salle Parish, LA",Citizenship,YEMEN,2
Louisiana,"La Salle Parish, LA",Citizenship,SENEGAL,2
Louisiana,"La Salle Parish, LA",Citizenship,MONTENEGRO,2
Louisiana,"La Salle Parish, LA",Citizenship,BURMA,2
Louisiana,"La Salle Parish, LA",Citizenship,NEPAL,2
Louisiana,"La Salle Parish, LA",Citizenship,PANAMA,2
Louisiana,"La Salle Parish, LA",Citizenship,EGYPT,2
Louisiana,"La Salle Parish, LA",Citizenship,LIBERIA,2
Louisiana,"La Salle Parish, LA",Citizenship,BANGLADESH,2
Louisiana,"La Salle Parish, LA",Citizenship,SAUDI ARABIA,1
Louisiana,"La Salle Parish, LA",Citizenship,BURUNDI,1
Louisiana,"La Salle Parish, LA",Citizenship,NAMIBIA,1
Louisiana,"La Salle Parish, LA",Citizenship,QATAR,1
Louisiana,"La Salle Parish, LA",Citizenship,BURKINA FASO,1
Louisiana,"La Salle Parish, LA",Citizenship,MAURITANIA,1
Louisiana,"La Salle Parish, LA",Citizenship,SLOVAKIA,1
Louisiana,"La Salle Parish, LA",Citizenship,INDONESIA,1
Louisiana,"La Salle Parish, LA",Citizenship,SLOVENIA,1
Louisiana,"La Salle Parish, LA",Citizenship,KOSOVO,1
Louisiana,"La Salle Parish, LA",Citizenship,ANTIGUA-BARBUDA,1
Louisiana,"La Salle Parish, LA",Citizenship,LIBYA,1
Louisiana,"La Salle Parish, LA",Citizenship,DEM REP OF THE CONGO,1
Louisiana,"La Salle Parish, LA",Citizenship,ARMENIA,1
Louisiana,"La Salle Parish, LA",Citizenship,NETHERLANDS,1
Louisiana,"La Salle Parish, LA",Citizenship,ISRAEL,1
Louisiana,"La Salle Parish, LA",Citizenship,BOLIVIA,1
Louisiana,"La Salle Parish, LA",Citizenship,ALGERIA,1
Louisiana,"La Salle Parish, LA",Citizenship,FRANCE,1
Louisiana,"La Salle Parish, LA",Citizenship,MALI,1
Louisiana,"La Salle Parish, LA",Citizenship,ZIMBABWE,1
Louisiana,"La Salle Parish, LA",Citizenship,KOREA,1
Louisiana,"La Salle Parish, LA",Citizenship,BAHAMAS,1
Louisiana,"La Salle Parish, LA",Citizenship,TRINIDAD AND TOBAGO,1
Louisiana,"La Salle Parish, LA",Citizenship,UNKNOWN,1
Louisiana,"La Salle Parish, LA",Citizenship,IRELAND,1
Louisiana,"La Salle Parish, LA",Citizenship,COSTA RICA,1
Louisiana,"La Salle Parish, LA",Citizenship,SOUTH KOREA,1
Louisiana,"La Salle Parish, LA",Citizenship,CONGO,1
Louisiana,"La Salle Parish, LA",Citizenship,CANADA,1
Louisiana,"La Salle Parish, LA",Citizenship,CAPE VERDE,1
Louisiana,"La Salle Parish, LA",Citizenship,RUSSIA,1
Louisiana,"La Salle Parish, LA",Citizenship,POLAND,1
Louisiana,"La Salle Parish, LA",Citizenship,BELIZE,1
Louisiana,"La Salle Parish, LA",Citizenship,SIERRA LEONE,1
Louisiana,"La Salle Parish, LA",Citizenship,BOSNIA-HERZEGOVINA,1
Louisiana,"La Salle Parish, LA",Citizenship,GAMBIA,1
Louisiana,"La Salle Parish, LA",Citizenship,GUYANA,1
Louisiana,"La Salle Parish, LA",Age Group,All,1118
Louisiana,"La Salle Parish, LA",Age Group,Age information witheld by ICE,1118
Louisiana,"Evangeline Parish, LA",Facility Type,All,772
Louisiana,"Evangeline Parish, LA",Facility Type,Other Facility Type,772
Louisiana,"Evangeline Parish, LA",Facility Type (Detailed),All,772
Louisiana,"Evangeline Parish, LA",Facility Type (Detailed),Dedicated IGSA,772
Louisiana,"Evangeline Parish, LA",Facility Operator,All,772
Louisiana,"Evangeline Parish, LA",Facility Operator,"GEO Group, Inc",772
Louisiana,"Evangeline Parish, LA",Facility Owner,All,772
Louisiana,"Evangeline Parish, LA",Facility Owner,County,772
Louisiana,"Evangeline Parish, LA",Entered ICE Custody by Month,All,772
Louisiana,"Evangeline Parish, LA",Entered ICE Custody by Month,2018-07,302
Louisiana,"Evangeline Parish, LA",Entered ICE Custody by Month,2018-06,186
Louisiana,"Evangeline Parish, LA",Entered ICE Custody by Month,2018-05,154
Louisiana,"Evangeline Parish, LA",Entered ICE Custody by Month,2018-03,31
Louisiana,"Evangeline Parish, LA",Entered ICE Custody by Month,2018-04,23
Louisiana,"Evangeline Parish, LA",Entered ICE Custody by Month,2018-08,22
Louisiana,"Evangeline Parish, LA",Entered ICE Custody by Month,2018-02,12
Louisiana,"Evangeline Parish, LA",Entered ICE Custody by Month,2017-11,6
Louisiana,"Evangeline Parish, LA",Entered ICE Custody by Month,2017-07,5
Louisiana,"Evangeline Parish, LA",Entered ICE Custody by Month,2017-12,5
Louisiana,"Evangeline Parish, LA",Entered ICE Custody by Month,2017-05,3
Louisiana,"Evangeline Parish, LA",Entered ICE Custody by Month,2017-03,3
Louisiana,"Evangeline Parish, LA",Entered ICE Custody by Month,2018-01,3
Louisiana,"Evangeline Parish, LA",Entered ICE Custody by Month,2017-10,3
Louisiana,"Evangeline Parish, LA",Entered ICE Custody by Month,2017-06,2
Louisiana,"Evangeline Parish, LA",Entered ICE Custody by Month,2017-09,2
Louisiana,"Evangeline Parish, LA",Entered ICE Custody by Month,2017-08,1
Louisiana,"Evangeline Parish, LA",Entered ICE Custody by Month,2015-05,1
Louisiana,"Evangeline Parish, LA",Entered ICE Custody by Month,2015-10,1
Louisiana,"Evangeline Parish, LA",Entered ICE Custody by Month,2016-02,1
Louisiana,"Evangeline Parish, LA",Entered ICE Custody by Month,2016-07,1
Louisiana,"Evangeline Parish, LA",Entered ICE Custody by Month,2016-08,1
Louisiana,"Evangeline Parish, LA",Entered ICE Custody by Month,2016-10,1
Louisiana,"Evangeline Parish, LA",Entered ICE Custody by Month,2016-11,1
Louisiana,"Evangeline Parish, LA",Entered ICE Custody by Month,2017-04,1
Louisiana,"Evangeline Parish, LA",Entered ICE Custody by Month,2014-03,1
Louisiana,"Evangeline Parish, LA",Time in U.S.,All,772
Louisiana,"Evangeline Parish, LA",Time in U.S.,Up to 1 year,362
Louisiana,"Evangeline Parish, LA",Time in U.S.,Not Known,271
Louisiana,"Evangeline Parish, LA",Time in U.S.,Between 10 and 15 years,26
Louisiana,"Evangeline Parish, LA",Time in U.S.,Between 1 and 2 years,17
Louisiana,"Evangeline Parish, LA",Time in U.S.,Between 2 and 3 years,17
Louisiana,"Evangeline Parish, LA",Time in U.S.,20 years or more,17
Louisiana,"Evangeline Parish, LA",Time in U.S.,Between 4 and 5 years,16
Louisiana,"Evangeline Parish, LA",Time in U.S.,Between 15 and 20 years,14
Louisiana,"Evangeline Parish, LA",Time in U.S.,Between 6 and 7 years,8
Louisiana,"Evangeline Parish, LA",Time in U.S.,Between 3 and 4 years,6
Louisiana,"Evangeline Parish, LA",Time in U.S.,Between 8 and 9 years,6
Louisiana,"Evangeline Parish, LA",Time in U.S.,Between 5 and 6 years,5
Louisiana,"Evangeline Parish, LA",Time in U.S.,Between 7 and 8 years,4
Louisiana,"Evangeline Parish, LA",Time in U.S.,Between 9 and 10 years,3
Louisiana,"Evangeline Parish, LA",Legal Permanent Resident,All,772
Louisiana,"Evangeline Parish, LA",Legal Permanent Resident,No,772
Louisiana,"Evangeline Parish, LA",Asylum Seeker/Refugee,All,772
Louisiana,"Evangeline Parish, LA",Asylum Seeker/Refugee,No,772
Louisiana,"Evangeline Parish, LA",Most Serious Criminal Conviction,All,772
Louisiana,"Evangeline Parish, LA",Most Serious Criminal Conviction,No Conviction,772
Louisiana,"Evangeline Parish, LA",Seriousness Level of MSCC,All,772
Louisiana,"Evangeline Parish, LA",Seriousness Level of MSCC,No Conviction,772
Louisiana,"Evangeline Parish, LA",Length of Time Since MSCC,All,772
Louisiana,"Evangeline Parish, LA",Length of Time Since MSCC,Not Known,772
Louisiana,"Evangeline Parish, LA",Gender,All,772
Louisiana,"Evangeline Parish, LA",Gender,Male,772
Louisiana,"Evangeline Parish, LA",Citizenship,All,772
Louisiana,"Evangeline Parish, LA",Citizenship,MEXICO,150
Louisiana,"Evangeline Parish, LA",Citizenship,HONDURAS,140
Louisiana,"Evangeline Parish, LA",Citizenship,INDIA,135
Louisiana,"Evangeline Parish, LA",Citizenship,GUATEMALA,71
Louisiana,"Evangeline Parish, LA",Citizenship,CUBA,57
Louisiana,"Evangeline Parish, LA",Citizenship,EL SALVADOR,54
Louisiana,"Evangeline Parish, LA",Citizenship,NICARAGUA,27
Louisiana,"Evangeline Parish, LA",Citizenship,NEPAL,20
Louisiana,"Evangeline Parish, LA",Citizenship,BANGLADESH,14
Louisiana,"Evangeline Parish, LA",Citizenship,BRAZIL,7
Louisiana,"Evangeline Parish, LA",Citizenship,ECUADOR,6
Louisiana,"Evangeline Parish, LA",Citizenship,PAKISTAN,5
Louisiana,"Evangeline Parish, LA",Citizenship,NIGERIA,5
Louisiana,"Evangeline Parish, LA",Citizenship,VIETNAM,5
Louisiana,"Evangeline Parish, LA",Citizenship,COLOMBIA,4
Louisiana,"Evangeline Parish, LA",Citizenship,PERU,4
Louisiana,"Evangeline Parish, LA",Citizenship,IRAQ,4
Louisiana,"Evangeline Parish, LA",Citizenship,JAMAICA,4
Louisiana,"Evangeline Parish, LA",Citizenship,KOSOVO,4
Louisiana,"Evangeline Parish, LA",Citizenship,LIBERIA,4
Louisiana,"Evangeline Parish, LA",Citizenship,VENEZUELA,3
Louisiana,"Evangeline Parish, LA",Citizenship,RUSSIA,3
Louisiana,"Evangeline Parish, LA",Citizenship,ERITREA,3
Louisiana,"Evangeline Parish, LA",Citizenship,ROMANIA,3
Louisiana,"Evangeline Parish, LA",Citizenship,GAMBIA,2
Louisiana,"Evangeline Parish, LA",Citizenship,DOMINICAN REPUBLIC,2
Louisiana,"Evangeline Parish, LA",Citizenship,JORDAN,2
Louisiana,"Evangeline Parish, LA",Citizenship,KENYA,2
Louisiana,"Evangeline Parish, LA",Citizenship,CAMEROON,2
Louisiana,"Evangeline Parish, LA",Citizenship,"CHINA, PEOPLES REPUBLIC OF",2
Louisiana,"Evangeline Parish, LA",Citizenship,CANADA,2
Louisiana,"Evangeline Parish, LA",Citizenship,SYRIA,1
Louisiana,"Evangeline Parish, LA",Citizenship,CAMBODIA,1
Louisiana,"Evangeline Parish, LA",Citizenship,TURKEY,1
Louisiana,"Evangeline Parish, LA",Citizenship,ARGENTINA,1
Louisiana,"Evangeline Parish, LA",Citizenship,SRI LANKA,1
Louisiana,"Evangeline Parish, LA",Citizenship,PORTUGAL,1
Louisiana,"Evangeline Parish, LA",Citizenship,MAURITANIA,1
Louisiana,"Evangeline Parish, LA",Citizenship,LAOS,1
Louisiana,"Evangeline Parish, LA",Citizenship,NETHERLANDS,1
Louisiana,"Evangeline Parish, LA",Citizenship,ETHIOPIA,1
Louisiana,"Evangeline Parish, LA",Citizenship,SAUDI ARABIA,1
Louisiana,"Evangeline Parish, LA",Citizenship,MARSHALL ISLANDS,1
Louisiana,"Evangeline Parish, LA",Citizenship,MOROCCO,1
Louisiana,"Evangeline Parish, LA",Citizenship,ZAMBIA,1
Louisiana,"Evangeline Parish, LA",Citizenship,BELIZE,1
Louisiana,"Evangeline Parish, LA",Citizenship,EGYPT,1
Louisiana,"Evangeline Parish, LA",Citizenship,UKRAINE,1
Louisiana,"Evangeline Parish, LA",Citizenship,TRINIDAD AND TOBAGO,1
Louisiana,"Evangeline Parish, LA",Citizenship,IRELAND,1
Louisiana,"Evangeline Parish, LA",Citizenship,HAITI,1
Louisiana,"Evangeline Parish, LA",Citizenship,COSTA RICA,1
Louisiana,"Evangeline Parish, LA",Citizenship,GEORGIA,1
Louisiana,"Evangeline Parish, LA",Citizenship,BURMA,1
Louisiana,"Evangeline Parish, LA",Citizenship,ALBANIA,1
Louisiana,"Evangeline Parish, LA",Citizenship,THAILAND,1
Louisiana,"Evangeline Parish, LA",Citizenship,DENMARK,1
Louisiana,"Evangeline Parish, LA",Age Group,All,772
Louisiana,"Evangeline Parish, LA",Age Group,Age information witheld by ICE,772
Louisiana,"Rapides Parish, LA",Facility Type,All,278
Louisiana,"Rapides Parish, LA",Facility Type,INS Facility,278
Louisiana,"Rapides Parish, LA",Facility Type (Detailed),All,278
Louisiana,"Rapides Parish, LA",Facility Type (Detailed),A facility used for Staging purposes,278
Louisiana,"Rapides Parish, LA",Facility Operator,All,278
Louisiana,"Rapides Parish, LA",Facility Operator,"GEO Group, Inc",278
Louisiana,"Rapides Parish, LA",Facility Owner,All,278
Louisiana,"Rapides Parish, LA",Facility Owner,County,278
Louisiana,"Rapides Parish, LA",Entered ICE Custody by Month,All,278
Louisiana,"Rapides Parish, LA",Entered ICE Custody by Month,2018-06,84
Louisiana,"Rapides Parish, LA",Entered ICE Custody by Month,2018-07,66
Louisiana,"Rapides Parish, LA",Entered ICE Custody by Month,2018-05,50
Louisiana,"Rapides Parish, LA",Entered ICE Custody by Month,2018-04,23
Louisiana,"Rapides Parish, LA",Entered ICE Custody by Month,2018-02,13
Louisiana,"Rapides Parish, LA",Entered ICE Custody by Month,2018-03,11
Louisiana,"Rapides Parish, LA",Entered ICE Custody by Month,2017-11,8
Louisiana,"Rapides Parish, LA",Entered ICE Custody by Month,2018-01,4
Louisiana,"Rapides Parish, LA",Entered ICE Custody by Month,2017-10,3
Louisiana,"Rapides Parish, LA",Entered ICE Custody by Month,2017-12,2
Louisiana,"Rapides Parish, LA",Entered ICE Custody by Month,2018-08,2
Louisiana,"Rapides Parish, LA",Entered ICE Custody by Month,2017-07,2
Louisiana,"Rapides Parish, LA",Entered ICE Custody by Month,2017-06,2
Louisiana,"Rapides Parish, LA",Entered ICE Custody by Month,2017-04,2
Louisiana,"Rapides Parish, LA",Entered ICE Custody by Month,2017-01,2
Louisiana,"Rapides Parish, LA",Entered ICE Custody by Month,2017-08,1
Louisiana,"Rapides Parish, LA",Entered ICE Custody by Month,2017-03,1
Louisiana,"Rapides Parish, LA",Entered ICE Custody by Month,2017-02,1
Louisiana,"Rapides Parish, LA",Entered ICE Custody by Month,2015-06,1
Louisiana,"Rapides Parish, LA",Time in U.S.,All,278
Louisiana,"Rapides Parish, LA",Time in U.S.,Not Known,106
Louisiana,"Rapides Parish, LA",Time in U.S.,Up to 1 year,79
Louisiana,"Rapides Parish, LA",Time in U.S.,Between 1 and 2 years,18
Louisiana,"Rapides Parish, LA",Time in U.S.,Between 10 and 15 years,14
Louisiana,"Rapides Parish, LA",Time in U.S.,Between 4 and 5 years,13
Louisiana,"Rapides Parish, LA",Time in U.S.,Between 15 and 20 years,10
Louisiana,"Rapides Parish, LA",Time in U.S.,Between 2 and 3 years,9
Louisiana,"Rapides Parish, LA",Time in U.S.,Between 5 and 6 years,8
Louisiana,"Rapides Parish, LA",Time in U.S.,20 years or more,8
Louisiana,"Rapides Parish, LA",Time in U.S.,Between 3 and 4 years,5
Louisiana,"Rapides Parish, LA",Time in U.S.,Between 6 and 7 years,5
Louisiana,"Rapides Parish, LA",Time in U.S.,Between 9 and 10 years,1
Louisiana,"Rapides Parish, LA",Time in U.S.,Between 8 and 9 years,1
Louisiana,"Rapides Parish, LA",Time in U.S.,Between 7 and 8 years,1
Louisiana,"Rapides Parish, LA",Legal Permanent Resident,All,278
Louisiana,"Rapides Parish, LA",Legal Permanent Resident,No,278
Louisiana,"Rapides Parish, LA",Asylum Seeker/Refugee,All,278
Louisiana,"Rapides Parish, LA",Asylum Seeker/Refugee,No,278
Louisiana,"Rapides Parish, LA",Most Serious Criminal Conviction,All,278
Louisiana,"Rapides Parish, LA",Most Serious Criminal Conviction,No Conviction,278
Louisiana,"Rapides Parish, LA",Seriousness Level of MSCC,All,278
Louisiana,"Rapides Parish, LA",Seriousness Level of MSCC,No Conviction,278
Louisiana,"Rapides Parish, LA",Length of Time Since MSCC,All,278
Louisiana,"Rapides Parish, LA",Length of Time Since MSCC,Not Known,278
Louisiana,"Rapides Parish, LA",Gender,All,278
Louisiana,"Rapides Parish, LA",Gender,Male,278
Louisiana,"Rapides Parish, LA",Citizenship,All,278
Louisiana,"Rapides Parish, LA",Citizenship,GUATEMALA,83
Louisiana,"Rapides Parish, LA",Citizenship,HONDURAS,59
Louisiana,"Rapides Parish, LA",Citizenship,DOMINICAN REPUBLIC,42
Louisiana,"Rapides Parish, LA",Citizenship,EL SALVADOR,34
Louisiana,"Rapides Parish, LA",Citizenship,NICARAGUA,25
Louisiana,"Rapides Parish, LA",Citizenship,HAITI,18
Louisiana,"Rapides Parish, LA",Citizenship,BRAZIL,4
Louisiana,"Rapides Parish, LA",Citizenship,NEPAL,1
Louisiana,"Rapides Parish, LA",Citizenship,GUINEA,1
Louisiana,"Rapides Parish, LA",Citizenship,BOLIVIA,1
Louisiana,"Rapides Parish, LA",Citizenship,MAURITANIA,1
Louisiana,"Rapides Parish, LA",Citizenship,SRI LANKA,1
Louisiana,"Rapides Parish, LA",Citizenship,GAMBIA,1
Louisiana,"Rapides Parish, LA",Citizenship,MALI,1
Louisiana,"Rapides Parish, LA",Citizenship,GHANA,1
Louisiana,"Rapides Parish, LA",Citizenship,MEXICO,1
Louisiana,"Rapides Parish, LA",Citizenship,PERU,1
Louisiana,"Rapides Parish, LA",Citizenship,IRAQ,1
Louisiana,"Rapides Parish, LA",Citizenship,CUBA,1
Louisiana,"Rapides Parish, LA",Citizenship,INDONESIA,1
Louisiana,"Rapides Parish, LA",Age Group,All,278
Louisiana,"Rapides Parish, LA",Age Group,Age information witheld by ICE,278
Louisiana,"Bossier Parish, LA",Facility Type,All,202
Louisiana,"Bossier Parish, LA",Facility Type,County Facility,202
Louisiana,"Bossier Parish, LA",Facility Type (Detailed),All,202
Louisiana,"Bossier Parish, LA",Facility Type (Detailed),Intergovernment agreement with USMS which ICE utilizes,202
Louisiana,"Bossier Parish, LA",Facility Operator,All,202
Louisiana,"Bossier Parish, LA",Facility Operator,County,202
Louisiana,"Bossier Parish, LA",Facility Owner,All,202
Louisiana,"Bossier Parish, LA",Facility Owner,County,202
Louisiana,"Bossier Parish, LA",Entered ICE Custody by Month,All,202
Louisiana,"Bossier Parish, LA",Entered ICE Custody by Month,2018-06,173
Louisiana,"Bossier Parish, LA",Entered ICE Custody by Month,2018-07,29
Louisiana,"Bossier Parish, LA",Time in U.S.,All,202
Louisiana,"Bossier Parish, LA",Time in U.S.,Up to 1 year,180
Louisiana,"Bossier Parish, LA",Time in U.S.,Not Known,16
Louisiana,"Bossier Parish, LA",Time in U.S.,Between 7 and 8 years,2
Louisiana,"Bossier Parish, LA",Time in U.S.,Between 3 and 4 years,2
Louisiana,"Bossier Parish, LA",Time in U.S.,Between 15 and 20 years,1
Louisiana,"Bossier Parish, LA",Time in U.S.,Between 1 and 2 years,1
Louisiana,"Bossier Parish, LA",Legal Permanent Resident,All,202
Louisiana,"Bossier Parish, LA",Legal Permanent Resident,No,202
Louisiana,"Bossier Parish, LA",Asylum Seeker/Refugee,All,202
Louisiana,"Bossier Parish, LA",Asylum Seeker/Refugee,No,202
Louisiana,"Bossier Parish, LA",Most Serious Criminal Conviction,All,202
Louisiana,"Bossier Parish, LA",Most Serious Criminal Conviction,No Conviction,202
Louisiana,"Bossier Parish, LA",Seriousness Level of MSCC,All,202
Louisiana,"Bossier Parish, LA",Seriousness Level of MSCC,No Conviction,202
Louisiana,"Bossier Parish, LA",Length of Time Since MSCC,All,202
Louisiana,"Bossier Parish, LA",Length of Time Since MSCC,Not Known,202
Louisiana,"Bossier Parish, LA",Gender,All,202
Louisiana,"Bossier Parish, LA",Gender,Male,202
Louisiana,"Bossier Parish, LA",Citizenship,All,202
Louisiana,"Bossier Parish, LA",Citizenship,HONDURAS,70
Louisiana,"Bossier Parish, LA",Citizenship,GUATEMALA,35
Louisiana,"Bossier Parish, LA",Citizenship,NICARAGUA,24
Louisiana,"Bossier Parish, LA",Citizenship,MEXICO,16
Louisiana,"Bossier Parish, LA",Citizenship,"CHINA, PEOPLES REPUBLIC OF",13
Louisiana,"Bossier Parish, LA",Citizenship,INDIA,13
Louisiana,"Bossier Parish, LA",Citizenship,BANGLADESH,7
Louisiana,"Bossier Parish, LA",Citizenship,NEPAL,4
Louisiana,"Bossier Parish, LA",Citizenship,ECUADOR,4
Louisiana,"Bossier Parish, LA",Citizenship,YEMEN,4
Louisiana,"Bossier Parish, LA",Citizenship,PERU,3
Louisiana,"Bossier Parish, LA",Citizenship,SRI LANKA,3
Louisiana,"Bossier Parish, LA",Citizenship,BRAZIL,2
Louisiana,"Bossier Parish, LA",Citizenship,VENEZUELA,2
Louisiana,"Bossier Parish, LA",Citizenship,COLOMBIA,1
Louisiana,"Bossier Parish, LA",Citizenship,ERITREA,1
Louisiana,"Bossier Parish, LA",Age Group,All,202
Louisiana,"Bossier Parish, LA",Age Group,Age information witheld by ICE,202
Louisiana,"Natchitoches Parish, LA",Facility Type,All,97
Louisiana,"Natchitoches Parish, LA",Facility Type,County Facility,97
Louisiana,"Natchitoches Parish, LA",Facility Type (Detailed),All,97
Louisiana,"Natchitoches Parish, LA",Facility Type (Detailed),Intergovernment agreement with USMS which ICE utilizes,97
Louisiana,"Natchitoches Parish, LA",Facility Operator,All,97
Louisiana,"Natchitoches Parish, LA",Facility Operator,County,97
Louisiana,"Natchitoches Parish, LA",Facility Owner,All,97
Louisiana,"Natchitoches Parish, LA",Facility Owner,County,97
Louisiana,"Natchitoches Parish, LA",Entered ICE Custody by Month,All,97
Louisiana,"Natchitoches Parish, LA",Entered ICE Custody by Month,2018-05,30
Louisiana,"Natchitoches Parish, LA",Entered ICE Custody by Month,2018-06,29
Louisiana,"Natchitoches Parish, LA",Entered ICE Custody by Month,2018-07,18
Louisiana,"Natchitoches Parish, LA",Entered ICE Custody by Month,2018-04,10
Louisiana,"Natchitoches Parish, LA",Entered ICE Custody by Month,2018-03,7
Louisiana,"Natchitoches Parish, LA",Entered ICE Custody by Month,2018-02,2
Louisiana,"Natchitoches Parish, LA",Entered ICE Custody by Month,2017-12,1
Louisiana,"Natchitoches Parish, LA",Time in U.S.,All,97
Louisiana,"Natchitoches Parish, LA",Time in U.S.,Not Known,41
Louisiana,"Natchitoches Parish, LA",Time in U.S.,Up to 1 year,35
Louisiana,"Natchitoches Parish, LA",Time in U.S.,Between 4 and 5 years,6
Louisiana,"Natchitoches Parish, LA",Time in U.S.,Between 2 and 3 years,5
Louisiana,"Natchitoches Parish, LA",Time in U.S.,Between 3 and 4 years,3
Louisiana,"Natchitoches Parish, LA",Time in U.S.,20 years or more,2
Louisiana,"Natchitoches Parish, LA",Time in U.S.,Between 5 and 6 years,2
Louisiana,"Natchitoches Parish, LA",Time in U.S.,Between 10 and 15 years,2
Louisiana,"Natchitoches Parish, LA",Time in U.S.,Between 6 and 7 years,1
Louisiana,"Natchitoches Parish, LA",Legal Permanent Resident,All,97
Louisiana,"Natchitoches Parish, LA",Legal Permanent Resident,No,97
Louisiana,"Natchitoches Parish, LA",Asylum Seeker/Refugee,All,97
Louisiana,"Natchitoches Parish, LA",Asylum Seeker/Refugee,No,97
Louisiana,"Natchitoches Parish, LA",Most Serious Criminal Conviction,All,97
Louisiana,"Natchitoches Parish, LA",Most Serious Criminal Conviction,No Conviction,97
Louisiana,"Natchitoches Parish, LA",Seriousness Level of MSCC,All,97
Louisiana,"Natchitoches Parish, LA",Seriousness Level of MSCC,No Conviction,97
Louisiana,"Natchitoches Parish, LA",Length of Time Since MSCC,All,97
Louisiana,"Natchitoches Parish, LA",Length of Time Since MSCC,Not Known,97
Louisiana,"Natchitoches Parish, LA",Gender,All,97
Louisiana,"Natchitoches Parish, LA",Gender,Male,97
Louisiana,"Natchitoches Parish, LA",Citizenship,All,97
Louisiana,"Natchitoches Parish, LA",Citizenship,GUATEMALA,49
Louisiana,"Natchitoches Parish, LA",Citizenship,EL SALVADOR,48
Louisiana,"Natchitoches Parish, LA",Age Group,All,97
Louisiana,"Natchitoches Parish, LA",Age Group,Age information witheld by ICE,97
Louisiana,"Allen Parish, LA",Facility Type,All,54
Louisiana,"Allen Parish, LA",Facility Type,County Facility,54
Louisiana,"Allen Parish, LA",Facility Type (Detailed),All,54
Louisiana,"Allen Parish, LA",Facility Type (Detailed),Intergovernmental Service Agreement: a facility operated by state/local govt,54
Louisiana,"Allen Parish, LA",Facility Operator,All,54
Louisiana,"Allen Parish, LA",Facility Operator,County,54
Louisiana,"Allen Parish, LA",Facility Owner,All,54
Louisiana,"Allen Parish, LA",Facility Owner,County,54
Louisiana,"Allen Parish, LA",Entered ICE Custody by Month,All,54
Louisiana,"Allen Parish, LA",Entered ICE Custody by Month,2018-07,27
Louisiana,"Allen Parish, LA",Entered ICE Custody by Month,2018-05,14
Louisiana,"Allen Parish, LA",Entered ICE Custody by Month,2018-04,3
Louisiana,"Allen Parish, LA",Entered ICE Custody by Month,2018-06,3
Louisiana,"Allen Parish, LA",Entered ICE Custody by Month,2018-03,2
Louisiana,"Allen Parish, LA",Entered ICE Custody by Month,2017-08,1
Louisiana,"Allen Parish, LA",Entered ICE Custody by Month,2018-02,1
Louisiana,"Allen Parish, LA",Entered ICE Custody by Month,2017-11,1
Louisiana,"Allen Parish, LA",Entered ICE Custody by Month,2017-10,1
Louisiana,"Allen Parish, LA",Entered ICE Custody by Month,2018-08,1
Louisiana,"Allen Parish, LA",Time in U.S.,All,54
Louisiana,"Allen Parish, LA",Time in U.S.,Up to 1 year,45
Louisiana,"Allen Parish, LA",Time in U.S.,Not Known,5
Louisiana,"Allen Parish, LA",Time in U.S.,20 years or more,1
Louisiana,"Allen Parish, LA",Time in U.S.,Between 4 and 5 years,1
Louisiana,"Allen Parish, LA",Time in U.S.,Between 2 and 3 years,1
Louisiana,"Allen Parish, LA",Time in U.S.,Between 1 and 2 years,1
Louisiana,"Allen Parish, LA",Legal Permanent Resident,All,54
Louisiana,"Allen Parish, LA",Legal Permanent Resident,No,54
Louisiana,"Allen Parish, LA",Asylum Seeker/Refugee,All,54
Louisiana,"Allen Parish, LA",Asylum Seeker/Refugee,No,54
Louisiana,"Allen Parish, LA",Most Serious Criminal Conviction,All,54
Louisiana,"Allen Parish, LA",Most Serious Criminal Conviction,No Conviction,54
Louisiana,"Allen Parish, LA",Seriousness Level of MSCC,All,54
Louisiana,"Allen Parish, LA",Seriousness Level of MSCC,No Conviction,54
Louisiana,"Allen Parish, LA",Length of Time Since MSCC,All,54
Louisiana,"Allen Parish, LA",Length of Time Since MSCC,Not Known,54
Louisiana,"Allen Parish, LA",Gender,All,54
Louisiana,"Allen Parish, LA",Gender,Male,54
Louisiana,"Allen Parish, LA",Citizenship,All,54
Louisiana,"Allen Parish, LA",Citizenship,INDIA,13
Louisiana,"Allen Parish, LA",Citizenship,HONDURAS,11
Louisiana,"Allen Parish, LA",Citizenship,GUATEMALA,7
Louisiana,"Allen Parish, LA",Citizenship,NICARAGUA,5
Louisiana,"Allen Parish, LA",Citizenship,"CHINA, PEOPLES REPUBLIC OF",3
Louisiana,"Allen Parish, LA",Citizenship,ECUADOR,3
Louisiana,"Allen Parish, LA",Citizenship,NEPAL,2
Louisiana,"Allen Parish, LA",Citizenship,EL SALVADOR,2
Louisiana,"Allen Parish, LA",Citizenship,BANGLADESH,2
Louisiana,"Allen Parish, LA",Citizenship,GAMBIA,1
Louisiana,"Allen Parish, LA",Citizenship,VIETNAM,1
Louisiana,"Allen Parish, LA",Citizenship,PAKISTAN,1
Louisiana,"Allen Parish, LA",Citizenship,NIGERIA,1
Louisiana,"Allen Parish, LA",Citizenship,PERU,1
Louisiana,"Allen Parish, LA",Citizenship,MEXICO,1
Louisiana,"Allen Parish, LA",Age Group,All,54
Louisiana,"Allen Parish, LA",Age Group,Age information witheld by ICE,54
Louisiana,"St. Tammany Parish, LA",Facility Type,All,10
Louisiana,"St. Tammany Parish, LA",Facility Type,County Facility,10
Louisiana,"St. Tammany Parish, LA",Facility Type (Detailed),All,10
Louisiana,"St. Tammany Parish, LA",Facility Type (Detailed),Intergovernmental Service Agreement: a facility operated by state/local govt,10
Louisiana,"St. Tammany Parish, LA",Facility Operator,All,10
Louisiana,"St. Tammany Parish, LA",Facility Operator,County Sheriff Department,10
Louisiana,"St. Tammany Parish, LA",Facility Owner,All,10
Louisiana,"St. Tammany Parish, LA",Facility Owner,County,10
Louisiana,"St. Tammany Parish, LA",Entered ICE Custody by Month,All,10
Louisiana,"St. Tammany Parish, LA",Entered ICE Custody by Month,2018-08,10
Louisiana,"St. Tammany Parish, LA",Time in U.S.,All,10
Louisiana,"St. Tammany Parish, LA",Time in U.S.,Not Known,7
Louisiana,"St. Tammany Parish, LA",Time in U.S.,Between 5 and 6 years,1
Louisiana,"St. Tammany Parish, LA",Time in U.S.,Between 4 and 5 years,1
Louisiana,"St. Tammany Parish, LA",Time in U.S.,Between 1 and 2 years,1
Louisiana,"St. Tammany Parish, LA",Legal Permanent Resident,All,10
Louisiana,"St. Tammany Parish, LA",Legal Permanent Resident,No,10
Louisiana,"St. Tammany Parish, LA",Asylum Seeker/Refugee,All,10
Louisiana,"St. Tammany Parish, LA",Asylum Seeker/Refugee,No,10
Louisiana,"St. Tammany Parish, LA",Most Serious Criminal Conviction,All,10
Louisiana,"St. Tammany Parish, LA",Most Serious Criminal Conviction,No Conviction,10
Louisiana,"St. Tammany Parish, LA",Seriousness Level of MSCC,All,10
Louisiana,"St. Tammany Parish, LA",Seriousness Level of MSCC,No Conviction,10
Louisiana,"St. Tammany Parish, LA",Length of Time Since MSCC,All,10
Louisiana,"St. Tammany Parish, LA",Length of Time Since MSCC,Not Known,10
Louisiana,"St. Tammany Parish, LA",Gender,All,10
Louisiana,"St. Tammany Parish, LA",Gender,Male,8
Louisiana,"St. Tammany Parish, LA",Gender,Female,2
Louisiana,"St. Tammany Parish, LA",Citizenship,All,10
Louisiana,"St. Tammany Parish, LA",Citizenship,HONDURAS,5
Louisiana,"St. Tammany Parish, LA",Citizenship,MEXICO,2
Louisiana,"St. Tammany Parish, LA",Citizenship,GUATEMALA,2
Louisiana,"St. Tammany Parish, LA",Citizenship,"CHINA, PEOPLES REPUBLIC OF",1
Louisiana,"St. Tammany Parish, LA",Age Group,All,10
Louisiana,"St. Tammany Parish, LA",Age Group,Age information witheld by ICE,10
New Jersey,"Essex County, NJ",Facility Type,All,829
New Jersey,"Essex County, NJ",Facility Type,County Facility,829
New Jersey,"Essex County, NJ",Facility Type (Detailed),All,829
New Jersey,"Essex County, NJ",Facility Type (Detailed),Intergovernmental Service Agreement: a facility operated by state/local govt,829
New Jersey,"Essex County, NJ",Facility Operator,All,829
New Jersey,"Essex County, NJ",Facility Operator,County Corrections Office,829
New Jersey,"Essex County, NJ",Facility Owner,All,829
New Jersey,"Essex County, NJ",Facility Owner,County,829
New Jersey,"Essex County, NJ",Entered ICE Custody by Month,All,829
New Jersey,"Essex County, NJ",Entered ICE Custody by Month,2018-07,179
New Jersey,"Essex County, NJ",Entered ICE Custody by Month,2018-06,158
New Jersey,"Essex County, NJ",Entered ICE Custody by Month,2018-05,76
New Jersey,"Essex County, NJ",Entered ICE Custody by Month,2018-04,61
New Jersey,"Essex County, NJ",Entered ICE Custody by Month,2018-03,53
New Jersey,"Essex County, NJ",Entered ICE Custody by Month,2017-12,38
New Jersey,"Essex County, NJ",Entered ICE Custody by Month,2018-02,35
New Jersey,"Essex County, NJ",Entered ICE Custody by Month,2018-08,35
New Jersey,"Essex County, NJ",Entered ICE Custody by Month,2017-10,32
New Jersey,"Essex County, NJ",Entered ICE Custody by Month,2018-01,29
New Jersey,"Essex County, NJ",Entered ICE Custody by Month,2017-09,27
New Jersey,"Essex County, NJ",Entered ICE Custody by Month,2017-11,25
New Jersey,"Essex County, NJ",Entered ICE Custody by Month,2017-06,17
New Jersey,"Essex County, NJ",Entered ICE Custody by Month,2017-07,10
New Jersey,"Essex County, NJ",Entered ICE Custody by Month,2017-08,8
New Jersey,"Essex County, NJ",Entered ICE Custody by Month,2017-03,7
New Jersey,"Essex County, NJ",Entered ICE Custody by Month,2017-01,5
New Jersey,"Essex County, NJ",Entered ICE Custody by Month,2017-05,5
New Jersey,"Essex County, NJ",Entered ICE Custody by Month,2016-11,4
New Jersey,"Essex County, NJ",Entered ICE Custody by Month,2017-04,3
New Jersey,"Essex County, NJ",Entered ICE Custody by Month,2017-02,3
New Jersey,"Essex County, NJ",Entered ICE Custody by Month,2016-10,3
New Jersey,"Essex County, NJ",Entered ICE Custody by Month,2016-09,3
New Jersey,"Essex County, NJ",Entered ICE Custody by Month,2016-12,2
New Jersey,"Essex County, NJ",Entered ICE Custody by Month,2016-07,2
New Jersey,"Essex County, NJ",Entered ICE Custody by Month,2016-03,2
New Jersey,"Essex County, NJ",Entered ICE Custody by Month,2015-11,1
New Jersey,"Essex County, NJ",Entered ICE Custody by Month,2016-01,1
New Jersey,"Essex County, NJ",Entered ICE Custody by Month,2016-04,1
New Jersey,"Essex County, NJ",Entered ICE Custody by Month,2016-05,1
New Jersey,"Essex County, NJ",Entered ICE Custody by Month,2016-06,1
New Jersey,"Essex County, NJ",Entered ICE Custody by Month,2016-08,1
New Jersey,"Essex County, NJ",Entered ICE Custody by Month,2014-10,1
New Jersey,"Essex County, NJ",Time in U.S.,All,829
New Jersey,"Essex County, NJ",Time in U.S.,Not Known,406
New Jersey,"Essex County, NJ",Time in U.S.,20 years or more,97
New Jersey,"Essex County, NJ",Time in U.S.,Up to 1 year,71
New Jersey,"Essex County, NJ",Time in U.S.,Between 10 and 15 years,55
New Jersey,"Essex County, NJ",Time in U.S.,Between 15 and 20 years,54
New Jersey,"Essex County, NJ",Time in U.S.,Between 4 and 5 years,29
New Jersey,"Essex County, NJ",Time in U.S.,Between 3 and 4 years,26
New Jersey,"Essex County, NJ",Time in U.S.,Between 1 and 2 years,26
New Jersey,"Essex County, NJ",Time in U.S.,Between 2 and 3 years,16
New Jersey,"Essex County, NJ",Time in U.S.,Between 5 and 6 years,14
New Jersey,"Essex County, NJ",Time in U.S.,Between 7 and 8 years,12
New Jersey,"Essex County, NJ",Time in U.S.,Between 6 and 7 years,9
New Jersey,"Essex County, NJ",Time in U.S.,Between 9 and 10 years,9
New Jersey,"Essex County, NJ",Time in U.S.,Between 8 and 9 years,5
New Jersey,"Essex County, NJ",Legal Permanent Resident,All,829
New Jersey,"Essex County, NJ",Legal Permanent Resident,No,829
New Jersey,"Essex County, NJ",Asylum Seeker/Refugee,All,829
New Jersey,"Essex County, NJ",Asylum Seeker/Refugee,No,829
New Jersey,"Essex County, NJ",Most Serious Criminal Conviction,All,829
New Jersey,"Essex County, NJ",Most Serious Criminal Conviction,No Conviction,829
New Jersey,"Essex County, NJ",Seriousness Level of MSCC,All,829
New Jersey,"Essex County, NJ",Seriousness Level of MSCC,No Conviction,829
New Jersey,"Essex County, NJ",Length of Time Since MSCC,All,829
New Jersey,"Essex County, NJ",Length of Time Since MSCC,Not Known,829
New Jersey,"Essex County, NJ",Gender,All,829
New Jersey,"Essex County, NJ",Gender,Male,829
New Jersey,"Essex County, NJ",Citizenship,All,829
New Jersey,"Essex County, NJ",Citizenship,MEXICO,194
New Jersey,"Essex County, NJ",Citizenship,EL SALVADOR,105
New Jersey,"Essex County, NJ",Citizenship,GUATEMALA,82
New Jersey,"Essex County, NJ",Citizenship,HONDURAS,77
New Jersey,"Essex County, NJ",Citizenship,DOMINICAN REPUBLIC,56
New Jersey,"Essex County, NJ",Citizenship,ECUADOR,33
New Jersey,"Essex County, NJ",Citizenship,JAMAICA,30
New Jersey,"Essex County, NJ",Citizenship,CUBA,23
New Jersey,"Essex County, NJ",Citizenship,PERU,21
New Jersey,"Essex County, NJ",Citizenship,HAITI,20
New Jersey,"Essex County, NJ",Citizenship,INDIA,13
New Jersey,"Essex County, NJ",Citizenship,COSTA RICA,11
New Jersey,"Essex County, NJ",Citizenship,GUYANA,11
New Jersey,"Essex County, NJ",Citizenship,BRAZIL,11
New Jersey,"Essex County, NJ",Citizenship,BANGLADESH,9
New Jersey,"Essex County, NJ",Citizenship,TRINIDAD AND TOBAGO,9
New Jersey,"Essex County, NJ",Citizenship,LIBERIA,8
New Jersey,"Essex County, NJ",Citizenship,COLOMBIA,6
New Jersey,"Essex County, NJ",Citizenship,NIGERIA,6
New Jersey,"Essex County, NJ",Citizenship,"CHINA, PEOPLES REPUBLIC OF",6
New Jersey,"Essex County, NJ",Citizenship,PAKISTAN,5
New Jersey,"Essex County, NJ",Citizenship,PHILIPPINES,5
New Jersey,"Essex County, NJ",Citizenship,PORTUGAL,4
New Jersey,"Essex County, NJ",Citizenship,UNITED KINGDOM,4
New Jersey,"Essex County, NJ",Citizenship,GAMBIA,3
New Jersey,"Essex County, NJ",Citizenship,GUINEA,3
New Jersey,"Essex County, NJ",Citizenship,VENEZUELA,3
New Jersey,"Essex County, NJ",Citizenship,CAMEROON,3
New Jersey,"Essex County, NJ",Citizenship,SOUTH KOREA,3
New Jersey,"Essex County, NJ",Citizenship,RUSSIA,3
New Jersey,"Essex County, NJ",Citizenship,NICARAGUA,3
New Jersey,"Essex County, NJ",Citizenship,URUGUAY,3
New Jersey,"Essex County, NJ",Citizenship,ANTIGUA-BARBUDA,2
New Jersey,"Essex County, NJ",Citizenship,ANGUILLA,2
New Jersey,"Essex County, NJ",Citizenship,ALBANIA,2
New Jersey,"Essex County, NJ",Citizenship,TURKEY,2
New Jersey,"Essex County, NJ",Citizenship,POLAND,2
New Jersey,"Essex County, NJ",Citizenship,ROMANIA,2
New Jersey,"Essex County, NJ",Citizenship,INDONESIA,2
New Jersey,"Essex County, NJ",Citizenship,BELIZE,2
New Jersey,"Essex County, NJ",Citizenship,ARGENTINA,2
New Jersey,"Essex County, NJ",Citizenship,PANAMA,2
New Jersey,"Essex County, NJ",Citizenship,GHANA,2
New Jersey,"Essex County, NJ",Citizenship,EGYPT,2
New Jersey,"Essex County, NJ",Citizenship,KENYA,1
New Jersey,"Essex County, NJ",Citizenship,UKRAINE,1
New Jersey,"Essex County, NJ",Citizenship,BENIN,1
New Jersey,"Essex County, NJ",Citizenship,YEMEN,1
New Jersey,"Essex County, NJ",Citizenship,LAOS,1
New Jersey,"Essex County, NJ",Citizenship,ST. KITTS-NEVIS,1
New Jersey,"Essex County, NJ",Citizenship,UNKNOWN,1
New Jersey,"Essex County, NJ",Citizenship,DEM REP OF THE CONGO,1
New Jersey,"Essex County, NJ",Citizenship,THAILAND,1
New Jersey,"Essex County, NJ",Citizenship,IRELAND,1
New Jersey,"Essex County, NJ",Citizenship,SPAIN,1
New Jersey,"Essex County, NJ",Citizenship,AUSTRIA,1
New Jersey,"Essex County, NJ",Citizenship,IRAQ,1
New Jersey,"Essex County, NJ",Citizenship,MACEDONIA,1
New Jersey,"Essex County, NJ",Citizenship,BERMUDA,1
New Jersey,"Essex County, NJ",Citizenship,SUDAN,1
New Jersey,"Essex County, NJ",Citizenship,ST. VINCENT-GRENADINES,1
New Jersey,"Essex County, NJ",Citizenship,SIERRA LEONE,1
New Jersey,"Essex County, NJ",Citizenship,ERITREA,1
New Jersey,"Essex County, NJ",Citizenship,GEORGIA,1
New Jersey,"Essex County, NJ",Citizenship,LEBANON,1
New Jersey,"Essex County, NJ",Citizenship,AFGHANISTAN,1
New Jersey,"Essex County, NJ",Citizenship,CAPE VERDE,1
New Jersey,"Essex County, NJ",Citizenship,IVORY COAST,1
New Jersey,"Essex County, NJ",Citizenship,FRANCE,1
New Jersey,"Essex County, NJ",Citizenship,ITALY,1
New Jersey,"Essex County, NJ",Citizenship,BOLIVIA,1
New Jersey,"Essex County, NJ",Citizenship,ISRAEL,1
New Jersey,"Essex County, NJ",Citizenship,SYRIA,1
New Jersey,"Essex County, NJ",Citizenship,GERMANY,1
New Jersey,"Essex County, NJ",Citizenship,KAZAKHSTAN,1
New Jersey,"Essex County, NJ",Citizenship,GUADELOUPE,1
New Jersey,"Essex County, NJ",Age Group,All,829
New Jersey,"Essex County, NJ",Age Group,Age information witheld by ICE,829
New Jersey,"Hudson County, NJ",Facility Type,All,664
New Jersey,"Hudson County, NJ",Facility Type,County Facility,664
New Jersey,"Hudson County, NJ",Facility Type (Detailed),All,664
New Jersey,"Hudson County, NJ",Facility Type (Detailed),Intergovernmental Service Agreement: a facility operated by state/local govt,664
New Jersey,"Hudson County, NJ",Facility Operator,All,664
New Jersey,"Hudson County, NJ",Facility Operator,County Corrections Office,664
New Jersey,"Hudson County, NJ",Facility Owner,All,664
New Jersey,"Hudson County, NJ",Facility Owner,County,664
New Jersey,"Hudson County, NJ",Entered ICE Custody by Month,All,664
New Jersey,"Hudson County, NJ",Entered ICE Custody by Month,2018-06,134
New Jersey,"Hudson County, NJ",Entered ICE Custody by Month,2018-07,115
New Jersey,"Hudson County, NJ",Entered ICE Custody by Month,2018-04,97
New Jersey,"Hudson County, NJ",Entered ICE Custody by Month,2018-03,54
New Jersey,"Hudson County, NJ",Entered ICE Custody by Month,2018-08,44
New Jersey,"Hudson County, NJ",Entered ICE Custody by Month,2018-05,42
New Jersey,"Hudson County, NJ",Entered ICE Custody by Month,2018-02,32
New Jersey,"Hudson County, NJ",Entered ICE Custody by Month,2017-12,22
New Jersey,"Hudson County, NJ",Entered ICE Custody by Month,2018-01,19
New Jersey,"Hudson County, NJ",Entered ICE Custody by Month,2017-11,15
New Jersey,"Hudson County, NJ",Entered ICE Custody by Month,2017-08,15
New Jersey,"Hudson County, NJ",Entered ICE Custody by Month,2017-10,12
New Jersey,"Hudson County, NJ",Entered ICE Custody by Month,2017-09,12
New Jersey,"Hudson County, NJ",Entered ICE Custody by Month,2017-07,11
New Jersey,"Hudson County, NJ",Entered ICE Custody by Month,2017-06,6
New Jersey,"Hudson County, NJ",Entered ICE Custody by Month,2017-05,5
New Jersey,"Hudson County, NJ",Entered ICE Custody by Month,2017-04,4
New Jersey,"Hudson County, NJ",Entered ICE Custody by Month,2016-07,3
New Jersey,"Hudson County, NJ",Entered ICE Custody by Month,2016-09,3
New Jersey,"Hudson County, NJ",Entered ICE Custody by Month,2016-12,3
New Jersey,"Hudson County, NJ",Entered ICE Custody by Month,2017-03,3
New Jersey,"Hudson County, NJ",Entered ICE Custody by Month,2016-11,2
New Jersey,"Hudson County, NJ",Entered ICE Custody by Month,2017-02,2
New Jersey,"Hudson County, NJ",Entered ICE Custody by Month,2016-04,2
New Jersey,"Hudson County, NJ",Entered ICE Custody by Month,2017-01,1
New Jersey,"Hudson County, NJ",Entered ICE Custody by Month,2015-10,1
New Jersey,"Hudson County, NJ",Entered ICE Custody by Month,2015-12,1
New Jersey,"Hudson County, NJ",Entered ICE Custody by Month,2016-02,1
New Jersey,"Hudson County, NJ",Entered ICE Custody by Month,2016-06,1
New Jersey,"Hudson County, NJ",Entered ICE Custody by Month,2016-10,1
New Jersey,"Hudson County, NJ",Entered ICE Custody by Month,2015-08,1
New Jersey,"Hudson County, NJ",Time in U.S.,All,664
New Jersey,"Hudson County, NJ",Time in U.S.,Not Known,315
New Jersey,"Hudson County, NJ",Time in U.S.,Between 10 and 15 years,64
New Jersey,"Hudson County, NJ",Time in U.S.,20 years or more,53
New Jersey,"Hudson County, NJ",Time in U.S.,Between 15 and 20 years,47
New Jersey,"Hudson County, NJ",Time in U.S.,Up to 1 year,43
New Jersey,"Hudson County, NJ",Time in U.S.,Between 3 and 4 years,31
New Jersey,"Hudson County, NJ",Time in U.S.,Between 4 and 5 years,25
New Jersey,"Hudson County, NJ",Time in U.S.,Between 2 and 3 years,21
New Jersey,"Hudson County, NJ",Time in U.S.,Between 1 and 2 years,20
New Jersey,"Hudson County, NJ",Time in U.S.,Between 5 and 6 years,13
New Jersey,"Hudson County, NJ",Time in U.S.,Between 7 and 8 years,10
New Jersey,"Hudson County, NJ",Time in U.S.,Between 8 and 9 years,8
New Jersey,"Hudson County, NJ",Time in U.S.,Between 6 and 7 years,7
New Jersey,"Hudson County, NJ",Time in U.S.,Between 9 and 10 years,7
New Jersey,"Hudson County, NJ",Legal Permanent Resident,All,664
New Jersey,"Hudson County, NJ",Legal Permanent Resident,No,664
New Jersey,"Hudson County, NJ",Asylum Seeker/Refugee,All,664
New Jersey,"Hudson County, NJ",Asylum Seeker/Refugee,No,664
New Jersey,"Hudson County, NJ",Most Serious Criminal Conviction,All,664
New Jersey,"Hudson County, NJ",Most Serious Criminal Conviction,No Conviction,664
New Jersey,"Hudson County, NJ",Seriousness Level of MSCC,All,664
New Jersey,"Hudson County, NJ",Seriousness Level of MSCC,No Conviction,664
New Jersey,"Hudson County, NJ",Length of Time Since MSCC,All,664
New Jersey,"Hudson County, NJ",Length of Time Since MSCC,Not Known,664
New Jersey,"Hudson County, NJ",Gender,All,664
New Jersey,"Hudson County, NJ",Gender,Male,606
New Jersey,"Hudson County, NJ",Gender,Female,58
New Jersey,"Hudson County, NJ",Citizenship,All,664
New Jersey,"Hudson County, NJ",Citizenship,EL SALVADOR,121
New Jersey,"Hudson County, NJ",Citizenship,MEXICO,102
New Jersey,"Hudson County, NJ",Citizenship,HONDURAS,88
New Jersey,"Hudson County, NJ",Citizenship,GUATEMALA,55
New Jersey,"Hudson County, NJ",Citizenship,DOMINICAN REPUBLIC,47
New Jersey,"Hudson County, NJ",Citizenship,JAMAICA,41
New Jersey,"Hudson County, NJ",Citizenship,ECUADOR,39
New Jersey,"Hudson County, NJ",Citizenship,TRINIDAD AND TOBAGO,9
New Jersey,"Hudson County, NJ",Citizenship,"CHINA, PEOPLES REPUBLIC OF",9
New Jersey,"Hudson County, NJ",Citizenship,HAITI,9
New Jersey,"Hudson County, NJ",Citizenship,COLOMBIA,8
New Jersey,"Hudson County, NJ",Citizenship,GUYANA,8
New Jersey,"Hudson County, NJ",Citizenship,BANGLADESH,7
New Jersey,"Hudson County, NJ",Citizenship,PAKISTAN,7
New Jersey,"Hudson County, NJ",Citizenship,PERU,7
New Jersey,"Hudson County, NJ",Citizenship,GHANA,6
New Jersey,"Hudson County, NJ",Citizenship,NIGERIA,5
New Jersey,"Hudson County, NJ",Citizenship,INDIA,4
New Jersey,"Hudson County, NJ",Citizenship,IVORY COAST,4
New Jersey,"Hudson County, NJ",Citizenship,TURKEY,4
New Jersey,"Hudson County, NJ",Citizenship,UKRAINE,4
New Jersey,"Hudson County, NJ",Citizenship,MALI,4
New Jersey,"Hudson County, NJ",Citizenship,SURINAME,4
New Jersey,"Hudson County, NJ",Citizenship,UZBEKISTAN,4
New Jersey,"Hudson County, NJ",Citizenship,GRENADA,3
New Jersey,"Hudson County, NJ",Citizenship,CANADA,3
New Jersey,"Hudson County, NJ",Citizenship,CHILE,3
New Jersey,"Hudson County, NJ",Citizenship,DOMINICA,2
New Jersey,"Hudson County, NJ",Citizenship,COSTA RICA,2
New Jersey,"Hudson County, NJ",Citizenship,RUSSIA,2
New Jersey,"Hudson County, NJ",Citizenship,ROMANIA,2
New Jersey,"Hudson County, NJ",Citizenship,YEMEN,2
New Jersey,"Hudson County, NJ",Citizenship,UNITED KINGDOM,2
New Jersey,"Hudson County, NJ",Citizenship,URUGUAY,2
New Jersey,"Hudson County, NJ",Citizenship,TAJIKISTAN,2
New Jersey,"Hudson County, NJ",Citizenship,KOSOVO,2
New Jersey,"Hudson County, NJ",Citizenship,LATVIA,2
New Jersey,"Hudson County, NJ",Citizenship,NICARAGUA,2
New Jersey,"Hudson County, NJ",Citizenship,BAHAMAS,2
New Jersey,"Hudson County, NJ",Citizenship,EGYPT,2
New Jersey,"Hudson County, NJ",Citizenship,MOROCCO,1
New Jersey,"Hudson County, NJ",Citizenship,SRI LANKA,1
New Jersey,"Hudson County, NJ",Citizenship,GREECE,1
New Jersey,"Hudson County, NJ",Citizenship,BOLIVIA,1
New Jersey,"Hudson County, NJ",Citizenship,ISRAEL,1
New Jersey,"Hudson County, NJ",Citizenship,CZECH REPUBLIC,1
New Jersey,"Hudson County, NJ",Citizenship,HUNGARY,1
New Jersey,"Hudson County, NJ",Citizenship,ST. VINCENT-GRENADINES,1
New Jersey,"Hudson County, NJ",Citizenship,ALGERIA,1
New Jersey,"Hudson County, NJ",Citizenship,ANTIGUA-BARBUDA,1
New Jersey,"Hudson County, NJ",Citizenship,SENEGAL,1
New Jersey,"Hudson County, NJ",Citizenship,MOLDOVA,1
New Jersey,"Hudson County, NJ",Citizenship,SOUTH KOREA,1
New Jersey,"Hudson County, NJ",Citizenship,TUNISIA,1
New Jersey,"Hudson County, NJ",Citizenship,BARBADOS,1
New Jersey,"Hudson County, NJ",Citizenship,BELIZE,1
New Jersey,"Hudson County, NJ",Citizenship,PANAMA,1
New Jersey,"Hudson County, NJ",Citizenship,ARGENTINA,1
New Jersey,"Hudson County, NJ",Citizenship,UNKNOWN,1
New Jersey,"Hudson County, NJ",Citizenship,JORDAN,1
New Jersey,"Hudson County, NJ",Citizenship,CAMBODIA,1
New Jersey,"Hudson County, NJ",Citizenship,GAMBIA,1
New Jersey,"Hudson County, NJ",Citizenship,VENEZUELA,1
New Jersey,"Hudson County, NJ",Citizenship,ST. LUCIA,1
New Jersey,"Hudson County, NJ",Citizenship,ALBANIA,1
New Jersey,"Hudson County, NJ",Citizenship,BELARUS,1
New Jersey,"Hudson County, NJ",Citizenship,POLAND,1
New Jersey,"Hudson County, NJ",Citizenship,KENYA,1
New Jersey,"Hudson County, NJ",Citizenship,MALAYSIA,1
New Jersey,"Hudson County, NJ",Citizenship,GUINEA,1
New Jersey,"Hudson County, NJ",Citizenship,BOSNIA-HERZEGOVINA,1
New Jersey,"Hudson County, NJ",Citizenship,NIGER,1
New Jersey,"Hudson County, NJ",Citizenship,CUBA,1
New Jersey,"Hudson County, NJ",Age Group,All,664
New Jersey,"Hudson County, NJ",Age Group,Age information witheld by ICE,664
New Jersey,"Bergen County, NJ",Facility Type,All,470
New Jersey,"Bergen County, NJ",Facility Type,County Facility,470
New Jersey,"Bergen County, NJ",Facility Type (Detailed),All,470
New Jersey,"Bergen County, NJ",Facility Type (Detailed),Intergovernment agreement with USMS which ICE utilizes,470
New Jersey,"Bergen County, NJ",Facility Operator,All,470
New Jersey,"Bergen County, NJ",Facility Operator,County Sheriff Department,470
New Jersey,"Bergen County, NJ",Facility Owner,All,470
New Jersey,"Bergen County, NJ",Facility Owner,County,470
New Jersey,"Bergen County, NJ",Entered ICE Custody by Month,All,470
New Jersey,"Bergen County, NJ",Entered ICE Custody by Month,2018-07,113
New Jersey,"Bergen County, NJ",Entered ICE Custody by Month,2018-05,104
New Jersey,"Bergen County, NJ",Entered ICE Custody by Month,2018-06,46
New Jersey,"Bergen County, NJ",Entered ICE Custody by Month,2018-04,44
New Jersey,"Bergen County, NJ",Entered ICE Custody by Month,2018-03,41
New Jersey,"Bergen County, NJ",Entered ICE Custody by Month,2018-01,19
New Jersey,"Bergen County, NJ",Entered ICE Custody by Month,2017-10,18
New Jersey,"Bergen County, NJ",Entered ICE Custody by Month,2017-12,15
New Jersey,"Bergen County, NJ",Entered ICE Custody by Month,2018-02,12
New Jersey,"Bergen County, NJ",Entered ICE Custody by Month,2017-11,10
New Jersey,"Bergen County, NJ",Entered ICE Custody by Month,2018-08,10
New Jersey,"Bergen County, NJ",Entered ICE Custody by Month,2017-07,7
New Jersey,"Bergen County, NJ",Entered ICE Custody by Month,2017-08,5
New Jersey,"Bergen County, NJ",Entered ICE Custody by Month,2017-04,4
New Jersey,"Bergen County, NJ",Entered ICE Custody by Month,2017-09,4
New Jersey,"Bergen County, NJ",Entered ICE Custody by Month,2017-05,3
New Jersey,"Bergen County, NJ",Entered ICE Custody by Month,2017-02,3
New Jersey,"Bergen County, NJ",Entered ICE Custody by Month,2017-03,2
New Jersey,"Bergen County, NJ",Entered ICE Custody by Month,2014-07,1
New Jersey,"Bergen County, NJ",Entered ICE Custody by Month,2015-03,1
New Jersey,"Bergen County, NJ",Entered ICE Custody by Month,2015-09,1
New Jersey,"Bergen County, NJ",Entered ICE Custody by Month,2016-02,1
New Jersey,"Bergen County, NJ",Entered ICE Custody by Month,2016-08,1
New Jersey,"Bergen County, NJ",Entered ICE Custody by Month,2016-09,1
New Jersey,"Bergen County, NJ",Entered ICE Custody by Month,2016-10,1
New Jersey,"Bergen County, NJ",Entered ICE Custody by Month,2016-11,1
New Jersey,"Bergen County, NJ",Entered ICE Custody by Month,2017-06,1
New Jersey,"Bergen County, NJ",Entered ICE Custody by Month,2014-06,1
New Jersey,"Bergen County, NJ",Time in U.S.,All,470
New Jersey,"Bergen County, NJ",Time in U.S.,Not Known,211
New Jersey,"Bergen County, NJ",Time in U.S.,Between 10 and 15 years,52
New Jersey,"Bergen County, NJ",Time in U.S.,Up to 1 year,34
New Jersey,"Bergen County, NJ",Time in U.S.,20 years or more,30
New Jersey,"Bergen County, NJ",Time in U.S.,Between 15 and 20 years,28
New Jersey,"Bergen County, NJ",Time in U.S.,Between 3 and 4 years,21
New Jersey,"Bergen County, NJ",Time in U.S.,Between 2 and 3 years,21
New Jersey,"Bergen County, NJ",Time in U.S.,Between 4 and 5 years,19
New Jersey,"Bergen County, NJ",Time in U.S.,Between 1 and 2 years,15
New Jersey,"Bergen County, NJ",Time in U.S.,Between 5 and 6 years,13
New Jersey,"Bergen County, NJ",Time in U.S.,Between 9 and 10 years,10
New Jersey,"Bergen County, NJ",Time in U.S.,Between 6 and 7 years,6
New Jersey,"Bergen County, NJ",Time in U.S.,Between 8 and 9 years,6
New Jersey,"Bergen County, NJ",Time in U.S.,Between 7 and 8 years,4
New Jersey,"Bergen County, NJ",Legal Permanent Resident,All,470
New Jersey,"Bergen County, NJ",Legal Permanent Resident,No,470
New Jersey,"Bergen County, NJ",Asylum Seeker/Refugee,All,470
New Jersey,"Bergen County, NJ",Asylum Seeker/Refugee,No,470
New Jersey,"Bergen County, NJ",Most Serious Criminal Conviction,All,470
New Jersey,"Bergen County, NJ",Most Serious Criminal Conviction,No Conviction,470
New Jersey,"Bergen County, NJ",Seriousness Level of MSCC,All,470
New Jersey,"Bergen County, NJ",Seriousness Level of MSCC,No Conviction,470
New Jersey,"Bergen County, NJ",Length of Time Since MSCC,All,470
New Jersey,"Bergen County, NJ",Length of Time Since MSCC,Not Known,470
New Jersey,"Bergen County, NJ",Gender,All,470
New Jersey,"Bergen County, NJ",Gender,Male,430
New Jersey,"Bergen County, NJ",Gender,Female,40
New Jersey,"Bergen County, NJ",Citizenship,All,470
New Jersey,"Bergen County, NJ",Citizenship,EL SALVADOR,77
New Jersey,"Bergen County, NJ",Citizenship,MEXICO,74
New Jersey,"Bergen County, NJ",Citizenship,GUATEMALA,72
New Jersey,"Bergen County, NJ",Citizenship,HONDURAS,48
New Jersey,"Bergen County, NJ",Citizenship,DOMINICAN REPUBLIC,35
New Jersey,"Bergen County, NJ",Citizenship,JAMAICA,26
New Jersey,"Bergen County, NJ",Citizenship,ECUADOR,25
New Jersey,"Bergen County, NJ",Citizenship,GUYANA,11
New Jersey,"Bergen County, NJ",Citizenship,PERU,8
New Jersey,"Bergen County, NJ",Citizenship,COLOMBIA,8
New Jersey,"Bergen County, NJ",Citizenship,HAITI,7
New Jersey,"Bergen County, NJ",Citizenship,"CHINA, PEOPLES REPUBLIC OF",7
New Jersey,"Bergen County, NJ",Citizenship,TRINIDAD AND TOBAGO,6
New Jersey,"Bergen County, NJ",Citizenship,INDIA,6
New Jersey,"Bergen County, NJ",Citizenship,BANGLADESH,3
New Jersey,"Bergen County, NJ",Citizenship,HUNGARY,3
New Jersey,"Bergen County, NJ",Citizenship,SPAIN,3
New Jersey,"Bergen County, NJ",Citizenship,UKRAINE,3
New Jersey,"Bergen County, NJ",Citizenship,CANADA,2
New Jersey,"Bergen County, NJ",Citizenship,ST. VINCENT-GRENADINES,2
New Jersey,"Bergen County, NJ",Citizenship,IVORY COAST,2
New Jersey,"Bergen County, NJ",Citizenship,RUSSIA,2
New Jersey,"Bergen County, NJ",Citizenship,SENEGAL,2
New Jersey,"Bergen County, NJ",Citizenship,UNITED KINGDOM,2
New Jersey,"Bergen County, NJ",Citizenship,NIGERIA,2
New Jersey,"Bergen County, NJ",Citizenship,CZECH REPUBLIC,1
New Jersey,"Bergen County, NJ",Citizenship,MOROCCO,1
New Jersey,"Bergen County, NJ",Citizenship,CHILE,1
New Jersey,"Bergen County, NJ",Citizenship,KYRGYZSTAN,1
New Jersey,"Bergen County, NJ",Citizenship,KOSOVO,1
New Jersey,"Bergen County, NJ",Citizenship,ROMANIA,1
New Jersey,"Bergen County, NJ",Citizenship,ITALY,1
New Jersey,"Bergen County, NJ",Citizenship,SLOVAKIA,1
New Jersey,"Bergen County, NJ",Citizenship,AZERBAIJAN,1
New Jersey,"Bergen County, NJ",Citizenship,ISRAEL,1
New Jersey,"Bergen County, NJ",Citizenship,UZBEKISTAN,1
New Jersey,"Bergen County, NJ",Citizenship,GUINEA-BISSAU,1
New Jersey,"Bergen County, NJ",Citizenship,YEMEN,1
New Jersey,"Bergen County, NJ",Citizenship,BRITISH VIRGIN ISLANDS,1
New Jersey,"Bergen County, NJ",Citizenship,SERBIA,1
New Jersey,"Bergen County, NJ",Citizenship,POLAND,1
New Jersey,"Bergen County, NJ",Citizenship,ETHIOPIA,1
New Jersey,"Bergen County, NJ",Citizenship,BRAZIL,1
New Jersey,"Bergen County, NJ",Citizenship,PHILIPPINES,1
New Jersey,"Bergen County, NJ",Citizenship,JORDAN,1
New Jersey,"Bergen County, NJ",Citizenship,GRENADA,1
New Jersey,"Bergen County, NJ",Citizenship,TOGO,1
New Jersey,"Bergen County, NJ",Citizenship,UNKNOWN,1
New Jersey,"Bergen County, NJ",Citizenship,LIBERIA,1
New Jersey,"Bergen County, NJ",Citizenship,GHANA,1
New Jersey,"Bergen County, NJ",Citizenship,EGYPT,1
New Jersey,"Bergen County, NJ",Citizenship,CAMEROON,1
New Jersey,"Bergen County, NJ",Citizenship,MALI,1
New Jersey,"Bergen County, NJ",Citizenship,GAMBIA,1
New Jersey,"Bergen County, NJ",Citizenship,NEPAL,1
New Jersey,"Bergen County, NJ",Citizenship,BOSNIA-HERZEGOVINA,1
New Jersey,"Bergen County, NJ",Citizenship,GEORGIA,1
New Jersey,"Bergen County, NJ",Citizenship,GUINEA,1
New Jersey,"Bergen County, NJ",Citizenship,CUBA,1
New Jersey,"Bergen County, NJ",Age Group,All,470
New Jersey,"Bergen County, NJ",Age Group,Age information witheld by ICE,470
New Jersey,"Union County, NJ",Facility Type,All,299
New Jersey,"Union County, NJ",Facility Type,INS Facility,299
New Jersey,"Union County, NJ",Facility Type (Detailed),All,299
New Jersey,"Union County, NJ",Facility Type (Detailed),Contract Detention Facility: owned by private company/under govt contract,299
New Jersey,"Union County, NJ",Facility Operator,All,299
New Jersey,"Union County, NJ",Facility Operator,CORECIVIC,299
New Jersey,"Union County, NJ",Facility Owner,All,299
New Jersey,"Union County, NJ",Facility Owner,CoreCivic (formerly Corrections Corporation of America),299
New Jersey,"Union County, NJ",Entered ICE Custody by Month,All,299
New Jersey,"Union County, NJ",Entered ICE Custody by Month,2018-07,78
New Jersey,"Union County, NJ",Entered ICE Custody by Month,2018-06,42
New Jersey,"Union County, NJ",Entered ICE Custody by Month,2018-05,38
New Jersey,"Union County, NJ",Entered ICE Custody by Month,2018-03,28
New Jersey,"Union County, NJ",Entered ICE Custody by Month,2018-04,22
New Jersey,"Union County, NJ",Entered ICE Custody by Month,2018-08,17
New Jersey,"Union County, NJ",Entered ICE Custody by Month,2018-02,14
New Jersey,"Union County, NJ",Entered ICE Custody by Month,2017-11,12
New Jersey,"Union County, NJ",Entered ICE Custody by Month,2018-01,11
New Jersey,"Union County, NJ",Entered ICE Custody by Month,2017-09,10
New Jersey,"Union County, NJ",Entered ICE Custody by Month,2017-12,6
New Jersey,"Union County, NJ",Entered ICE Custody by Month,2017-07,5
New Jersey,"Union County, NJ",Entered ICE Custody by Month,2017-10,4
New Jersey,"Union County, NJ",Entered ICE Custody by Month,2017-08,4
New Jersey,"Union County, NJ",Entered ICE Custody by Month,2017-06,3
New Jersey,"Union County, NJ",Entered ICE Custody by Month,2017-05,2
New Jersey,"Union County, NJ",Entered ICE Custody by Month,2017-03,1
New Jersey,"Union County, NJ",Entered ICE Custody by Month,2016-01,1
New Jersey,"Union County, NJ",Entered ICE Custody by Month,2015-12,1
New Jersey,"Union County, NJ",Time in U.S.,All,299
New Jersey,"Union County, NJ",Time in U.S.,Not Known,103
New Jersey,"Union County, NJ",Time in U.S.,Up to 1 year,101
New Jersey,"Union County, NJ",Time in U.S.,Between 10 and 15 years,20
New Jersey,"Union County, NJ",Time in U.S.,20 years or more,19
New Jersey,"Union County, NJ",Time in U.S.,Between 15 and 20 years,16
New Jersey,"Union County, NJ",Time in U.S.,Between 4 and 5 years,8
New Jersey,"Union County, NJ",Time in U.S.,Between 3 and 4 years,7
New Jersey,"Union County, NJ",Time in U.S.,Between 1 and 2 years,6
New Jersey,"Union County, NJ",Time in U.S.,Between 8 and 9 years,5
New Jersey,"Union County, NJ",Time in U.S.,Between 9 and 10 years,4
New Jersey,"Union County, NJ",Time in U.S.,Between 2 and 3 years,3
New Jersey,"Union County, NJ",Time in U.S.,Between 7 and 8 years,3
New Jersey,"Union County, NJ",Time in U.S.,Between 6 and 7 years,2
New Jersey,"Union County, NJ",Time in U.S.,Between 5 and 6 years,2
New Jersey,"Union County, NJ",Legal Permanent Resident,All,299
New Jersey,"Union County, NJ",Legal Permanent Resident,No,299
New Jersey,"Union County, NJ",Asylum Seeker/Refugee,All,299
New Jersey,"Union County, NJ",Asylum Seeker/Refugee,No,299
New Jersey,"Union County, NJ",Most Serious Criminal Conviction,All,299
New Jersey,"Union County, NJ",Most Serious Criminal Conviction,No Conviction,299
New Jersey,"Union County, NJ",Seriousness Level of MSCC,All,299
New Jersey,"Union County, NJ",Seriousness Level of MSCC,No Conviction,299
New Jersey,"Union County, NJ",Length of Time Since MSCC,All,299
New Jersey,"Union County, NJ",Length of Time Since MSCC,Not Known,299
New Jersey,"Union County, NJ",Gender,All,299
New Jersey,"Union County, NJ",Gender,Male,270
New Jersey,"Union County, NJ",Gender,Female,29
New Jersey,"Union County, NJ",Citizenship,All,299
New Jersey,"Union County, NJ",Citizenship,MEXICO,42
New Jersey,"Union County, NJ",Citizenship,HONDURAS,39
New Jersey,"Union County, NJ",Citizenship,GUATEMALA,27
New Jersey,"Union County, NJ",Citizenship,EL SALVADOR,25
New Jersey,"Union County, NJ",Citizenship,NIGERIA,12
New Jersey,"Union County, NJ",Citizenship,INDIA,9
New Jersey,"Union County, NJ",Citizenship,BRAZIL,9
New Jersey,"Union County, NJ",Citizenship,ECUADOR,8
New Jersey,"Union County, NJ",Citizenship,DOMINICAN REPUBLIC,8
New Jersey,"Union County, NJ",Citizenship,"CHINA, PEOPLES REPUBLIC OF",8
New Jersey,"Union County, NJ",Citizenship,UGANDA,7
New Jersey,"Union County, NJ",Citizenship,JAMAICA,7
New Jersey,"Union County, NJ",Citizenship,CUBA,7
New Jersey,"Union County, NJ",Citizenship,COLOMBIA,6
New Jersey,"Union County, NJ",Citizenship,PERU,5
New Jersey,"Union County, NJ",Citizenship,VENEZUELA,4
New Jersey,"Union County, NJ",Citizenship,PHILIPPINES,4
New Jersey,"Union County, NJ",Citizenship,COSTA RICA,4
New Jersey,"Union County, NJ",Citizenship,TURKEY,3
New Jersey,"Union County, NJ",Citizenship,BANGLADESH,3
New Jersey,"Union County, NJ",Citizenship,PAKISTAN,3
New Jersey,"Union County, NJ",Citizenship,RUSSIA,3
New Jersey,"Union County, NJ",Citizenship,EGYPT,3
New Jersey,"Union County, NJ",Citizenship,ANGOLA,3
New Jersey,"Union County, NJ",Citizenship,GHANA,2
New Jersey,"Union County, NJ",Citizenship,ANTIGUA-BARBUDA,2
New Jersey,"Union County, NJ",Citizenship,YEMEN,2
New Jersey,"Union County, NJ",Citizenship,PORTUGAL,2
New Jersey,"Union County, NJ",Citizenship,SRI LANKA,2
New Jersey,"Union County, NJ",Citizenship,MACEDONIA,2
New Jersey,"Union County, NJ",Citizenship,NICARAGUA,2
New Jersey,"Union County, NJ",Citizenship,SOUTH KOREA,2
New Jersey,"Union County, NJ",Citizenship,SOMALIA,2
New Jersey,"Union County, NJ",Citizenship,CAMEROON,2
New Jersey,"Union County, NJ",Citizenship,UKRAINE,2
New Jersey,"Union County, NJ",Citizenship,TANZANIA,1
New Jersey,"Union County, NJ",Citizenship,TUNISIA,1
New Jersey,"Union County, NJ",Citizenship,ZIMBABWE,1
New Jersey,"Union County, NJ",Citizenship,PANAMA,1
New Jersey,"Union County, NJ",Citizenship,LATVIA,1
New Jersey,"Union County, NJ",Citizenship,INDONESIA,1
New Jersey,"Union County, NJ",Citizenship,DEM REP OF THE CONGO,1
New Jersey,"Union County, NJ",Citizenship,BURUNDI,1
New Jersey,"Union County, NJ",Citizenship,GERMANY,1
New Jersey,"Union County, NJ",Citizenship,LIBERIA,1
New Jersey,"Union County, NJ",Citizenship,HUNGARY,1
New Jersey,"Union County, NJ",Citizenship,SPAIN,1
New Jersey,"Union County, NJ",Citizenship,ST. VINCENT-GRENADINES,1
New Jersey,"Union County, NJ",Citizenship,ETHIOPIA,1
New Jersey,"Union County, NJ",Citizenship,BURKINA FASO,1
New Jersey,"Union County, NJ",Citizenship,TOGO,1
New Jersey,"Union County, NJ",Citizenship,NEPAL,1
New Jersey,"Union County, NJ",Citizenship,GUYANA,1
New Jersey,"Union County, NJ",Citizenship,GUINEA,1
New Jersey,"Union County, NJ",Citizenship,POLAND,1
New Jersey,"Union County, NJ",Citizenship,ALBANIA,1
New Jersey,"Union County, NJ",Citizenship,ST. LUCIA,1
New Jersey,"Union County, NJ",Citizenship,SENEGAL,1
New Jersey,"Union County, NJ",Citizenship,IVORY COAST,1
New Jersey,"Union County, NJ",Citizenship,RWANDA,1
New Jersey,"Union County, NJ",Citizenship,ISRAEL,1
New Jersey,"Union County, NJ",Citizenship,UZBEKISTAN,1
New Jersey,"Union County, NJ",Citizenship,CANADA,1
New Jersey,"Union County, NJ",Age Group,All,299
New Jersey,"Union County, NJ",Age Group,Age information witheld by ICE,299
Florida,"Miami-Dade County, FL",Facility Type,All,688
Florida,"Miami-Dade County, FL",Facility Type,INS Facility,673
Florida,"Miami-Dade County, FL",Facility Type,Other Facility Type,15
Florida,"Miami-Dade County, FL",Facility Type (Detailed),All,688
Florida,"Miami-Dade County, FL",Facility Type (Detailed),Service Processing Center: a govt facility with both federal/contract staff,672
Florida,"Miami-Dade County, FL",Facility Type (Detailed),Hospital: a medical facility,12
Florida,"Miami-Dade County, FL",Facility Type (Detailed),Other,3
Florida,"Miami-Dade County, FL",Facility Type (Detailed),Hold: a holding facility,1
Florida,"Miami-Dade County, FL",Facility Operator,All,688
Florida,"Miami-Dade County, FL",Facility Operator,"Akima Global Services, LLC",672
Florida,"Miami-Dade County, FL",Facility Operator,Hospital,12
Florida,"Miami-Dade County, FL",Facility Operator,Hotel/Motel,3
Florida,"Miami-Dade County, FL",Facility Operator,Not defined,1
Florida,"Miami-Dade County, FL",Facility Owner,All,688
Florida,"Miami-Dade County, FL",Facility Owner,ICE,672
Florida,"Miami-Dade County, FL",Facility Owner,Not defined,16
Florida,"Miami-Dade County, FL",Entered ICE Custody by Month,All,688
Florida,"Miami-Dade County, FL",Entered ICE Custody by Month,2018-07,298
Florida,"Miami-Dade County, FL",Entered ICE Custody by Month,2018-06,119
Florida,"Miami-Dade County, FL",Entered ICE Custody by Month,2018-08,83
Florida,"Miami-Dade County, FL",Entered ICE Custody by Month,2018-05,60
Florida,"Miami-Dade County, FL",Entered ICE Custody by Month,2018-04,30
Florida,"Miami-Dade County, FL",Entered ICE Custody by Month,2018-03,25
Florida,"Miami-Dade County, FL",Entered ICE Custody by Month,2018-02,11
Florida,"Miami-Dade County, FL",Entered ICE Custody by Month,2018-01,6
Florida,"Miami-Dade County, FL",Entered ICE Custody by Month,2017-12,6
Florida,"Miami-Dade County, FL",Entered ICE Custody by Month,2016-10,5
Florida,"Miami-Dade County, FL",Entered ICE Custody by Month,2017-07,5
Florida,"Miami-Dade County, FL",Entered ICE Custody by Month,2017-04,4
Florida,"Miami-Dade County, FL",Entered ICE Custody by Month,2016-07,4
Florida,"Miami-Dade County, FL",Entered ICE Custody by Month,2017-11,4
Florida,"Miami-Dade County, FL",Entered ICE Custody by Month,2017-09,3
Florida,"Miami-Dade County, FL",Entered ICE Custody by Month,2017-06,3
Florida,"Miami-Dade County, FL",Entered ICE Custody by Month,2017-10,3
Florida,"Miami-Dade County, FL",Entered ICE Custody by Month,2016-01,3
Florida,"Miami-Dade County, FL",Entered ICE Custody by Month,2017-03,2
Florida,"Miami-Dade County, FL",Entered ICE Custody by Month,2017-08,2
Florida,"Miami-Dade County, FL",Entered ICE Custody by Month,2016-08,2
Florida,"Miami-Dade County, FL",Entered ICE Custody by Month,2017-05,1
Florida,"Miami-Dade County, FL",Entered ICE Custody by Month,2015-11,1
Florida,"Miami-Dade County, FL",Entered ICE Custody by Month,2016-03,1
Florida,"Miami-Dade County, FL",Entered ICE Custody by Month,2016-04,1
Florida,"Miami-Dade County, FL",Entered ICE Custody by Month,2016-06,1
Florida,"Miami-Dade County, FL",Entered ICE Custody by Month,2016-09,1
Florida,"Miami-Dade County, FL",Entered ICE Custody by Month,2016-12,1
Florida,"Miami-Dade County, FL",Entered ICE Custody by Month,2017-01,1
Florida,"Miami-Dade County, FL",Entered ICE Custody by Month,2017-02,1
Florida,"Miami-Dade County, FL",Entered ICE Custody by Month,2009-07,1
Florida,"Miami-Dade County, FL",Time in U.S.,All,688
Florida,"Miami-Dade County, FL",Time in U.S.,Not Known,256
Florida,"Miami-Dade County, FL",Time in U.S.,20 years or more,81
Florida,"Miami-Dade County, FL",Time in U.S.,Up to 1 year,78
Florida,"Miami-Dade County, FL",Time in U.S.,Between 10 and 15 years,59
Florida,"Miami-Dade County, FL",Time in U.S.,Between 15 and 20 years,46
Florida,"Miami-Dade County, FL",Time in U.S.,Between 2 and 3 years,36
Florida,"Miami-Dade County, FL",Time in U.S.,Between 4 and 5 years,32
Florida,"Miami-Dade County, FL",Time in U.S.,Between 1 and 2 years,26
Florida,"Miami-Dade County, FL",Time in U.S.,Between 3 and 4 years,23
Florida,"Miami-Dade County, FL",Time in U.S.,Between 5 and 6 years,18
Florida,"Miami-Dade County, FL",Time in U.S.,Between 8 and 9 years,10
Florida,"Miami-Dade County, FL",Time in U.S.,Between 7 and 8 years,10
Florida,"Miami-Dade County, FL",Time in U.S.,Between 6 and 7 years,7
Florida,"Miami-Dade County, FL",Time in U.S.,Between 9 and 10 years,6
Florida,"Miami-Dade County, FL",Legal Permanent Resident,All,688
Florida,"Miami-Dade County, FL",Legal Permanent Resident,No,688
Florida,"Miami-Dade County, FL",Asylum Seeker/Refugee,All,688
Florida,"Miami-Dade County, FL",Asylum Seeker/Refugee,No,688
Florida,"Miami-Dade County, FL",Most Serious Criminal Conviction,All,688
Florida,"Miami-Dade County, FL",Most Serious Criminal Conviction,No Conviction,688
Florida,"Miami-Dade County, FL",Seriousness Level of MSCC,All,688
Florida,"Miami-Dade County, FL",Seriousness Level of MSCC,No Conviction,688
Florida,"Miami-Dade County, FL",Length of Time Since MSCC,All,688
Florida,"Miami-Dade County, FL",Length of Time Since MSCC,Not Known,688
Florida,"Miami-Dade County, FL",Gender,All,688
Florida,"Miami-Dade County, FL",Gender,Male,686
Florida,"Miami-Dade County, FL",Gender,Female,2
Florida,"Miami-Dade County, FL",Citizenship,All,688
Florida,"Miami-Dade County, FL",Citizenship,MEXICO,141
Florida,"Miami-Dade County, FL",Citizenship,GUATEMALA,97
Florida,"Miami-Dade County, FL",Citizenship,CUBA,94
Florida,"Miami-Dade County, FL",Citizenship,HONDURAS,60
Florida,"Miami-Dade County, FL",Citizenship,HAITI,49
Florida,"Miami-Dade County, FL",Citizenship,SOMALIA,24
Florida,"Miami-Dade County, FL",Citizenship,DOMINICAN REPUBLIC,23
Florida,"Miami-Dade County, FL",Citizenship,VENEZUELA,22
Florida,"Miami-Dade County, FL",Citizenship,EL SALVADOR,21
Florida,"Miami-Dade County, FL",Citizenship,BRAZIL,19
Florida,"Miami-Dade County, FL",Citizenship,NICARAGUA,18
Florida,"Miami-Dade County, FL",Citizenship,JAMAICA,17
Florida,"Miami-Dade County, FL",Citizenship,COLOMBIA,11
Florida,"Miami-Dade County, FL",Citizenship,BAHAMAS,5
Florida,"Miami-Dade County, FL",Citizenship,INDIA,5
Florida,"Miami-Dade County, FL",Citizenship,PERU,4
Florida,"Miami-Dade County, FL",Citizenship,BOLIVIA,4
Florida,"Miami-Dade County, FL",Citizenship,ITALY,4
Florida,"Miami-Dade County, FL",Citizenship,SPAIN,3
Florida,"Miami-Dade County, FL",Citizenship,TRINIDAD AND TOBAGO,3
Florida,"Miami-Dade County, FL",Citizenship,BANGLADESH,3
Florida,"Miami-Dade County, FL",Citizenship,"CHINA, PEOPLES REPUBLIC OF",3
Florida,"Miami-Dade County, FL",Citizenship,ECUADOR,3
Florida,"Miami-Dade County, FL",Citizenship,UKRAINE,3
Florida,"Miami-Dade County, FL",Citizenship,UNITED KINGDOM,3
Florida,"Miami-Dade County, FL",Citizenship,GUYANA,3
Florida,"Miami-Dade County, FL",Citizenship,CHILE,2
Florida,"Miami-Dade County, FL",Citizenship,ROMANIA,2
Florida,"Miami-Dade County, FL",Citizenship,TURKEY,2
Florida,"Miami-Dade County, FL",Citizenship,LATVIA,2
Florida,"Miami-Dade County, FL",Citizenship,HUNGARY,2
Florida,"Miami-Dade County, FL",Citizenship,NIGERIA,2
Florida,"Miami-Dade County, FL",Citizenship,RUSSIA,2
Florida,"Miami-Dade County, FL",Citizenship,ST. VINCENT-GRENADINES,1
Florida,"Miami-Dade County, FL",Citizenship,SRI LANKA,1
Florida,"Miami-Dade County, FL",Citizenship,LIBYA,1
Florida,"Miami-Dade County, FL",Citizenship,PORTUGAL,1
Florida,"Miami-Dade County, FL",Citizenship,EQUATORIAL GUINEA,1
Florida,"Miami-Dade County, FL",Citizenship,TAJIKISTAN,1
Florida,"Miami-Dade County, FL",Citizenship,ST. KITTS-NEVIS,1
Florida,"Miami-Dade County, FL",Citizenship,GREECE,1
Florida,"Miami-Dade County, FL",Citizenship,BULGARIA,1
Florida,"Miami-Dade County, FL",Citizenship,UGANDA,1
Florida,"Miami-Dade County, FL",Citizenship,ANTIGUA-BARBUDA,1
Florida,"Miami-Dade County, FL",Citizenship,SWEDEN,1
Florida,"Miami-Dade County, FL",Citizenship,URUGUAY,1
Florida,"Miami-Dade County, FL",Citizenship,UZBEKISTAN,1
Florida,"Miami-Dade County, FL",Citizenship,ISRAEL,1
Florida,"Miami-Dade County, FL",Citizenship,THAILAND,1
Florida,"Miami-Dade County, FL",Citizenship,ARGENTINA,1
Florida,"Miami-Dade County, FL",Citizenship,EGYPT,1
Florida,"Miami-Dade County, FL",Citizenship,BARBADOS,1
Florida,"Miami-Dade County, FL",Citizenship,FRANCE,1
Florida,"Miami-Dade County, FL",Citizenship,PAKISTAN,1
Florida,"Miami-Dade County, FL",Citizenship,VIETNAM,1
Florida,"Miami-Dade County, FL",Citizenship,COSTA RICA,1
Florida,"Miami-Dade County, FL",Citizenship,GAMBIA,1
Florida,"Miami-Dade County, FL",Citizenship,NEPAL,1
Florida,"Miami-Dade County, FL",Citizenship,DOMINICA,1
Florida,"Miami-Dade County, FL",Citizenship,AFGHANISTAN,1
Florida,"Miami-Dade County, FL",Citizenship,MOROCCO,1
Florida,"Miami-Dade County, FL",Citizenship,IVORY COAST,1
Florida,"Miami-Dade County, FL",Citizenship,IRAN,1
Florida,"Miami-Dade County, FL",Citizenship,RWANDA,1
Florida,"Miami-Dade County, FL",Citizenship,GRENADA,1
Florida,"Miami-Dade County, FL",Age Group,All,688
Florida,"Miami-Dade County, FL",Age Group,Age information witheld by ICE,688
Florida,"Broward County, FL",Facility Type,All,666
Florida,"Broward County, FL",Facility Type,Other Facility Type,666
Florida,"Broward County, FL",Facility Type (Detailed),All,666
Florida,"Broward County, FL",Facility Type (Detailed),Contract Detention Facility: owned by private company/under govt contract,664
Florida,"Broward County, FL",Facility Type (Detailed),Hospital: a medical facility,2
Florida,"Broward County, FL",Facility Operator,All,666
Florida,"Broward County, FL",Facility Operator,"GEO Group, Inc",664
Florida,"Broward County, FL",Facility Operator,Not defined,2
Florida,"Broward County, FL",Facility Owner,All,666
Florida,"Broward County, FL",Facility Owner,"GEO Group, Inc",664
Florida,"Broward County, FL",Facility Owner,Not defined,2
Florida,"Broward County, FL",Entered ICE Custody by Month,All,666
Florida,"Broward County, FL",Entered ICE Custody by Month,2018-07,238
Florida,"Broward County, FL",Entered ICE Custody by Month,2018-06,136
Florida,"Broward County, FL",Entered ICE Custody by Month,2018-05,95
Florida,"Broward County, FL",Entered ICE Custody by Month,2018-04,52
Florida,"Broward County, FL",Entered ICE Custody by Month,2018-08,44
Florida,"Broward County, FL",Entered ICE Custody by Month,2018-03,35
Florida,"Broward County, FL",Entered ICE Custody by Month,2018-02,20
Florida,"Broward County, FL",Entered ICE Custody by Month,2018-01,11
Florida,"Broward County, FL",Entered ICE Custody by Month,2017-11,6
Florida,"Broward County, FL",Entered ICE Custody by Month,2017-10,6
Florida,"Broward County, FL",Entered ICE Custody by Month,2017-12,5
Florida,"Broward County, FL",Entered ICE Custody by Month,2017-08,3
Florida,"Broward County, FL",Entered ICE Custody by Month,2017-06,3
Florida,"Broward County, FL",Entered ICE Custody by Month,2017-02,3
Florida,"Broward County, FL",Entered ICE Custody by Month,2016-12,2
Florida,"Broward County, FL",Entered ICE Custody by Month,2017-03,2
Florida,"Broward County, FL",Entered ICE Custody by Month,2017-04,1
Florida,"Broward County, FL",Entered ICE Custody by Month,2017-07,1
Florida,"Broward County, FL",Entered ICE Custody by Month,2016-10,1
Florida,"Broward County, FL",Entered ICE Custody by Month,2016-07,1
Florida,"Broward County, FL",Entered ICE Custody by Month,2016-03,1
Florida,"Broward County, FL",Time in U.S.,All,666
Florida,"Broward County, FL",Time in U.S.,Up to 1 year,237
Florida,"Broward County, FL",Time in U.S.,Not Known,225
Florida,"Broward County, FL",Time in U.S.,Between 10 and 15 years,55
Florida,"Broward County, FL",Time in U.S.,Between 1 and 2 years,31
Florida,"Broward County, FL",Time in U.S.,Between 15 and 20 years,25
Florida,"Broward County, FL",Time in U.S.,Between 2 and 3 years,22
Florida,"Broward County, FL",Time in U.S.,Between 3 and 4 years,17
Florida,"Broward County, FL",Time in U.S.,Between 4 and 5 years,14
Florida,"Broward County, FL",Time in U.S.,Between 5 and 6 years,13
Florida,"Broward County, FL",Time in U.S.,20 years or more,8
Florida,"Broward County, FL",Time in U.S.,Between 6 and 7 years,8
Florida,"Broward County, FL",Time in U.S.,Between 9 and 10 years,8
Florida,"Broward County, FL",Time in U.S.,Between 8 and 9 years,2
Florida,"Broward County, FL",Time in U.S.,Between 7 and 8 years,1
Florida,"Broward County, FL",Legal Permanent Resident,All,666
Florida,"Broward County, FL",Legal Permanent Resident,No,666
Florida,"Broward County, FL",Asylum Seeker/Refugee,All,666
Florida,"Broward County, FL",Asylum Seeker/Refugee,No,666
Florida,"Broward County, FL",Most Serious Criminal Conviction,All,666
Florida,"Broward County, FL",Most Serious Criminal Conviction,No Conviction,666
Florida,"Broward County, FL",Seriousness Level of MSCC,All,666
Florida,"Broward County, FL",Seriousness Level of MSCC,No Conviction,666
Florida,"Broward County, FL",Length of Time Since MSCC,All,666
Florida,"Broward County, FL",Length of Time Since MSCC,Not Known,666
Florida,"Broward County, FL",Gender,All,666
Florida,"Broward County, FL",Gender,Male,566
Florida,"Broward County, FL",Gender,Female,100
Florida,"Broward County, FL",Citizenship,All,666
Florida,"Broward County, FL",Citizenship,MEXICO,163
Florida,"Broward County, FL",Citizenship,GUATEMALA,125
Florida,"Broward County, FL",Citizenship,HONDURAS,79
Florida,"Broward County, FL",Citizenship,CUBA,61
Florida,"Broward County, FL",Citizenship,VENEZUELA,35
Florida,"Broward County, FL",Citizenship,EL SALVADOR,24
Florida,"Broward County, FL",Citizenship,NICARAGUA,20
Florida,"Broward County, FL",Citizenship,HAITI,19
Florida,"Broward County, FL",Citizenship,DOMINICAN REPUBLIC,17
Florida,"Broward County, FL",Citizenship,BRAZIL,15
Florida,"Broward County, FL",Citizenship,"CHINA, PEOPLES REPUBLIC OF",13
Florida,"Broward County, FL",Citizenship,COLOMBIA,10
Florida,"Broward County, FL",Citizenship,ECUADOR,10
Florida,"Broward County, FL",Citizenship,INDIA,9
Florida,"Broward County, FL",Citizenship,BOLIVIA,7
Florida,"Broward County, FL",Citizenship,JAMAICA,6
Florida,"Broward County, FL",Citizenship,SRI LANKA,6
Florida,"Broward County, FL",Citizenship,HUNGARY,4
Florida,"Broward County, FL",Citizenship,PERU,3
Florida,"Broward County, FL",Citizenship,GUINEA,3
Florida,"Broward County, FL",Citizenship,NIGERIA,2
Florida,"Broward County, FL",Citizenship,MOROCCO,2
Florida,"Broward County, FL",Citizenship,DOMINICA,2
Florida,"Broward County, FL",Citizenship,KOSOVO,2
Florida,"Broward County, FL",Citizenship,COSTA RICA,2
Florida,"Broward County, FL",Citizenship,ERITREA,2
Florida,"Broward County, FL",Citizenship,UZBEKISTAN,2
Florida,"Broward County, FL",Citizenship,UKRAINE,2
Florida,"Broward County, FL",Citizenship,BAHAMAS,2
Florida,"Broward County, FL",Citizenship,URUGUAY,1
Florida,"Broward County, FL",Citizenship,TANZANIA,1
Florida,"Broward County, FL",Citizenship,MACEDONIA,1
Florida,"Broward County, FL",Citizenship,CANADA,1
Florida,"Broward County, FL",Citizenship,CZECH REPUBLIC,1
Florida,"Broward County, FL",Citizenship,ISRAEL,1
Florida,"Broward County, FL",Citizenship,ALBANIA,1
Florida,"Broward County, FL",Citizenship,POLAND,1
Florida,"Broward County, FL",Citizenship,ALGERIA,1
Florida,"Broward County, FL",Citizenship,JORDAN,1
Florida,"Broward County, FL",Citizenship,ANGOLA,1
Florida,"Broward County, FL",Citizenship,SOMALIA,1
Florida,"Broward County, FL",Citizenship,ARGENTINA,1
Florida,"Broward County, FL",Citizenship,SOUTH AFRICA,1
Florida,"Broward County, FL",Citizenship,ZIMBABWE,1
Florida,"Broward County, FL",Citizenship,CAMEROON,1
Florida,"Broward County, FL",Citizenship,SOUTH KOREA,1
Florida,"Broward County, FL",Citizenship,GAMBIA,1
Florida,"Broward County, FL",Citizenship,GUYANA,1
Florida,"Broward County, FL",Age Group,All,666
Florida,"Broward County, FL",Age Group,Age information witheld by ICE,666
Florida,"Glades County, FL",Facility Type,All,375
Florida,"Glades County, FL",Facility Type,County Facility,375
Florida,"Glades County, FL",Facility Type (Detailed),All,375
Florida,"Glades County, FL",Facility Type (Detailed),Intergovernmental Service Agreement: a facility operated by state/local govt,375
Florida,"Glades County, FL",Facility Operator,All,375
Florida,"Glades County, FL",Facility Operator,County Sheriff Department,375
Florida,"Glades County, FL",Facility Owner,All,375
Florida,"Glades County, FL",Facility Owner,County,375
Florida,"Glades County, FL",Entered ICE Custody by Month,All,375
Florida,"Glades County, FL",Entered ICE Custody by Month,2018-07,106
Florida,"Glades County, FL",Entered ICE Custody by Month,2018-06,65
Florida,"Glades County, FL",Entered ICE Custody by Month,2018-05,44
Florida,"Glades County, FL",Entered ICE Custody by Month,2018-04,28
Florida,"Glades County, FL",Entered ICE Custody by Month,2018-03,26
Florida,"Glades County, FL",Entered ICE Custody by Month,2018-01,14
Florida,"Glades County, FL",Entered ICE Custody by Month,2017-09,13
Florida,"Glades County, FL",Entered ICE Custody by Month,2018-02,12
Florida,"Glades County, FL",Entered ICE Custody by Month,2018-08,11
Florida,"Glades County, FL",Entered ICE Custody by Month,2017-11,10
Florida,"Glades County, FL",Entered ICE Custody by Month,2017-12,9
Florida,"Glades County, FL",Entered ICE Custody by Month,2017-08,7
Florida,"Glades County, FL",Entered ICE Custody by Month,2017-04,4
Florida,"Glades County, FL",Entered ICE Custody by Month,2017-06,4
Florida,"Glades County, FL",Entered ICE Custody by Month,2017-10,4
Florida,"Glades County, FL",Entered ICE Custody by Month,2017-05,4
Florida,"Glades County, FL",Entered ICE Custody by Month,2017-01,4
Florida,"Glades County, FL",Entered ICE Custody by Month,2017-03,3
Florida,"Glades County, FL",Entered ICE Custody by Month,2017-07,3
Florida,"Glades County, FL",Entered ICE Custody by Month,2017-02,1
Florida,"Glades County, FL",Entered ICE Custody by Month,2016-12,1
Florida,"Glades County, FL",Entered ICE Custody by Month,2016-08,1
Florida,"Glades County, FL",Entered ICE Custody by Month,2016-07,1
Florida,"Glades County, FL",Time in U.S.,All,375
Florida,"Glades County, FL",Time in U.S.,Not Known,107
Florida,"Glades County, FL",Time in U.S.,20 years or more,77
Florida,"Glades County, FL",Time in U.S.,Between 10 and 15 years,48
Florida,"Glades County, FL",Time in U.S.,Between 15 and 20 years,37
Florida,"Glades County, FL",Time in U.S.,Between 1 and 2 years,19
Florida,"Glades County, FL",Time in U.S.,Up to 1 year,18
Florida,"Glades County, FL",Time in U.S.,Between 2 and 3 years,17
Florida,"Glades County, FL",Time in U.S.,Between 5 and 6 years,10
Florida,"Glades County, FL",Time in U.S.,Between 8 and 9 years,9
Florida,"Glades County, FL",Time in U.S.,Between 4 and 5 years,8
Florida,"Glades County, FL",Time in U.S.,Between 3 and 4 years,8
Florida,"Glades County, FL",Time in U.S.,Between 9 and 10 years,7
Florida,"Glades County, FL",Time in U.S.,Between 7 and 8 years,7
Florida,"Glades County, FL",Time in U.S.,Between 6 and 7 years,3
Florida,"Glades County, FL",Legal Permanent Resident,All,375
Florida,"Glades County, FL",Legal Permanent Resident,No,375
Florida,"Glades County, FL",Asylum Seeker/Refugee,All,375
Florida,"Glades County, FL",Asylum Seeker/Refugee,No,375
Florida,"Glades County, FL",Most Serious Criminal Conviction,All,375
Florida,"Glades County, FL",Most Serious Criminal Conviction,No Conviction,375
Florida,"Glades County, FL",Seriousness Level of MSCC,All,375
Florida,"Glades County, FL",Seriousness Level of MSCC,No Conviction,375
Florida,"Glades County, FL",Length of Time Since MSCC,All,375
Florida,"Glades County, FL",Length of Time Since MSCC,Not Known,375
Florida,"Glades County, FL",Gender,All,375
Florida,"Glades County, FL",Gender,Male,315
Florida,"Glades County, FL",Gender,Female,60
Florida,"Glades County, FL",Citizenship,All,375
Florida,"Glades County, FL",Citizenship,CUBA,55
Florida,"Glades County, FL",Citizenship,HAITI,47
Florida,"Glades County, FL",Citizenship,MEXICO,46
Florida,"Glades County, FL",Citizenship,GUATEMALA,34
Florida,"Glades County, FL",Citizenship,HONDURAS,32
Florida,"Glades County, FL",Citizenship,SOMALIA,26
Florida,"Glades County, FL",Citizenship,JAMAICA,25
Florida,"Glades County, FL",Citizenship,EL SALVADOR,13
Florida,"Glades County, FL",Citizenship,BAHAMAS,12
Florida,"Glades County, FL",Citizenship,NICARAGUA,11
Florida,"Glades County, FL",Citizenship,VENEZUELA,9
Florida,"Glades County, FL",Citizenship,COLOMBIA,7
Florida,"Glades County, FL",Citizenship,BRAZIL,5
Florida,"Glades County, FL",Citizenship,ROMANIA,4
Florida,"Glades County, FL",Citizenship,PERU,4
Florida,"Glades County, FL",Citizenship,DOMINICAN REPUBLIC,4
Florida,"Glades County, FL",Citizenship,GUYANA,3
Florida,"Glades County, FL",Citizenship,CANADA,3
Florida,"Glades County, FL",Citizenship,TRINIDAD AND TOBAGO,3
Florida,"Glades County, FL",Citizenship,SPAIN,2
Florida,"Glades County, FL",Citizenship,VIETNAM,2
Florida,"Glades County, FL",Citizenship,INDIA,2
Florida,"Glades County, FL",Citizenship,UNITED KINGDOM,2
Florida,"Glades County, FL",Citizenship,SOUTH AFRICA,2
Florida,"Glades County, FL",Citizenship,IRAQ,2
Florida,"Glades County, FL",Citizenship,IRAN,1
Florida,"Glades County, FL",Citizenship,ECUADOR,1
Florida,"Glades County, FL",Citizenship,SURINAME,1
Florida,"Glades County, FL",Citizenship,TURKEY,1
Florida,"Glades County, FL",Citizenship,GRENADA,1
Florida,"Glades County, FL",Citizenship,KYRGYZSTAN,1
Florida,"Glades County, FL",Citizenship,CZECH REPUBLIC,1
Florida,"Glades County, FL",Citizenship,BOTSWANA,1
Florida,"Glades County, FL",Citizenship,"CHINA, PEOPLES REPUBLIC OF",1
Florida,"Glades County, FL",Citizenship,MOROCCO,1
Florida,"Glades County, FL",Citizenship,RUSSIA,1
Florida,"Glades County, FL",Citizenship,NIGERIA,1
Florida,"Glades County, FL",Citizenship,EGYPT,1
Florida,"Glades County, FL",Citizenship,BANGLADESH,1
Florida,"Glades County, FL",Citizenship,PANAMA,1
Florida,"Glades County, FL",Citizenship,GERMANY,1
Florida,"Glades County, FL",Citizenship,COSTA RICA,1
Florida,"Glades County, FL",Citizenship,GAMBIA,1
Florida,"Glades County, FL",Citizenship,DOMINICA,1
Florida,"Glades County, FL",Citizenship,TURKS AND CAICOS ISLANDS,1
Florida,"Glades County, FL",Age Group,All,375
Florida,"Glades County, FL",Age Group,Age information witheld by ICE,375
Florida,"Baker County, FL",Facility Type,All,270
Florida,"Baker County, FL",Facility Type,County Facility,270
Florida,"Baker County, FL",Facility Type (Detailed),All,270
Florida,"Baker County, FL",Facility Type (Detailed),Intergovernmental Service Agreement: a facility operated by state/local govt,270
Florida,"Baker County, FL",Facility Operator,All,270
Florida,"Baker County, FL",Facility Operator,County,270
Florida,"Baker County, FL",Facility Owner,All,270
Florida,"Baker County, FL",Facility Owner,County,270
Florida,"Baker County, FL",Entered ICE Custody by Month,All,270
Florida,"Baker County, FL",Entered ICE Custody by Month,2018-07,82
Florida,"Baker County, FL",Entered ICE Custody by Month,2018-06,55
Florida,"Baker County, FL",Entered ICE Custody by Month,2018-05,32
Florida,"Baker County, FL",Entered ICE Custody by Month,2018-04,23
Florida,"Baker County, FL",Entered ICE Custody by Month,2018-08,19
Florida,"Baker County, FL",Entered ICE Custody by Month,2018-03,17
Florida,"Baker County, FL",Entered ICE Custody by Month,2018-02,8
Florida,"Baker County, FL",Entered ICE Custody by Month,2017-09,6
Florida,"Baker County, FL",Entered ICE Custody by Month,2018-01,5
Florida,"Baker County, FL",Entered ICE Custody by Month,2017-01,3
Florida,"Baker County, FL",Entered ICE Custody by Month,2017-12,3
Florida,"Baker County, FL",Entered ICE Custody by Month,2017-03,2
Florida,"Baker County, FL",Entered ICE Custody by Month,2017-06,2
Florida,"Baker County, FL",Entered ICE Custody by Month,2017-11,2
Florida,"Baker County, FL",Entered ICE Custody by Month,2017-08,2
Florida,"Baker County, FL",Entered ICE Custody by Month,2017-07,2
Florida,"Baker County, FL",Entered ICE Custody by Month,2017-10,1
Florida,"Baker County, FL",Entered ICE Custody by Month,2017-05,1
Florida,"Baker County, FL",Entered ICE Custody by Month,2017-04,1
Florida,"Baker County, FL",Entered ICE Custody by Month,2017-02,1
Florida,"Baker County, FL",Entered ICE Custody by Month,2016-12,1
Florida,"Baker County, FL",Entered ICE Custody by Month,2016-11,1
Florida,"Baker County, FL",Entered ICE Custody by Month,2016-10,1
Florida,"Baker County, FL",Time in U.S.,All,270
Florida,"Baker County, FL",Time in U.S.,Not Known,80
Florida,"Baker County, FL",Time in U.S.,20 years or more,75
Florida,"Baker County, FL",Time in U.S.,Between 15 and 20 years,26
Florida,"Baker County, FL",Time in U.S.,Between 10 and 15 years,21
Florida,"Baker County, FL",Time in U.S.,Between 1 and 2 years,15
Florida,"Baker County, FL",Time in U.S.,Between 2 and 3 years,13
Florida,"Baker County, FL",Time in U.S.,Between 9 and 10 years,8
Florida,"Baker County, FL",Time in U.S.,Between 4 and 5 years,6
Florida,"Baker County, FL",Time in U.S.,Between 6 and 7 years,5
Florida,"Baker County, FL",Time in U.S.,Between 3 and 4 years,5
Florida,"Baker County, FL",Time in U.S.,Between 7 and 8 years,5
Florida,"Baker County, FL",Time in U.S.,Between 5 and 6 years,5
Florida,"Baker County, FL",Time in U.S.,Between 8 and 9 years,3
Florida,"Baker County, FL",Time in U.S.,Up to 1 year,3
Florida,"Baker County, FL",Legal Permanent Resident,All,270
Florida,"Baker County, FL",Legal Permanent Resident,No,270
Florida,"Baker County, FL",Asylum Seeker/Refugee,All,270
Florida,"Baker County, FL",Asylum Seeker/Refugee,No,270
Florida,"Baker County, FL",Most Serious Criminal Conviction,All,270
Florida,"Baker County, FL",Most Serious Criminal Conviction,No Conviction,270
Florida,"Baker County, FL",Seriousness Level of MSCC,All,270
Florida,"Baker County, FL",Seriousness Level of MSCC,No Conviction,270
Florida,"Baker County, FL",Length of Time Since MSCC,All,270
Florida,"Baker County, FL",Length of Time Since MSCC,Not Known,270
Florida,"Baker County, FL",Gender,All,270
Florida,"Baker County, FL",Gender,Male,252
Florida,"Baker County, FL",Gender,Female,18
Florida,"Baker County, FL",Citizenship,All,270
Florida,"Baker County, FL",Citizenship,MEXICO,63
Florida,"Baker County, FL",Citizenship,CUBA,46
Florida,"Baker County, FL",Citizenship,GUATEMALA,21
Florida,"Baker County, FL",Citizenship,HONDURAS,20
Florida,"Baker County, FL",Citizenship,HAITI,16
Florida,"Baker County, FL",Citizenship,JAMAICA,15
Florida,"Baker County, FL",Citizenship,DOMINICAN REPUBLIC,8
Florida,"Baker County, FL",Citizenship,BRAZIL,6
Florida,"Baker County, FL",Citizenship,VENEZUELA,5
Florida,"Baker County, FL",Citizenship,COLOMBIA,5
Florida,"Baker County, FL",Citizenship,EL SALVADOR,5
Florida,"Baker County, FL",Citizenship,RUSSIA,4
Florida,"Baker County, FL",Citizenship,NICARAGUA,4
Florida,"Baker County, FL",Citizenship,PHILIPPINES,3
Florida,"Baker County, FL",Citizenship,PANAMA,3
Florida,"Baker County, FL",Citizenship,ARGENTINA,2
Florida,"Baker County, FL",Citizenship,"CHINA, PEOPLES REPUBLIC OF",2
Florida,"Baker County, FL",Citizenship,LEBANON,2
Florida,"Baker County, FL",Citizenship,EGYPT,2
Florida,"Baker County, FL",Citizenship,SIERRA LEONE,2
Florida,"Baker County, FL",Citizenship,ST. LUCIA,2
Florida,"Baker County, FL",Citizenship,ROMANIA,2
Florida,"Baker County, FL",Citizenship,GUINEA,2
Florida,"Baker County, FL",Citizenship,NIGERIA,2
Florida,"Baker County, FL",Citizenship,UNITED KINGDOM,2
Florida,"Baker County, FL",Citizenship,BAHAMAS,2
Florida,"Baker County, FL",Citizenship,AZERBAIJAN,1
Florida,"Baker County, FL",Citizenship,ESTONIA,1
Florida,"Baker County, FL",Citizenship,KYRGYZSTAN,1
Florida,"Baker County, FL",Citizenship,BELARUS,1
Florida,"Baker County, FL",Citizenship,ST. KITTS-NEVIS,1
Florida,"Baker County, FL",Citizenship,MAURITANIA,1
Florida,"Baker County, FL",Citizenship,AFGHANISTAN,1
Florida,"Baker County, FL",Citizenship,TURKEY,1
Florida,"Baker County, FL",Citizenship,CANADA,1
Florida,"Baker County, FL",Citizenship,PORTUGAL,1
Florida,"Baker County, FL",Citizenship,GAMBIA,1
Florida,"Baker County, FL",Citizenship,ECUADOR,1
Florida,"Baker County, FL",Citizenship,JORDAN,1
Florida,"Baker County, FL",Citizenship,SOMALIA,1
Florida,"Baker County, FL",Citizenship,PERU,1
Florida,"Baker County, FL",Citizenship,SOUTH AFRICA,1
Florida,"Baker County, FL",Citizenship,IRELAND,1
Florida,"Baker County, FL",Citizenship,UKRAINE,1
Florida,"Baker County, FL",Citizenship,TRINIDAD AND TOBAGO,1
Florida,"Baker County, FL",Citizenship,BARBADOS,1
Florida,"Baker County, FL",Citizenship,PAKISTAN,1
Florida,"Baker County, FL",Citizenship,VIETNAM,1
Florida,"Baker County, FL",Citizenship,COSTA RICA,1
Florida,"Baker County, FL",Citizenship,CAMBODIA,1
Florida,"Baker County, FL",Age Group,All,270
Florida,"Baker County, FL",Age Group,Age information witheld by ICE,270
Florida,"Wakulla County, FL",Facility Type,All,102
Florida,"Wakulla County, FL",Facility Type,County Facility,102
Florida,"Wakulla County, FL",Facility Type (Detailed),All,102
Florida,"Wakulla County, FL",Facility Type (Detailed),Intergovernmental Service Agreement: a facility operated by state/local govt,102
Florida,"Wakulla County, FL",Facility Operator,All,102
Florida,"Wakulla County, FL",Facility Operator,County Sheriff Department,102
Florida,"Wakulla County, FL",Facility Owner,All,102
Florida,"Wakulla County, FL",Facility Owner,County,102
Florida,"Wakulla County, FL",Entered ICE Custody by Month,All,102
Florida,"Wakulla County, FL",Entered ICE Custody by Month,2018-06,21
Florida,"Wakulla County, FL",Entered ICE Custody by Month,2018-07,18
Florida,"Wakulla County, FL",Entered ICE Custody by Month,2018-05,10
Florida,"Wakulla County, FL",Entered ICE Custody by Month,2017-10,5
Florida,"Wakulla County, FL",Entered ICE Custody by Month,2017-08,5
Florida,"Wakulla County, FL",Entered ICE Custody by Month,2018-08,4
Florida,"Wakulla County, FL",Entered ICE Custody by Month,2018-04,4
Florida,"Wakulla County, FL",Entered ICE Custody by Month,2017-07,4
Florida,"Wakulla County, FL",Entered ICE Custody by Month,2017-11,3
Florida,"Wakulla County, FL",Entered ICE Custody by Month,2018-02,3
Florida,"Wakulla County, FL",Entered ICE Custody by Month,2018-03,3
Florida,"Wakulla County, FL",Entered ICE Custody by Month,2017-03,3
Florida,"Wakulla County, FL",Entered ICE Custody by Month,2017-02,3
Florida,"Wakulla County, FL",Entered ICE Custody by Month,2017-12,3
Florida,"Wakulla County, FL",Entered ICE Custody by Month,2018-01,2
Florida,"Wakulla County, FL",Entered ICE Custody by Month,2017-09,2
Florida,"Wakulla County, FL",Entered ICE Custody by Month,2017-06,2
Florida,"Wakulla County, FL",Entered ICE Custody by Month,2017-04,2
Florida,"Wakulla County, FL",Entered ICE Custody by Month,2017-05,1
Florida,"Wakulla County, FL",Entered ICE Custody by Month,2017-01,1
Florida,"Wakulla County, FL",Entered ICE Custody by Month,2016-11,1
Florida,"Wakulla County, FL",Entered ICE Custody by Month,2016-10,1
Florida,"Wakulla County, FL",Entered ICE Custody by Month,2016-03,1
Florida,"Wakulla County, FL",Time in U.S.,All,102
Florida,"Wakulla County, FL",Time in U.S.,20 years or more,43
Florida,"Wakulla County, FL",Time in U.S.,Not Known,19
Florida,"Wakulla County, FL",Time in U.S.,Between 15 and 20 years,11
Florida,"Wakulla County, FL",Time in U.S.,Between 10 and 15 years,8
Florida,"Wakulla County, FL",Time in U.S.,Between 1 and 2 years,7
Florida,"Wakulla County, FL",Time in U.S.,Between 4 and 5 years,3
Florida,"Wakulla County, FL",Time in U.S.,Between 7 and 8 years,2
Florida,"Wakulla County, FL",Time in U.S.,Between 9 and 10 years,2
Florida,"Wakulla County, FL",Time in U.S.,Between 3 and 4 years,2
Florida,"Wakulla County, FL",Time in U.S.,Up to 1 year,2
Florida,"Wakulla County, FL",Time in U.S.,Between 6 and 7 years,1
Florida,"Wakulla County, FL",Time in U.S.,Between 8 and 9 years,1
Florida,"Wakulla County, FL",Time in U.S.,Between 2 and 3 years,1
Florida,"Wakulla County, FL",Legal Permanent Resident,All,102
Florida,"Wakulla County, FL",Legal Permanent Resident,No,102
Florida,"Wakulla County, FL",Asylum Seeker/Refugee,All,102
Florida,"Wakulla County, FL",Asylum Seeker/Refugee,No,102
Florida,"Wakulla County, FL",Most Serious Criminal Conviction,All,102
Florida,"Wakulla County, FL",Most Serious Criminal Conviction,No Conviction,102
Florida,"Wakulla County, FL",Seriousness Level of MSCC,All,102
Florida,"Wakulla County, FL",Seriousness Level of MSCC,No Conviction,102
Florida,"Wakulla County, FL",Length of Time Since MSCC,All,102
Florida,"Wakulla County, FL",Length of Time Since MSCC,Not Known,102
Florida,"Wakulla County, FL",Gender,All,102
Florida,"Wakulla County, FL",Gender,Male,102
Florida,"Wakulla County, FL",Citizenship,All,102
Florida,"Wakulla County, FL",Citizenship,CUBA,39
Florida,"Wakulla County, FL",Citizenship,MEXICO,8
Florida,"Wakulla County, FL",Citizenship,GUATEMALA,6
Florida,"Wakulla County, FL",Citizenship,JAMAICA,5
Florida,"Wakulla County, FL",Citizenship,HAITI,4
Florida,"Wakulla County, FL",Citizenship,BRAZIL,3
Florida,"Wakulla County, FL",Citizenship,DOMINICAN REPUBLIC,3
Florida,"Wakulla County, FL",Citizenship,UNITED KINGDOM,3
Florida,"Wakulla County, FL",Citizenship,HONDURAS,3
Florida,"Wakulla County, FL",Citizenship,ETHIOPIA,2
Florida,"Wakulla County, FL",Citizenship,COLOMBIA,2
Florida,"Wakulla County, FL",Citizenship,GUINEA,2
Florida,"Wakulla County, FL",Citizenship,RUSSIA,2
Florida,"Wakulla County, FL",Citizenship,EL SALVADOR,2
Florida,"Wakulla County, FL",Citizenship,THAILAND,2
Florida,"Wakulla County, FL",Citizenship,NICARAGUA,2
Florida,"Wakulla County, FL",Citizenship,EGYPT,2
Florida,"Wakulla County, FL",Citizenship,CANADA,1
Florida,"Wakulla County, FL",Citizenship,ALBANIA,1
Florida,"Wakulla County, FL",Citizenship,SURINAME,1
Florida,"Wakulla County, FL",Citizenship,GAMBIA,1
Florida,"Wakulla County, FL",Citizenship,GERMANY,1
Florida,"Wakulla County, FL",Citizenship,BAHAMAS,1
Florida,"Wakulla County, FL",Citizenship,"CHINA, PEOPLES REPUBLIC OF",1
Florida,"Wakulla County, FL",Citizenship,IRELAND,1
Florida,"Wakulla County, FL",Citizenship,PERU,1
Florida,"Wakulla County, FL",Citizenship,INDIA,1
Florida,"Wakulla County, FL",Citizenship,GRENADA,1
Florida,"Wakulla County, FL",Citizenship,SUDAN,1
Florida,"Wakulla County, FL",Age Group,All,102
Florida,"Wakulla County, FL",Age Group,Age information witheld by ICE,102
Florida,"Monroe County, FL",Facility Type,All,68
Florida,"Monroe County, FL",Facility Type,County Facility,68
Florida,"Monroe County, FL",Facility Type (Detailed),All,68
Florida,"Monroe County, FL",Facility Type (Detailed),Intergovernmental Service Agreement: a facility operated by state/local govt,68
Florida,"Monroe County, FL",Facility Operator,All,68
Florida,"Monroe County, FL",Facility Operator,County Sheriff Department,68
Florida,"Monroe County, FL",Facility Owner,All,68
Florida,"Monroe County, FL",Facility Owner,County,68
Florida,"Monroe County, FL",Entered ICE Custody by Month,All,68
Florida,"Monroe County, FL",Entered ICE Custody by Month,2018-07,32
Florida,"Monroe County, FL",Entered ICE Custody by Month,2018-05,10
Florida,"Monroe County, FL",Entered ICE Custody by Month,2018-03,6
Florida,"Monroe County, FL",Entered ICE Custody by Month,2018-04,5
Florida,"Monroe County, FL",Entered ICE Custody by Month,2018-06,4
Florida,"Monroe County, FL",Entered ICE Custody by Month,2018-08,3
Florida,"Monroe County, FL",Entered ICE Custody by Month,2018-01,2
Florida,"Monroe County, FL",Entered ICE Custody by Month,2017-08,2
Florida,"Monroe County, FL",Entered ICE Custody by Month,2017-11,1
Florida,"Monroe County, FL",Entered ICE Custody by Month,2017-06,1
Florida,"Monroe County, FL",Entered ICE Custody by Month,2017-03,1
Florida,"Monroe County, FL",Entered ICE Custody by Month,2016-05,1
Florida,"Monroe County, FL",Time in U.S.,All,68
Florida,"Monroe County, FL",Time in U.S.,20 years or more,23
Florida,"Monroe County, FL",Time in U.S.,Not Known,22
Florida,"Monroe County, FL",Time in U.S.,Between 10 and 15 years,6
Florida,"Monroe County, FL",Time in U.S.,Between 1 and 2 years,5
Florida,"Monroe County, FL",Time in U.S.,Between 15 and 20 years,3
Florida,"Monroe County, FL",Time in U.S.,Between 7 and 8 years,2
Florida,"Monroe County, FL",Time in U.S.,Between 6 and 7 years,2
Florida,"Monroe County, FL",Time in U.S.,Between 8 and 9 years,1
Florida,"Monroe County, FL",Time in U.S.,Between 3 and 4 years,1
Florida,"Monroe County, FL",Time in U.S.,Between 4 and 5 years,1
Florida,"Monroe County, FL",Time in U.S.,Between 5 and 6 years,1
Florida,"Monroe County, FL",Time in U.S.,Up to 1 year,1
Florida,"Monroe County, FL",Legal Permanent Resident,All,68
Florida,"Monroe County, FL",Legal Permanent Resident,No,68
Florida,"Monroe County, FL",Asylum Seeker/Refugee,All,68
Florida,"Monroe County, FL",Asylum Seeker/Refugee,No,68
Florida,"Monroe County, FL",Most Serious Criminal Conviction,All,68
Florida,"Monroe County, FL",Most Serious Criminal Conviction,No Conviction,68
Florida,"Monroe County, FL",Seriousness Level of MSCC,All,68
Florida,"Monroe County, FL",Seriousness Level of MSCC,No Conviction,68
Florida,"Monroe County, FL",Length of Time Since MSCC,All,68
Florida,"Monroe County, FL",Length of Time Since MSCC,Not Known,68
Florida,"Monroe County, FL",Gender,All,68
Florida,"Monroe County, FL",Gender,Male,68
Florida,"Monroe County, FL",Citizenship,All,68
Florida,"Monroe County, FL",Citizenship,CUBA,18
Florida,"Monroe County, FL",Citizenship,MEXICO,8
Florida,"Monroe County, FL",Citizenship,HONDURAS,7
Florida,"Monroe County, FL",Citizenship,HAITI,6
Florida,"Monroe County, FL",Citizenship,EL SALVADOR,4
Florida,"Monroe County, FL",Citizenship,JAMAICA,4
Florida,"Monroe County, FL",Citizenship,GUATEMALA,3
Florida,"Monroe County, FL",Citizenship,NICARAGUA,3
Florida,"Monroe County, FL",Citizenship,BAHAMAS,2
Florida,"Monroe County, FL",Citizenship,VENEZUELA,2
Florida,"Monroe County, FL",Citizenship,TRINIDAD AND TOBAGO,2
Florida,"Monroe County, FL",Citizenship,COLOMBIA,2
Florida,"Monroe County, FL",Citizenship,MONGOLIA,1
Florida,"Monroe County, FL",Citizenship,ST. VINCENT-GRENADINES,1
Florida,"Monroe County, FL",Citizenship,CAMEROON,1
Florida,"Monroe County, FL",Citizenship,DOMINICAN REPUBLIC,1
Florida,"Monroe County, FL",Citizenship,NIGERIA,1
Florida,"Monroe County, FL",Citizenship,INDIA,1
Florida,"Monroe County, FL",Citizenship,ST. KITTS-NEVIS,1
Florida,"Monroe County, FL",Age Group,All,68
Florida,"Monroe County, FL",Age Group,Age information witheld by ICE,68
Florida,"Collier County, FL",Facility Type,All,15
Florida,"Collier County, FL",Facility Type,County Facility,15
Florida,"Collier County, FL",Facility Type (Detailed),All,15
Florida,"Collier County, FL",Facility Type (Detailed),Intergovernmental Service Agreement: a facility operated by state/local govt,15
Florida,"Collier County, FL",Facility Operator,All,15
Florida,"Collier County, FL",Facility Operator,County Sheriff Department,15
Florida,"Collier County, FL",Facility Owner,All,15
Florida,"Collier County, FL",Facility Owner,County,15
Florida,"Collier County, FL",Entered ICE Custody by Month,All,15
Florida,"Collier County, FL",Entered ICE Custody by Month,2018-08,14
Florida,"Collier County, FL",Entered ICE Custody by Month,2018-07,1
Florida,"Collier County, FL",Time in U.S.,All,15
Florida,"Collier County, FL",Time in U.S.,Not Known,9
Florida,"Collier County, FL",Time in U.S.,Between 10 and 15 years,2
Florida,"Collier County, FL",Time in U.S.,Between 15 and 20 years,1
Florida,"Collier County, FL",Time in U.S.,Between 4 and 5 years,1
Florida,"Collier County, FL",Time in U.S.,Between 2 and 3 years,1
Florida,"Collier County, FL",Time in U.S.,Between 3 and 4 years,1
Florida,"Collier County, FL",Legal Permanent Resident,All,15
Florida,"Collier County, FL",Legal Permanent Resident,No,15
Florida,"Collier County, FL",Asylum Seeker/Refugee,All,15
Florida,"Collier County, FL",Asylum Seeker/Refugee,No,15
Florida,"Collier County, FL",Most Serious Criminal Conviction,All,15
Florida,"Collier County, FL",Most Serious Criminal Conviction,No Conviction,15
Florida,"Collier County, FL",Seriousness Level of MSCC,All,15
Florida,"Collier County, FL",Seriousness Level of MSCC,No Conviction,15
Florida,"Collier County, FL",Length of Time Since MSCC,All,15
Florida,"Collier County, FL",Length of Time Since MSCC,Not Known,15
Florida,"Collier County, FL",Gender,All,15
Florida,"Collier County, FL",Gender,Male,13
Florida,"Collier County, FL",Gender,Female,2
Florida,"Collier County, FL",Citizenship,All,15
Florida,"Collier County, FL",Citizenship,GUATEMALA,5
Florida,"Collier County, FL",Citizenship,MEXICO,4
Florida,"Collier County, FL",Citizenship,HONDURAS,3
Florida,"Collier County, FL",Citizenship,CUBA,1
Florida,"Collier County, FL",Citizenship,ISRAEL,1
Florida,"Collier County, FL",Citizenship,UZBEKISTAN,1
Florida,"Collier County, FL",Age Group,All,15
Florida,"Collier County, FL",Age Group,Age information witheld by ICE,15
Florida,"Pinellas County, FL",Facility Type,All,3
Florida,"Pinellas County, FL",Facility Type,County Facility,3
Florida,"Pinellas County, FL",Facility Type (Detailed),All,3
Florida,"Pinellas County, FL",Facility Type (Detailed),Intergovernment agreement with USMS which ICE utilizes,3
Florida,"Pinellas County, FL",Facility Operator,All,3
Florida,"Pinellas County, FL",Facility Operator,County Sheriff Department,3
Florida,"Pinellas County, FL",Facility Owner,All,3
Florida,"Pinellas County, FL",Facility Owner,County,3
Florida,"Pinellas County, FL",Entered ICE Custody by Month,All,3
Florida,"Pinellas County, FL",Entered ICE Custody by Month,2018-08,3
Florida,"Pinellas County, FL",Time in U.S.,All,3
Florida,"Pinellas County, FL",Time in U.S.,Not Known,2
Florida,"Pinellas County, FL",Time in U.S.,Between 10 and 15 years,1
Florida,"Pinellas County, FL",Legal Permanent Resident,All,3
Florida,"Pinellas County, FL",Legal Permanent Resident,No,3
Florida,"Pinellas County, FL",Asylum Seeker/Refugee,All,3
Florida,"Pinellas County, FL",Asylum Seeker/Refugee,No,3
Florida,"Pinellas County, FL",Most Serious Criminal Conviction,All,3
Florida,"Pinellas County, FL",Most Serious Criminal Conviction,No Conviction,3
Florida,"Pinellas County, FL",Seriousness Level of MSCC,All,3
Florida,"Pinellas County, FL",Seriousness Level of MSCC,No Conviction,3
Florida,"Pinellas County, FL",Length of Time Since MSCC,All,3
Florida,"Pinellas County, FL",Length of Time Since MSCC,Not Known,3
Florida,"Pinellas County, FL",Gender,All,3
Florida,"Pinellas County, FL",Gender,Male,3
Florida,"Pinellas County, FL",Citizenship,All,3
Florida,"Pinellas County, FL",Citizenship,HONDURAS,2
Florida,"Pinellas County, FL",Citizenship,MEXICO,1
Florida,"Pinellas County, FL",Age Group,All,3
Florida,"Pinellas County, FL",Age Group,Age information witheld by ICE,3
Florida,"Orange County, FL",Facility Type,All,1
Florida,"Orange County, FL",Facility Type,County Facility,1
Florida,"Orange County, FL",Facility Type (Detailed),All,1
Florida,"Orange County, FL",Facility Type (Detailed),Intergovernment agreement with USMS which ICE utilizes,1
Florida,"Orange County, FL",Facility Operator,All,1
Florida,"Orange County, FL",Facility Operator,County,1
Florida,"Orange County, FL",Facility Owner,All,1
Florida,"Orange County, FL",Facility Owner,County,1
Florida,"Orange County, FL",Entered ICE Custody by Month,All,1
Florida,"Orange County, FL",Entered ICE Custody by Month,2018-08,1
Florida,"Orange County, FL",Time in U.S.,All,1
Florida,"Orange County, FL",Time in U.S.,Between 10 and 15 years,1
Florida,"Orange County, FL",Legal Permanent Resident,All,1
Florida,"Orange County, FL",Legal Permanent Resident,No,1
Florida,"Orange County, FL",Asylum Seeker/Refugee,All,1
Florida,"Orange County, FL",Asylum Seeker/Refugee,No,1
Florida,"Orange County, FL",Most Serious Criminal Conviction,All,1
Florida,"Orange County, FL",Most Serious Criminal Conviction,No Conviction,1
Florida,"Orange County, FL",Seriousness Level of MSCC,All,1
Florida,"Orange County, FL",Seriousness Level of MSCC,No Conviction,1
Florida,"Orange County, FL",Length of Time Since MSCC,All,1
Florida,"Orange County, FL",Length of Time Since MSCC,Not Known,1
Florida,"Orange County, FL",Gender,All,1
Florida,"Orange County, FL",Gender,Male,1
Florida,"Orange County, FL",Citizenship,All,1
Florida,"Orange County, FL",Citizenship,SOUTH AFRICA,1
Florida,"Orange County, FL",Age Group,All,1
Florida,"Orange County, FL",Age Group,Age information witheld by ICE,1
Florida,"Duval County, FL",Facility Type,All,1
Florida,"Duval County, FL",Facility Type,INS Facility,1
Florida,"Duval County, FL",Facility Type (Detailed),All,1
Florida,"Duval County, FL",Facility Type (Detailed),Hold: a holding facility,1
Florida,"Duval County, FL",Facility Operator,All,1
Florida,"Duval County, FL",Facility Operator,Federal,1
Florida,"Duval County, FL",Facility Owner,All,1
Florida,"Duval County, FL",Facility Owner,Not defined,1
Florida,"Duval County, FL",Entered ICE Custody by Month,All,1
Florida,"Duval County, FL",Entered ICE Custody by Month,2018-08,1
Florida,"Duval County, FL",Time in U.S.,All,1
Florida,"Duval County, FL",Time in U.S.,Between 4 and 5 years,1
Florida,"Duval County, FL",Legal Permanent Resident,All,1
Florida,"Duval County, FL",Legal Permanent Resident,No,1
Florida,"Duval County, FL",Asylum Seeker/Refugee,All,1
Florida,"Duval County, FL",Asylum Seeker/Refugee,No,1
Florida,"Duval County, FL",Most Serious Criminal Conviction,All,1
Florida,"Duval County, FL",Most Serious Criminal Conviction,No Conviction,1
Florida,"Duval County, FL",Seriousness Level of MSCC,All,1
Florida,"Duval County, FL",Seriousness Level of MSCC,No Conviction,1
Florida,"Duval County, FL",Length of Time Since MSCC,All,1
Florida,"Duval County, FL",Length of Time Since MSCC,Not Known,1
Florida,"Duval County, FL",Gender,All,1
Florida,"Duval County, FL",Gender,Male,1
Florida,"Duval County, FL",Citizenship,All,1
Florida,"Duval County, FL",Citizenship,GUATEMALA,1
Florida,"Duval County, FL",Age Group,All,1
Florida,"Duval County, FL",Age Group,Age information witheld by ICE,1
Washington,"Pierce County, WA",Facility Type,All,1406
Washington,"Pierce County, WA",Facility Type,Other Facility Type,1406
Washington,"Pierce County, WA",Facility Type (Detailed),All,1406
Washington,"Pierce County, WA",Facility Type (Detailed),Contract Detention Facility: owned by private company/under govt contract,1406
Washington,"Pierce County, WA",Facility Operator,All,1406
Washington,"Pierce County, WA",Facility Operator,"GEO Group, Inc",1406
Washington,"Pierce County, WA",Facility Owner,All,1406
Washington,"Pierce County, WA",Facility Owner,"GEO Group, Inc",1406
Washington,"Pierce County, WA",Entered ICE Custody by Month,All,1406
Washington,"Pierce County, WA",Entered ICE Custody by Month,2018-07,353
Washington,"Pierce County, WA",Entered ICE Custody by Month,2018-06,237
Washington,"Pierce County, WA",Entered ICE Custody by Month,2018-05,189
Washington,"Pierce County, WA",Entered ICE Custody by Month,2018-03,140
Washington,"Pierce County, WA",Entered ICE Custody by Month,2018-04,121
Washington,"Pierce County, WA",Entered ICE Custody by Month,2018-02,75
Washington,"Pierce County, WA",Entered ICE Custody by Month,2018-01,48
Washington,"Pierce County, WA",Entered ICE Custody by Month,2017-12,46
Washington,"Pierce County, WA",Entered ICE Custody by Month,2018-08,35
Washington,"Pierce County, WA",Entered ICE Custody by Month,2017-11,30
Washington,"Pierce County, WA",Entered ICE Custody by Month,2017-10,26
Washington,"Pierce County, WA",Entered ICE Custody by Month,2017-09,24
Washington,"Pierce County, WA",Entered ICE Custody by Month,2017-08,13
Washington,"Pierce County, WA",Entered ICE Custody by Month,2017-07,10
Washington,"Pierce County, WA",Entered ICE Custody by Month,2017-06,10
Washington,"Pierce County, WA",Entered ICE Custody by Month,2017-02,8
Washington,"Pierce County, WA",Entered ICE Custody by Month,2017-04,6
Washington,"Pierce County, WA",Entered ICE Custody by Month,2017-03,5
Washington,"Pierce County, WA",Entered ICE Custody by Month,2016-08,3
Washington,"Pierce County, WA",Entered ICE Custody by Month,2016-11,3
Washington,"Pierce County, WA",Entered ICE Custody by Month,2016-03,2
Washington,"Pierce County, WA",Entered ICE Custody by Month,2016-05,2
Washington,"Pierce County, WA",Entered ICE Custody by Month,2014-07,2
Washington,"Pierce County, WA",Entered ICE Custody by Month,2017-01,2
Washington,"Pierce County, WA",Entered ICE Custody by Month,2016-10,2
Washington,"Pierce County, WA",Entered ICE Custody by Month,2017-05,2
Washington,"Pierce County, WA",Entered ICE Custody by Month,2016-12,2
Washington,"Pierce County, WA",Entered ICE Custody by Month,2015-10,2
Washington,"Pierce County, WA",Entered ICE Custody by Month,2012-09,1
Washington,"Pierce County, WA",Entered ICE Custody by Month,2014-12,1
Washington,"Pierce County, WA",Entered ICE Custody by Month,2015-01,1
Washington,"Pierce County, WA",Entered ICE Custody by Month,2016-02,1
Washington,"Pierce County, WA",Entered ICE Custody by Month,2016-04,1
Washington,"Pierce County, WA",Entered ICE Custody by Month,2016-06,1
Washington,"Pierce County, WA",Entered ICE Custody by Month,2016-09,1
Washington,"Pierce County, WA",Entered ICE Custody by Month,2012-06,1
Washington,"Pierce County, WA",Time in U.S.,All,1406
Washington,"Pierce County, WA",Time in U.S.,Up to 1 year,610
Washington,"Pierce County, WA",Time in U.S.,Not Known,461
Washington,"Pierce County, WA",Time in U.S.,20 years or more,84
Washington,"Pierce County, WA",Time in U.S.,Between 10 and 15 years,58
Washington,"Pierce County, WA",Time in U.S.,Between 15 and 20 years,57
Washington,"Pierce County, WA",Time in U.S.,Between 3 and 4 years,26
Washington,"Pierce County, WA",Time in U.S.,Between 2 and 3 years,26
Washington,"Pierce County, WA",Time in U.S.,Between 1 and 2 years,24
Washington,"Pierce County, WA",Time in U.S.,Between 4 and 5 years,20
Washington,"Pierce County, WA",Time in U.S.,Between 6 and 7 years,12
Washington,"Pierce County, WA",Time in U.S.,Between 7 and 8 years,9
Washington,"Pierce County, WA",Time in U.S.,Between 5 and 6 years,8
Washington,"Pierce County, WA",Time in U.S.,Between 8 and 9 years,6
Washington,"Pierce County, WA",Time in U.S.,Between 9 and 10 years,5
Washington,"Pierce County, WA",Legal Permanent Resident,All,1406
Washington,"Pierce County, WA",Legal Permanent Resident,No,1406
Washington,"Pierce County, WA",Asylum Seeker/Refugee,All,1406
Washington,"Pierce County, WA",Asylum Seeker/Refugee,No,1406
Washington,"Pierce County, WA",Most Serious Criminal Conviction,All,1406
Washington,"Pierce County, WA",Most Serious Criminal Conviction,No Conviction,1406
Washington,"Pierce County, WA",Seriousness Level of MSCC,All,1406
Washington,"Pierce County, WA",Seriousness Level of MSCC,No Conviction,1406
Washington,"Pierce County, WA",Length of Time Since MSCC,All,1406
Washington,"Pierce County, WA",Length of Time Since MSCC,Not Known,1406
Washington,"Pierce County, WA",Gender,All,1406
Washington,"Pierce County, WA",Gender,Male,1240
Washington,"Pierce County, WA",Gender,Female,165
Washington,"Pierce County, WA",Gender,Unknown,1
Washington,"Pierce County, WA",Citizenship,All,1406
Washington,"Pierce County, WA",Citizenship,MEXICO,669
Washington,"Pierce County, WA",Citizenship,INDIA,137
Washington,"Pierce County, WA",Citizenship,GUATEMALA,103
Washington,"Pierce County, WA",Citizenship,EL SALVADOR,81
Washington,"Pierce County, WA",Citizenship,"CHINA, PEOPLES REPUBLIC OF",63
Washington,"Pierce County, WA",Citizenship,HONDURAS,57
Washington,"Pierce County, WA",Citizenship,ERITREA,28
Washington,"Pierce County, WA",Citizenship,CAMEROON,25
Washington,"Pierce County, WA",Citizenship,RUSSIA,19
Washington,"Pierce County, WA",Citizenship,ETHIOPIA,13
Washington,"Pierce County, WA",Citizenship,NEPAL,12
Washington,"Pierce County, WA",Citizenship,UKRAINE,11
Washington,"Pierce County, WA",Citizenship,PERU,10
Washington,"Pierce County, WA",Citizenship,CUBA,10
Washington,"Pierce County, WA",Citizenship,NICARAGUA,8
Washington,"Pierce County, WA",Citizenship,IRAQ,8
Washington,"Pierce County, WA",Citizenship,PAKISTAN,7
Washington,"Pierce County, WA",Citizenship,KYRGYZSTAN,6
Washington,"Pierce County, WA",Citizenship,SOMALIA,6
Washington,"Pierce County, WA",Citizenship,COLOMBIA,6
Washington,"Pierce County, WA",Citizenship,CAMBODIA,6
Washington,"Pierce County, WA",Citizenship,HAITI,5
Washington,"Pierce County, WA",Citizenship,VIETNAM,5
Washington,"Pierce County, WA",Citizenship,KENYA,5
Washington,"Pierce County, WA",Citizenship,JAMAICA,5
Washington,"Pierce County, WA",Citizenship,ROMANIA,4
Washington,"Pierce County, WA",Citizenship,SUDAN,4
Washington,"Pierce County, WA",Citizenship,"MICRONESIA, FEDERATED STATES OF",4
Washington,"Pierce County, WA",Citizenship,DEM REP OF THE CONGO,4
Washington,"Pierce County, WA",Citizenship,BRAZIL,4
Washington,"Pierce County, WA",Citizenship,ECUADOR,4
Washington,"Pierce County, WA",Citizenship,NIGERIA,3
Washington,"Pierce County, WA",Citizenship,SIERRA LEONE,3
Washington,"Pierce County, WA",Citizenship,AFGHANISTAN,3
Washington,"Pierce County, WA",Citizenship,LAOS,3
Washington,"Pierce County, WA",Citizenship,BANGLADESH,3
Washington,"Pierce County, WA",Citizenship,UNITED KINGDOM,3
Washington,"Pierce County, WA",Citizenship,MARSHALL ISLANDS,3
Washington,"Pierce County, WA",Citizenship,CANADA,3
Washington,"Pierce County, WA",Citizenship,GAMBIA,3
Washington,"Pierce County, WA",Citizenship,GUINEA,3
Washington,"Pierce County, WA",Citizenship,GHANA,2
Washington,"Pierce County, WA",Citizenship,PHILIPPINES,2
Washington,"Pierce County, WA",Citizenship,ARMENIA,2
Washington,"Pierce County, WA",Citizenship,VENEZUELA,2
Washington,"Pierce County, WA",Citizenship,TAIWAN,2
Washington,"Pierce County, WA",Citizenship,SRI LANKA,2
Washington,"Pierce County, WA",Citizenship,GERMANY,2
Washington,"Pierce County, WA",Citizenship,DJIBOUTI,1
Washington,"Pierce County, WA",Citizenship,HONG KONG,1
Washington,"Pierce County, WA",Citizenship,SLOVAKIA,1
Washington,"Pierce County, WA",Citizenship,KUWAIT,1
Washington,"Pierce County, WA",Citizenship,COMOROS,1
Washington,"Pierce County, WA",Citizenship,EQUATORIAL GUINEA,1
Washington,"Pierce County, WA",Citizenship,MAURITANIA,1
Washington,"Pierce County, WA",Citizenship,BURUNDI,1
Washington,"Pierce County, WA",Citizenship,USSR,1
Washington,"Pierce County, WA",Citizenship,SWEDEN,1
Washington,"Pierce County, WA",Citizenship,DENMARK,1
Washington,"Pierce County, WA",Citizenship,TANZANIA,1
Washington,"Pierce County, WA",Citizenship,MALAWI,1
Washington,"Pierce County, WA",Citizenship,KAZAKHSTAN,1
Washington,"Pierce County, WA",Citizenship,COSTA RICA,1
Washington,"Pierce County, WA",Citizenship,TUNISIA,1
Washington,"Pierce County, WA",Citizenship,LIBERIA,1
Washington,"Pierce County, WA",Citizenship,KOREA,1
Washington,"Pierce County, WA",Citizenship,DOMINICAN REPUBLIC,1
Washington,"Pierce County, WA",Citizenship,UNKNOWN,1
Washington,"Pierce County, WA",Citizenship,SOUTH AFRICA,1
Washington,"Pierce County, WA",Citizenship,ALGERIA,1
Washington,"Pierce County, WA",Citizenship,SOUTH KOREA,1
Washington,"Pierce County, WA",Citizenship,EGYPT,1
Washington,"Pierce County, WA",Citizenship,TURKEY,1
Washington,"Pierce County, WA",Citizenship,PALAU,1
Washington,"Pierce County, WA",Citizenship,MONGOLIA,1
Washington,"Pierce County, WA",Citizenship,ISRAEL,1
Washington,"Pierce County, WA",Citizenship,FIJI,1
Washington,"Pierce County, WA",Citizenship,SOUTH SUDAN,1
Washington,"Pierce County, WA",Citizenship,GEORGIA,1
Washington,"Pierce County, WA",Citizenship,NIGER,1
Washington,"Pierce County, WA",Citizenship,MOZAMBIQUE,1
Washington,"Pierce County, WA",Age Group,All,1406
Washington,"Pierce County, WA",Age Group,Age information witheld by ICE,1406
Washington,"King County, WA",Facility Type,All,72
Washington,"King County, WA",Facility Type,Federal Facility,72
Washington,"King County, WA",Facility Type (Detailed),All,72
Washington,"King County, WA",Facility Type (Detailed),Bureau of Prisons: a facility operated by/under the management of the BOP,72
Washington,"King County, WA",Facility Operator,All,72
Washington,"King County, WA",Facility Operator,Bureau of Prisons,72
Washington,"King County, WA",Facility Owner,All,72
Washington,"King County, WA",Facility Owner,Not defined,72
Washington,"King County, WA",Entered ICE Custody by Month,All,72
Washington,"King County, WA",Entered ICE Custody by Month,2018-05,72
Washington,"King County, WA",Time in U.S.,All,72
Washington,"King County, WA",Time in U.S.,Up to 1 year,72
Washington,"King County, WA",Legal Permanent Resident,All,72
Washington,"King County, WA",Legal Permanent Resident,No,72
Washington,"King County, WA",Asylum Seeker/Refugee,All,72
Washington,"King County, WA",Asylum Seeker/Refugee,No,72
Washington,"King County, WA",Most Serious Criminal Conviction,All,72
Washington,"King County, WA",Most Serious Criminal Conviction,No Conviction,72
Washington,"King County, WA",Seriousness Level of MSCC,All,72
Washington,"King County, WA",Seriousness Level of MSCC,No Conviction,72
Washington,"King County, WA",Length of Time Since MSCC,All,72
Washington,"King County, WA",Length of Time Since MSCC,Not Known,72
Washington,"King County, WA",Gender,All,72
Washington,"King County, WA",Gender,Female,54
Washington,"King County, WA",Gender,Male,18
Washington,"King County, WA",Citizenship,All,72
Washington,"King County, WA",Citizenship,HONDURAS,20
Washington,"King County, WA",Citizenship,EL SALVADOR,19
Washington,"King County, WA",Citizenship,GUATEMALA,16
Washington,"King County, WA",Citizenship,CUBA,6
Washington,"King County, WA",Citizenship,NICARAGUA,5
Washington,"King County, WA",Citizenship,ECUADOR,4
Washington,"King County, WA",Citizenship,DOMINICAN REPUBLIC,1
Washington,"King County, WA",Citizenship,VENEZUELA,1
Washington,"King County, WA",Age Group,All,72
Washington,"King County, WA",Age Group,Age information witheld by ICE,72
Washington,"Yakima County, WA",Facility Type,All,6
Washington,"Yakima County, WA",Facility Type,County Facility,5
Washington,"Yakima County, WA",Facility Type,Local Facility,1
Washington,"Yakima County, WA",Facility Type (Detailed),All,6
Washington,"Yakima County, WA",Facility Type (Detailed),Intergovernment agreement with USMS which ICE utilizes,5
Washington,"Yakima County, WA",Facility Type (Detailed),Intergovernmental Service Agreement: a facility operated by state/local govt,1
Washington,"Yakima County, WA",Facility Operator,All,6
Washington,"Yakima County, WA",Facility Operator,County Corrections Office,5
Washington,"Yakima County, WA",Facility Operator,City or Municipality,1
Washington,"Yakima County, WA",Facility Owner,All,6
Washington,"Yakima County, WA",Facility Owner,County,5
Washington,"Yakima County, WA",Facility Owner,Not defined,1
Washington,"Yakima County, WA",Entered ICE Custody by Month,All,6
Washington,"Yakima County, WA",Entered ICE Custody by Month,2018-08,5
Washington,"Yakima County, WA",Entered ICE Custody by Month,2018-07,1
Washington,"Yakima County, WA",Time in U.S.,All,6
Washington,"Yakima County, WA",Time in U.S.,Not Known,5
Washington,"Yakima County, WA",Time in U.S.,20 years or more,1
Washington,"Yakima County, WA",Legal Permanent Resident,All,6
Washington,"Yakima County, WA",Legal Permanent Resident,No,6
Washington,"Yakima County, WA",Asylum Seeker/Refugee,All,6
Washington,"Yakima County, WA",Asylum Seeker/Refugee,No,6
Washington,"Yakima County, WA",Most Serious Criminal Conviction,All,6
Washington,"Yakima County, WA",Most Serious Criminal Conviction,No Conviction,6
Washington,"Yakima County, WA",Seriousness Level of MSCC,All,6
Washington,"Yakima County, WA",Seriousness Level of MSCC,No Conviction,6
Washington,"Yakima County, WA",Length of Time Since MSCC,All,6
Washington,"Yakima County, WA",Length of Time Since MSCC,Not Known,6
Washington,"Yakima County, WA",Gender,All,6
Washington,"Yakima County, WA",Gender,Male,5
Washington,"Yakima County, WA",Gender,Female,1
Washington,"Yakima County, WA",Citizenship,All,6
Washington,"Yakima County, WA",Citizenship,MEXICO,6
Washington,"Yakima County, WA",Age Group,All,6
Washington,"Yakima County, WA",Age Group,Age information witheld by ICE,6
Washington,"Whatcom County, WA",Facility Type,All,1
Washington,"Whatcom County, WA",Facility Type,INS Facility,1
Washington,"Whatcom County, WA",Facility Type (Detailed),All,1
Washington,"Whatcom County, WA",Facility Type (Detailed),Hold: a holding facility,1
Washington,"Whatcom County, WA",Facility Operator,All,1
Washington,"Whatcom County, WA",Facility Operator,Not defined,1
Washington,"Whatcom County, WA",Facility Owner,All,1
Washington,"Whatcom County, WA",Facility Owner,Not defined,1
Washington,"Whatcom County, WA",Entered ICE Custody by Month,All,1
Washington,"Whatcom County, WA",Entered ICE Custody by Month,2017-10,1
Washington,"Whatcom County, WA",Time in U.S.,All,1
Washington,"Whatcom County, WA",Time in U.S.,Between 10 and 15 years,1
Washington,"Whatcom County, WA",Legal Permanent Resident,All,1
Washington,"Whatcom County, WA",Legal Permanent Resident,No,1
Washington,"Whatcom County, WA",Asylum Seeker/Refugee,All,1
Washington,"Whatcom County, WA",Asylum Seeker/Refugee,No,1
Washington,"Whatcom County, WA",Most Serious Criminal Conviction,All,1
Washington,"Whatcom County, WA",Most Serious Criminal Conviction,No Conviction,1
Washington,"Whatcom County, WA",Seriousness Level of MSCC,All,1
Washington,"Whatcom County, WA",Seriousness Level of MSCC,No Conviction,1
Washington,"Whatcom County, WA",Length of Time Since MSCC,All,1
Washington,"Whatcom County, WA",Length of Time Since MSCC,Not Known,1
Washington,"Whatcom County, WA",Gender,All,1
Washington,"Whatcom County, WA",Gender,Female,1
Washington,"Whatcom County, WA",Citizenship,All,1
Washington,"Whatcom County, WA",Citizenship,HONDURAS,1
Washington,"Whatcom County, WA",Age Group,All,1
Washington,"Whatcom County, WA",Age Group,Age information witheld by ICE,1
Pennsylvania,"York County, PA",Facility Type,All,765
Pennsylvania,"York County, PA",Facility Type,County Facility,765
Pennsylvania,"York County, PA",Facility Type (Detailed),All,765
Pennsylvania,"York County, PA",Facility Type (Detailed),Intergovernmental Service Agreement: a facility operated by state/local govt,765
Pennsylvania,"York County, PA",Facility Operator,All,765
Pennsylvania,"York County, PA",Facility Operator,County Sheriff Department,765
Pennsylvania,"York County, PA",Facility Owner,All,765
Pennsylvania,"York County, PA",Facility Owner,County,765
Pennsylvania,"York County, PA",Entered ICE Custody by Month,All,765
Pennsylvania,"York County, PA",Entered ICE Custody by Month,2018-07,187
Pennsylvania,"York County, PA",Entered ICE Custody by Month,2018-06,139
Pennsylvania,"York County, PA",Entered ICE Custody by Month,2018-05,92
Pennsylvania,"York County, PA",Entered ICE Custody by Month,2018-04,69
Pennsylvania,"York County, PA",Entered ICE Custody by Month,2018-08,45
Pennsylvania,"York County, PA",Entered ICE Custody by Month,2018-03,42
Pennsylvania,"York County, PA",Entered ICE Custody by Month,2018-01,41
Pennsylvania,"York County, PA",Entered ICE Custody by Month,2017-12,37
Pennsylvania,"York County, PA",Entered ICE Custody by Month,2018-02,33
Pennsylvania,"York County, PA",Entered ICE Custody by Month,2017-11,19
Pennsylvania,"York County, PA",Entered ICE Custody by Month,2017-10,10
Pennsylvania,"York County, PA",Entered ICE Custody by Month,2017-09,7
Pennsylvania,"York County, PA",Entered ICE Custody by Month,2016-11,6
Pennsylvania,"York County, PA",Entered ICE Custody by Month,2017-06,5
Pennsylvania,"York County, PA",Entered ICE Custody by Month,2017-05,5
Pennsylvania,"York County, PA",Entered ICE Custody by Month,2017-08,4
Pennsylvania,"York County, PA",Entered ICE Custody by Month,2017-04,4
Pennsylvania,"York County, PA",Entered ICE Custody by Month,2016-09,3
Pennsylvania,"York County, PA",Entered ICE Custody by Month,2017-02,3
Pennsylvania,"York County, PA",Entered ICE Custody by Month,2017-07,3
Pennsylvania,"York County, PA",Entered ICE Custody by Month,2017-03,2
Pennsylvania,"York County, PA",Entered ICE Custody by Month,2016-10,2
Pennsylvania,"York County, PA",Entered ICE Custody by Month,2016-03,1
Pennsylvania,"York County, PA",Entered ICE Custody by Month,2016-06,1
Pennsylvania,"York County, PA",Entered ICE Custody by Month,2016-07,1
Pennsylvania,"York County, PA",Entered ICE Custody by Month,2016-08,1
Pennsylvania,"York County, PA",Entered ICE Custody by Month,2016-12,1
Pennsylvania,"York County, PA",Entered ICE Custody by Month,2017-01,1
Pennsylvania,"York County, PA",Entered ICE Custody by Month,2015-12,1
Pennsylvania,"York County, PA",Time in U.S.,All,765
Pennsylvania,"York County, PA",Time in U.S.,Not Known,328
Pennsylvania,"York County, PA",Time in U.S.,Up to 1 year,86
Pennsylvania,"York County, PA",Time in U.S.,20 years or more,66
Pennsylvania,"York County, PA",Time in U.S.,Between 10 and 15 years,64
Pennsylvania,"York County, PA",Time in U.S.,Between 15 and 20 years,49
Pennsylvania,"York County, PA",Time in U.S.,Between 1 and 2 years,31
Pennsylvania,"York County, PA",Time in U.S.,Between 2 and 3 years,28
Pennsylvania,"York County, PA",Time in U.S.,Between 4 and 5 years,26
Pennsylvania,"York County, PA",Time in U.S.,Between 3 and 4 years,22
Pennsylvania,"York County, PA",Time in U.S.,Between 6 and 7 years,18
Pennsylvania,"York County, PA",Time in U.S.,Between 5 and 6 years,17
Pennsylvania,"York County, PA",Time in U.S.,Between 7 and 8 years,13
Pennsylvania,"York County, PA",Time in U.S.,Between 8 and 9 years,11
Pennsylvania,"York County, PA",Time in U.S.,Between 9 and 10 years,6
Pennsylvania,"York County, PA",Legal Permanent Resident,All,765
Pennsylvania,"York County, PA",Legal Permanent Resident,No,765
Pennsylvania,"York County, PA",Asylum Seeker/Refugee,All,765
Pennsylvania,"York County, PA",Asylum Seeker/Refugee,No,765
Pennsylvania,"York County, PA",Most Serious Criminal Conviction,All,765
Pennsylvania,"York County, PA",Most Serious Criminal Conviction,No Conviction,765
Pennsylvania,"York County, PA",Seriousness Level of MSCC,All,765
Pennsylvania,"York County, PA",Seriousness Level of MSCC,No Conviction,765
Pennsylvania,"York County, PA",Length of Time Since MSCC,All,765
Pennsylvania,"York County, PA",Length of Time Since MSCC,Not Known,765
Pennsylvania,"York County, PA",Gender,All,765
Pennsylvania,"York County, PA",Gender,Male,680
Pennsylvania,"York County, PA",Gender,Female,85
Pennsylvania,"York County, PA",Citizenship,All,765
Pennsylvania,"York County, PA",Citizenship,MEXICO,191
Pennsylvania,"York County, PA",Citizenship,GUATEMALA,99
Pennsylvania,"York County, PA",Citizenship,HONDURAS,70
Pennsylvania,"York County, PA",Citizenship,DOMINICAN REPUBLIC,48
Pennsylvania,"York County, PA",Citizenship,EL SALVADOR,36
Pennsylvania,"York County, PA",Citizenship,CUBA,34
Pennsylvania,"York County, PA",Citizenship,JAMAICA,24
Pennsylvania,"York County, PA",Citizenship,LIBERIA,19
Pennsylvania,"York County, PA",Citizenship,BRAZIL,17
Pennsylvania,"York County, PA",Citizenship,HAITI,15
Pennsylvania,"York County, PA",Citizenship,ECUADOR,14
Pennsylvania,"York County, PA",Citizenship,"CHINA, PEOPLES REPUBLIC OF",12
Pennsylvania,"York County, PA",Citizenship,NIGERIA,12
Pennsylvania,"York County, PA",Citizenship,INDIA,10
Pennsylvania,"York County, PA",Citizenship,GUINEA,9
Pennsylvania,"York County, PA",Citizenship,COLOMBIA,8
Pennsylvania,"York County, PA",Citizenship,VENEZUELA,8
Pennsylvania,"York County, PA",Citizenship,SOMALIA,7
Pennsylvania,"York County, PA",Citizenship,ROMANIA,7
Pennsylvania,"York County, PA",Citizenship,GHANA,6
Pennsylvania,"York County, PA",Citizenship,SIERRA LEONE,5
Pennsylvania,"York County, PA",Citizenship,TRINIDAD AND TOBAGO,5
Pennsylvania,"York County, PA",Citizenship,KENYA,4
Pennsylvania,"York County, PA",Citizenship,UKRAINE,4
Pennsylvania,"York County, PA",Citizenship,PERU,4
Pennsylvania,"York County, PA",Citizenship,RUSSIA,4
Pennsylvania,"York County, PA",Citizenship,CAMEROON,3
Pennsylvania,"York County, PA",Citizenship,BANGLADESH,3
Pennsylvania,"York County, PA",Citizenship,VIETNAM,3
Pennsylvania,"York County, PA",Citizenship,GEORGIA,3
Pennsylvania,"York County, PA",Citizenship,PAKISTAN,3
Pennsylvania,"York County, PA",Citizenship,CAMBODIA,3
Pennsylvania,"York County, PA",Citizenship,CANADA,3
Pennsylvania,"York County, PA",Citizenship,POLAND,3
Pennsylvania,"York County, PA",Citizenship,IRAQ,3
Pennsylvania,"York County, PA",Citizenship,NIGER,2
Pennsylvania,"York County, PA",Citizenship,ALBANIA,2
Pennsylvania,"York County, PA",Citizenship,BELARUS,2
Pennsylvania,"York County, PA",Citizenship,BURKINA FASO,2
Pennsylvania,"York County, PA",Citizenship,MOROCCO,2
Pennsylvania,"York County, PA",Citizenship,TURKEY,2
Pennsylvania,"York County, PA",Citizenship,BENIN,2
Pennsylvania,"York County, PA",Citizenship,ANGOLA,2
Pennsylvania,"York County, PA",Citizenship,ARGENTINA,2
Pennsylvania,"York County, PA",Citizenship,URUGUAY,2
Pennsylvania,"York County, PA",Citizenship,EGYPT,2
Pennsylvania,"York County, PA",Citizenship,ERITREA,2
Pennsylvania,"York County, PA",Citizenship,NICARAGUA,2
Pennsylvania,"York County, PA",Citizenship,BHUTAN,2
Pennsylvania,"York County, PA",Citizenship,LITHUANIA,2
Pennsylvania,"York County, PA",Citizenship,ST. VINCENT-GRENADINES,1
Pennsylvania,"York County, PA",Citizenship,UGANDA,1
Pennsylvania,"York County, PA",Citizenship,SWEDEN,1
Pennsylvania,"York County, PA",Citizenship,SAUDI ARABIA,1
Pennsylvania,"York County, PA",Citizenship,UZBEKISTAN,1
Pennsylvania,"York County, PA",Citizenship,SUDAN,1
Pennsylvania,"York County, PA",Citizenship,SPAIN,1
Pennsylvania,"York County, PA",Citizenship,KUWAIT,1
Pennsylvania,"York County, PA",Citizenship,YEMEN,1
Pennsylvania,"York County, PA",Citizenship,NEW ZEALAND,1
Pennsylvania,"York County, PA",Citizenship,ANTIGUA-BARBUDA,1
Pennsylvania,"York County, PA",Citizenship,MAURITANIA,1
Pennsylvania,"York County, PA",Citizenship,AUSTRALIA,1
Pennsylvania,"York County, PA",Citizenship,LAOS,1
Pennsylvania,"York County, PA",Citizenship,SYRIA,1
Pennsylvania,"York County, PA",Citizenship,NETHERLANDS ANTILLES,1
Pennsylvania,"York County, PA",Citizenship,NEPAL,1
Pennsylvania,"York County, PA",Citizenship,SOUTH KOREA,1
Pennsylvania,"York County, PA",Citizenship,FRANCE,1
Pennsylvania,"York County, PA",Citizenship,BELIZE,1
Pennsylvania,"York County, PA",Citizenship,BAHAMAS,1
Pennsylvania,"York County, PA",Citizenship,TOGO,1
Pennsylvania,"York County, PA",Citizenship,THAILAND,1
Pennsylvania,"York County, PA",Citizenship,GUYANA,1
Pennsylvania,"York County, PA",Citizenship,BOSNIA-HERZEGOVINA,1
Pennsylvania,"York County, PA",Citizenship,MALAYSIA,1
Pennsylvania,"York County, PA",Citizenship,BURMA,1
Pennsylvania,"York County, PA",Citizenship,ITALY,1
Pennsylvania,"York County, PA",Citizenship,CONGO,1
Pennsylvania,"York County, PA",Citizenship,RWANDA,1
Pennsylvania,"York County, PA",Citizenship,SERBIA,1
Pennsylvania,"York County, PA",Citizenship,ZAMBIA,1
Pennsylvania,"York County, PA",Citizenship,AFGHANISTAN,1
Pennsylvania,"York County, PA",Citizenship,SENEGAL,1
Pennsylvania,"York County, PA",Citizenship,TUNISIA,1
Pennsylvania,"York County, PA",Citizenship,PHILIPPINES,1
Pennsylvania,"York County, PA",Age Group,All,765
Pennsylvania,"York County, PA",Age Group,Age information witheld by ICE,765
Pennsylvania,"Pike County, PA",Facility Type,All,170
Pennsylvania,"Pike County, PA",Facility Type,County Facility,170
Pennsylvania,"Pike County, PA",Facility Type (Detailed),All,170
Pennsylvania,"Pike County, PA",Facility Type (Detailed),Intergovernmental Service Agreement: a facility operated by state/local govt,170
Pennsylvania,"Pike County, PA",Facility Operator,All,170
Pennsylvania,"Pike County, PA",Facility Operator,County Sheriff Department,170
Pennsylvania,"Pike County, PA",Facility Owner,All,170
Pennsylvania,"Pike County, PA",Facility Owner,County,170
Pennsylvania,"Pike County, PA",Entered ICE Custody by Month,All,170
Pennsylvania,"Pike County, PA",Entered ICE Custody by Month,2018-07,26
Pennsylvania,"Pike County, PA",Entered ICE Custody by Month,2018-06,22
Pennsylvania,"Pike County, PA",Entered ICE Custody by Month,2018-04,14
Pennsylvania,"Pike County, PA",Entered ICE Custody by Month,2018-03,13
Pennsylvania,"Pike County, PA",Entered ICE Custody by Month,2017-10,13
Pennsylvania,"Pike County, PA",Entered ICE Custody by Month,2018-05,9
Pennsylvania,"Pike County, PA",Entered ICE Custody by Month,2017-11,9
Pennsylvania,"Pike County, PA",Entered ICE Custody by Month,2017-09,7
Pennsylvania,"Pike County, PA",Entered ICE Custody by Month,2017-12,7
Pennsylvania,"Pike County, PA",Entered ICE Custody by Month,2018-02,6
Pennsylvania,"Pike County, PA",Entered ICE Custody by Month,2018-01,6
Pennsylvania,"Pike County, PA",Entered ICE Custody by Month,2017-08,4
Pennsylvania,"Pike County, PA",Entered ICE Custody by Month,2018-08,3
Pennsylvania,"Pike County, PA",Entered ICE Custody by Month,2017-06,3
Pennsylvania,"Pike County, PA",Entered ICE Custody by Month,2017-05,3
Pennsylvania,"Pike County, PA",Entered ICE Custody by Month,2017-04,3
Pennsylvania,"Pike County, PA",Entered ICE Custody by Month,2016-10,3
Pennsylvania,"Pike County, PA",Entered ICE Custody by Month,2017-01,3
Pennsylvania,"Pike County, PA",Entered ICE Custody by Month,2016-11,2
Pennsylvania,"Pike County, PA",Entered ICE Custody by Month,2016-12,2
Pennsylvania,"Pike County, PA",Entered ICE Custody by Month,2017-02,2
Pennsylvania,"Pike County, PA",Entered ICE Custody by Month,2017-07,2
Pennsylvania,"Pike County, PA",Entered ICE Custody by Month,2015-08,1
Pennsylvania,"Pike County, PA",Entered ICE Custody by Month,2015-12,1
Pennsylvania,"Pike County, PA",Entered ICE Custody by Month,2016-02,1
Pennsylvania,"Pike County, PA",Entered ICE Custody by Month,2016-03,1
Pennsylvania,"Pike County, PA",Entered ICE Custody by Month,2016-04,1
Pennsylvania,"Pike County, PA",Entered ICE Custody by Month,2016-07,1
Pennsylvania,"Pike County, PA",Entered ICE Custody by Month,2016-08,1
Pennsylvania,"Pike County, PA",Entered ICE Custody by Month,2014-04,1
Pennsylvania,"Pike County, PA",Time in U.S.,All,170
Pennsylvania,"Pike County, PA",Time in U.S.,Not Known,47
Pennsylvania,"Pike County, PA",Time in U.S.,20 years or more,43
Pennsylvania,"Pike County, PA",Time in U.S.,Between 15 and 20 years,20
Pennsylvania,"Pike County, PA",Time in U.S.,Between 10 and 15 years,20
Pennsylvania,"Pike County, PA",Time in U.S.,Up to 1 year,10
Pennsylvania,"Pike County, PA",Time in U.S.,Between 1 and 2 years,5
Pennsylvania,"Pike County, PA",Time in U.S.,Between 2 and 3 years,5
Pennsylvania,"Pike County, PA",Time in U.S.,Between 5 and 6 years,4
Pennsylvania,"Pike County, PA",Time in U.S.,Between 7 and 8 years,4
Pennsylvania,"Pike County, PA",Time in U.S.,Between 4 and 5 years,3
Pennsylvania,"Pike County, PA",Time in U.S.,Between 3 and 4 years,3
Pennsylvania,"Pike County, PA",Time in U.S.,Between 6 and 7 years,2
Pennsylvania,"Pike County, PA",Time in U.S.,Between 9 and 10 years,2
Pennsylvania,"Pike County, PA",Time in U.S.,Between 8 and 9 years,2
Pennsylvania,"Pike County, PA",Legal Permanent Resident,All,170
Pennsylvania,"Pike County, PA",Legal Permanent Resident,No,170
Pennsylvania,"Pike County, PA",Asylum Seeker/Refugee,All,170
Pennsylvania,"Pike County, PA",Asylum Seeker/Refugee,No,170
Pennsylvania,"Pike County, PA",Most Serious Criminal Conviction,All,170
Pennsylvania,"Pike County, PA",Most Serious Criminal Conviction,No Conviction,170
Pennsylvania,"Pike County, PA",Seriousness Level of MSCC,All,170
Pennsylvania,"Pike County, PA",Seriousness Level of MSCC,No Conviction,170
Pennsylvania,"Pike County, PA",Length of Time Since MSCC,All,170
Pennsylvania,"Pike County, PA",Length of Time Since MSCC,Not Known,170
Pennsylvania,"Pike County, PA",Gender,All,170
Pennsylvania,"Pike County, PA",Gender,Male,170
Pennsylvania,"Pike County, PA",Citizenship,All,170
Pennsylvania,"Pike County, PA",Citizenship,MEXICO,26
Pennsylvania,"Pike County, PA",Citizenship,DOMINICAN REPUBLIC,18
Pennsylvania,"Pike County, PA",Citizenship,HONDURAS,14
Pennsylvania,"Pike County, PA",Citizenship,"CHINA, PEOPLES REPUBLIC OF",9
Pennsylvania,"Pike County, PA",Citizenship,INDIA,9
Pennsylvania,"Pike County, PA",Citizenship,JAMAICA,8
Pennsylvania,"Pike County, PA",Citizenship,EL SALVADOR,7
Pennsylvania,"Pike County, PA",Citizenship,GUATEMALA,6
Pennsylvania,"Pike County, PA",Citizenship,COLOMBIA,5
Pennsylvania,"Pike County, PA",Citizenship,CUBA,3
Pennsylvania,"Pike County, PA",Citizenship,GUINEA,3
Pennsylvania,"Pike County, PA",Citizenship,HAITI,3
Pennsylvania,"Pike County, PA",Citizenship,LIBERIA,3
Pennsylvania,"Pike County, PA",Citizenship,ISRAEL,2
Pennsylvania,"Pike County, PA",Citizenship,GHANA,2
Pennsylvania,"Pike County, PA",Citizenship,ERITREA,2
Pennsylvania,"Pike County, PA",Citizenship,CAMEROON,2
Pennsylvania,"Pike County, PA",Citizenship,PAKISTAN,2
Pennsylvania,"Pike County, PA",Citizenship,TANZANIA,2
Pennsylvania,"Pike County, PA",Citizenship,INDONESIA,2
Pennsylvania,"Pike County, PA",Citizenship,RUSSIA,2
Pennsylvania,"Pike County, PA",Citizenship,VENEZUELA,2
Pennsylvania,"Pike County, PA",Citizenship,ECUADOR,2
Pennsylvania,"Pike County, PA",Citizenship,TRINIDAD AND TOBAGO,2
Pennsylvania,"Pike County, PA",Citizenship,PERU,2
Pennsylvania,"Pike County, PA",Citizenship,NIGERIA,2
Pennsylvania,"Pike County, PA",Citizenship,PHILIPPINES,1
Pennsylvania,"Pike County, PA",Citizenship,CANADA,1
Pennsylvania,"Pike County, PA",Citizenship,UKRAINE,1
Pennsylvania,"Pike County, PA",Citizenship,IVORY COAST,1
Pennsylvania,"Pike County, PA",Citizenship,CAPE VERDE,1
Pennsylvania,"Pike County, PA",Citizenship,AFGHANISTAN,1
Pennsylvania,"Pike County, PA",Citizenship,UZBEKISTAN,1
Pennsylvania,"Pike County, PA",Citizenship,TURKEY,1
Pennsylvania,"Pike County, PA",Citizenship,LAOS,1
Pennsylvania,"Pike County, PA",Citizenship,GREECE,1
Pennsylvania,"Pike County, PA",Citizenship,BRAZIL,1
Pennsylvania,"Pike County, PA",Citizenship,ANTIGUA-BARBUDA,1
Pennsylvania,"Pike County, PA",Citizenship,HUNGARY,1
Pennsylvania,"Pike County, PA",Citizenship,NICARAGUA,1
Pennsylvania,"Pike County, PA",Citizenship,CAMBODIA,1
Pennsylvania,"Pike County, PA",Citizenship,POLAND,1
Pennsylvania,"Pike County, PA",Citizenship,LEBANON,1
Pennsylvania,"Pike County, PA",Citizenship,UNITED KINGDOM,1
Pennsylvania,"Pike County, PA",Citizenship,IRELAND,1
Pennsylvania,"Pike County, PA",Citizenship,ZIMBABWE,1
Pennsylvania,"Pike County, PA",Citizenship,GRENADA,1
Pennsylvania,"Pike County, PA",Citizenship,BANGLADESH,1
Pennsylvania,"Pike County, PA",Citizenship,VIETNAM,1
Pennsylvania,"Pike County, PA",Citizenship,SOUTH KOREA,1
Pennsylvania,"Pike County, PA",Citizenship,GAMBIA,1
Pennsylvania,"Pike County, PA",Citizenship,NEPAL,1
Pennsylvania,"Pike County, PA",Citizenship,BOSNIA-HERZEGOVINA,1
Pennsylvania,"Pike County, PA",Citizenship,ALGERIA,1
Pennsylvania,"Pike County, PA",Citizenship,BURMA,1
Pennsylvania,"Pike County, PA",Citizenship,DENMARK,1
Pennsylvania,"Pike County, PA",Age Group,All,170
Pennsylvania,"Pike County, PA",Age Group,Age information witheld by ICE,170
Pennsylvania,"Berks County, PA",Facility Type,All,49
Pennsylvania,"Berks County, PA",Facility Type,County Facility,49
Pennsylvania,"Berks County, PA",Facility Type (Detailed),All,49
Pennsylvania,"Berks County, PA",Facility Type (Detailed),Family: a facility in which families are detained together,49
Pennsylvania,"Berks County, PA",Facility Operator,All,49
Pennsylvania,"Berks County, PA",Facility Operator,County,49
Pennsylvania,"Berks County, PA",Facility Owner,All,49
Pennsylvania,"Berks County, PA",Facility Owner,County,49
Pennsylvania,"Berks County, PA",Entered ICE Custody by Month,All,49
Pennsylvania,"Berks County, PA",Entered ICE Custody by Month,2018-07,33
Pennsylvania,"Berks County, PA",Entered ICE Custody by Month,2018-08,14
Pennsylvania,"Berks County, PA",Entered ICE Custody by Month,2018-05,1
Pennsylvania,"Berks County, PA",Entered ICE Custody by Month,2018-06,1
Pennsylvania,"Berks County, PA",Time in U.S.,All,49
Pennsylvania,"Berks County, PA",Time in U.S.,Up to 1 year,47
Pennsylvania,"Berks County, PA",Time in U.S.,Not Known,2
Pennsylvania,"Berks County, PA",Legal Permanent Resident,All,49
Pennsylvania,"Berks County, PA",Legal Permanent Resident,No,49
Pennsylvania,"Berks County, PA",Asylum Seeker/Refugee,All,49
Pennsylvania,"Berks County, PA",Asylum Seeker/Refugee,No,49
Pennsylvania,"Berks County, PA",Most Serious Criminal Conviction,All,49
Pennsylvania,"Berks County, PA",Most Serious Criminal Conviction,No Conviction,49
Pennsylvania,"Berks County, PA",Seriousness Level of MSCC,All,49
Pennsylvania,"Berks County, PA",Seriousness Level of MSCC,No Conviction,49
Pennsylvania,"Berks County, PA",Length of Time Since MSCC,All,49
Pennsylvania,"Berks County, PA",Length of Time Since MSCC,Not Known,49
Pennsylvania,"Berks County, PA",Gender,All,49
Pennsylvania,"Berks County, PA",Gender,Male,34
Pennsylvania,"Berks County, PA",Gender,Female,15
Pennsylvania,"Berks County, PA",Citizenship,All,49
Pennsylvania,"Berks County, PA",Citizenship,GUATEMALA,36
Pennsylvania,"Berks County, PA",Citizenship,HONDURAS,4
Pennsylvania,"Berks County, PA",Citizenship,SPAIN,3
Pennsylvania,"Berks County, PA",Citizenship,MEXICO,2
Pennsylvania,"Berks County, PA",Citizenship,EL SALVADOR,2
Pennsylvania,"Berks County, PA",Citizenship,BRAZIL,2
Pennsylvania,"Berks County, PA",Age Group,All,49
Pennsylvania,"Berks County, PA",Age Group,Age information witheld by ICE,49
Pennsylvania,"Clinton County, PA",Facility Type,All,46
Pennsylvania,"Clinton County, PA",Facility Type,County Facility,46
Pennsylvania,"Clinton County, PA",Facility Type (Detailed),All,46
Pennsylvania,"Clinton County, PA",Facility Type (Detailed),Intergovernment agreement with USMS which ICE utilizes,46
Pennsylvania,"Clinton County, PA",Facility Operator,All,46
Pennsylvania,"Clinton County, PA",Facility Operator,County Corrections Office,46
Pennsylvania,"Clinton County, PA",Facility Owner,All,46
Pennsylvania,"Clinton County, PA",Facility Owner,County,46
Pennsylvania,"Clinton County, PA",Entered ICE Custody by Month,All,46
Pennsylvania,"Clinton County, PA",Entered ICE Custody by Month,2018-07,18
Pennsylvania,"Clinton County, PA",Entered ICE Custody by Month,2018-08,15
Pennsylvania,"Clinton County, PA",Entered ICE Custody by Month,2018-06,4
Pennsylvania,"Clinton County, PA",Entered ICE Custody by Month,2018-04,2
Pennsylvania,"Clinton County, PA",Entered ICE Custody by Month,2018-02,2
Pennsylvania,"Clinton County, PA",Entered ICE Custody by Month,2018-03,1
Pennsylvania,"Clinton County, PA",Entered ICE Custody by Month,2018-05,1
Pennsylvania,"Clinton County, PA",Entered ICE Custody by Month,2017-12,1
Pennsylvania,"Clinton County, PA",Entered ICE Custody by Month,2017-11,1
Pennsylvania,"Clinton County, PA",Entered ICE Custody by Month,2017-10,1
Pennsylvania,"Clinton County, PA",Time in U.S.,All,46
Pennsylvania,"Clinton County, PA",Time in U.S.,Not Known,16
Pennsylvania,"Clinton County, PA",Time in U.S.,20 years or more,12
Pennsylvania,"Clinton County, PA",Time in U.S.,Between 15 and 20 years,6
Pennsylvania,"Clinton County, PA",Time in U.S.,Between 10 and 15 years,4
Pennsylvania,"Clinton County, PA",Time in U.S.,Between 1 and 2 years,4
Pennsylvania,"Clinton County, PA",Time in U.S.,Between 7 and 8 years,1
Pennsylvania,"Clinton County, PA",Time in U.S.,Between 5 and 6 years,1
Pennsylvania,"Clinton County, PA",Time in U.S.,Between 4 and 5 years,1
Pennsylvania,"Clinton County, PA",Time in U.S.,Between 8 and 9 years,1
Pennsylvania,"Clinton County, PA",Legal Permanent Resident,All,46
Pennsylvania,"Clinton County, PA",Legal Permanent Resident,No,46
Pennsylvania,"Clinton County, PA",Asylum Seeker/Refugee,All,46
Pennsylvania,"Clinton County, PA",Asylum Seeker/Refugee,No,46
Pennsylvania,"Clinton County, PA",Most Serious Criminal Conviction,All,46
Pennsylvania,"Clinton County, PA",Most Serious Criminal Conviction,No Conviction,46
Pennsylvania,"Clinton County, PA",Seriousness Level of MSCC,All,46
Pennsylvania,"Clinton County, PA",Seriousness Level of MSCC,No Conviction,46
Pennsylvania,"Clinton County, PA",Length of Time Since MSCC,All,46
Pennsylvania,"Clinton County, PA",Length of Time Since MSCC,Not Known,46
Pennsylvania,"Clinton County, PA",Gender,All,46
Pennsylvania,"Clinton County, PA",Gender,Male,46
Pennsylvania,"Clinton County, PA",Citizenship,All,46
Pennsylvania,"Clinton County, PA",Citizenship,MEXICO,6
Pennsylvania,"Clinton County, PA",Citizenship,EL SALVADOR,6
Pennsylvania,"Clinton County, PA",Citizenship,HONDURAS,4
Pennsylvania,"Clinton County, PA",Citizenship,GUATEMALA,4
Pennsylvania,"Clinton County, PA",Citizenship,JAMAICA,3
Pennsylvania,"Clinton County, PA",Citizenship,PAKISTAN,3
Pennsylvania,"Clinton County, PA",Citizenship,HAITI,3
Pennsylvania,"Clinton County, PA",Citizenship,DOMINICAN REPUBLIC,2
Pennsylvania,"Clinton County, PA",Citizenship,GUYANA,2
Pennsylvania,"Clinton County, PA",Citizenship,NIGERIA,1
Pennsylvania,"Clinton County, PA",Citizenship,DEM REP OF THE CONGO,1
Pennsylvania,"Clinton County, PA",Citizenship,CANADA,1
Pennsylvania,"Clinton County, PA",Citizenship,SIERRA LEONE,1
Pennsylvania,"Clinton County, PA",Citizenship,VIETNAM,1
Pennsylvania,"Clinton County, PA",Citizenship,CUBA,1
Pennsylvania,"Clinton County, PA",Citizenship,MALI,1
Pennsylvania,"Clinton County, PA",Citizenship,COLOMBIA,1
Pennsylvania,"Clinton County, PA",Citizenship,LIBERIA,1
Pennsylvania,"Clinton County, PA",Citizenship,"CHINA, PEOPLES REPUBLIC OF",1
Pennsylvania,"Clinton County, PA",Citizenship,TRINIDAD AND TOBAGO,1
Pennsylvania,"Clinton County, PA",Citizenship,UNITED KINGDOM,1
Pennsylvania,"Clinton County, PA",Citizenship,TANZANIA,1
Pennsylvania,"Clinton County, PA",Age Group,All,46
Pennsylvania,"Clinton County, PA",Age Group,Age information witheld by ICE,46
Pennsylvania,"Cambria County, PA",Facility Type,All,32
Pennsylvania,"Cambria County, PA",Facility Type,County Facility,32
Pennsylvania,"Cambria County, PA",Facility Type (Detailed),All,32
Pennsylvania,"Cambria County, PA",Facility Type (Detailed),Intergovernment agreement with USMS which ICE utilizes,32
Pennsylvania,"Cambria County, PA",Facility Operator,All,32
Pennsylvania,"Cambria County, PA",Facility Operator,County Prison,32
Pennsylvania,"Cambria County, PA",Facility Owner,All,32
Pennsylvania,"Cambria County, PA",Facility Owner,County,32
Pennsylvania,"Cambria County, PA",Entered ICE Custody by Month,All,32
Pennsylvania,"Cambria County, PA",Entered ICE Custody by Month,2018-07,18
Pennsylvania,"Cambria County, PA",Entered ICE Custody by Month,2018-06,11
Pennsylvania,"Cambria County, PA",Entered ICE Custody by Month,2018-05,2
Pennsylvania,"Cambria County, PA",Entered ICE Custody by Month,2017-04,1
Pennsylvania,"Cambria County, PA",Time in U.S.,All,32
Pennsylvania,"Cambria County, PA",Time in U.S.,Not Known,20
Pennsylvania,"Cambria County, PA",Time in U.S.,Up to 1 year,2
Pennsylvania,"Cambria County, PA",Time in U.S.,Between 2 and 3 years,2
Pennsylvania,"Cambria County, PA",Time in U.S.,Between 15 and 20 years,2
Pennsylvania,"Cambria County, PA",Time in U.S.,20 years or more,1
Pennsylvania,"Cambria County, PA",Time in U.S.,Between 10 and 15 years,1
Pennsylvania,"Cambria County, PA",Time in U.S.,Between 3 and 4 years,1
Pennsylvania,"Cambria County, PA",Time in U.S.,Between 9 and 10 years,1
Pennsylvania,"Cambria County, PA",Time in U.S.,Between 8 and 9 years,1
Pennsylvania,"Cambria County, PA",Time in U.S.,Between 7 and 8 years,1
Pennsylvania,"Cambria County, PA",Legal Permanent Resident,All,32
Pennsylvania,"Cambria County, PA",Legal Permanent Resident,No,32
Pennsylvania,"Cambria County, PA",Asylum Seeker/Refugee,All,32
Pennsylvania,"Cambria County, PA",Asylum Seeker/Refugee,No,32
Pennsylvania,"Cambria County, PA",Most Serious Criminal Conviction,All,32
Pennsylvania,"Cambria County, PA",Most Serious Criminal Conviction,No Conviction,32
Pennsylvania,"Cambria County, PA",Seriousness Level of MSCC,All,32
Pennsylvania,"Cambria County, PA",Seriousness Level of MSCC,No Conviction,32
Pennsylvania,"Cambria County, PA",Length of Time Since MSCC,All,32
Pennsylvania,"Cambria County, PA",Length of Time Since MSCC,Not Known,32
Pennsylvania,"Cambria County, PA",Gender,All,32
Pennsylvania,"Cambria County, PA",Gender,Male,32
Pennsylvania,"Cambria County, PA",Citizenship,All,32
Pennsylvania,"Cambria County, PA",Citizenship,MEXICO,14
Pennsylvania,"Cambria County, PA",Citizenship,HONDURAS,6
Pennsylvania,"Cambria County, PA",Citizenship,GUATEMALA,4
Pennsylvania,"Cambria County, PA",Citizenship,FIJI,1
Pennsylvania,"Cambria County, PA",Citizenship,KENYA,1
Pennsylvania,"Cambria County, PA",Citizenship,BANGLADESH,1
Pennsylvania,"Cambria County, PA",Citizenship,UNITED KINGDOM,1
Pennsylvania,"Cambria County, PA",Citizenship,HAITI,1
Pennsylvania,"Cambria County, PA",Citizenship,IRAQ,1
Pennsylvania,"Cambria County, PA",Citizenship,EL SALVADOR,1
Pennsylvania,"Cambria County, PA",Citizenship,UZBEKISTAN,1
Pennsylvania,"Cambria County, PA",Age Group,All,32
Pennsylvania,"Cambria County, PA",Age Group,Age information witheld by ICE,32
Pennsylvania,"Lehigh County, PA",Facility Type,All,8
Pennsylvania,"Lehigh County, PA",Facility Type,County Facility,8
Pennsylvania,"Lehigh County, PA",Facility Type (Detailed),All,8
Pennsylvania,"Lehigh County, PA",Facility Type (Detailed),Intergovernment agreement with USMS which ICE utilizes,8
Pennsylvania,"Lehigh County, PA",Facility Operator,All,8
Pennsylvania,"Lehigh County, PA",Facility Operator,County,8
Pennsylvania,"Lehigh County, PA",Facility Owner,All,8
Pennsylvania,"Lehigh County, PA",Facility Owner,Not defined,8
Pennsylvania,"Lehigh County, PA",Entered ICE Custody by Month,All,8
Pennsylvania,"Lehigh County, PA",Entered ICE Custody by Month,2018-07,7
Pennsylvania,"Lehigh County, PA",Entered ICE Custody by Month,2018-08,1
Pennsylvania,"Lehigh County, PA",Time in U.S.,All,8
Pennsylvania,"Lehigh County, PA",Time in U.S.,Not Known,7
Pennsylvania,"Lehigh County, PA",Time in U.S.,Between 15 and 20 years,1
Pennsylvania,"Lehigh County, PA",Legal Permanent Resident,All,8
Pennsylvania,"Lehigh County, PA",Legal Permanent Resident,No,8
Pennsylvania,"Lehigh County, PA",Asylum Seeker/Refugee,All,8
Pennsylvania,"Lehigh County, PA",Asylum Seeker/Refugee,No,8
Pennsylvania,"Lehigh County, PA",Most Serious Criminal Conviction,All,8
Pennsylvania,"Lehigh County, PA",Most Serious Criminal Conviction,No Conviction,8
Pennsylvania,"Lehigh County, PA",Seriousness Level of MSCC,All,8
Pennsylvania,"Lehigh County, PA",Seriousness Level of MSCC,No Conviction,8
Pennsylvania,"Lehigh County, PA",Length of Time Since MSCC,All,8
Pennsylvania,"Lehigh County, PA",Length of Time Since MSCC,Not Known,8
Pennsylvania,"Lehigh County, PA",Gender,All,8
Pennsylvania,"Lehigh County, PA",Gender,Male,8
Pennsylvania,"Lehigh County, PA",Citizenship,All,8
Pennsylvania,"Lehigh County, PA",Citizenship,MEXICO,8
Pennsylvania,"Lehigh County, PA",Age Group,All,8
Pennsylvania,"Lehigh County, PA",Age Group,Age information witheld by ICE,8
Pennsylvania,"Beaver County, PA",Facility Type,All,5
Pennsylvania,"Beaver County, PA",Facility Type,County Facility,5
Pennsylvania,"Beaver County, PA",Facility Type (Detailed),All,5
Pennsylvania,"Beaver County, PA",Facility Type (Detailed),Intergovernment agreement with USMS which ICE utilizes,5
Pennsylvania,"Beaver County, PA",Facility Operator,All,5
Pennsylvania,"Beaver County, PA",Facility Operator,County Sheriff Department,5
Pennsylvania,"Beaver County, PA",Facility Owner,All,5
Pennsylvania,"Beaver County, PA",Facility Owner,County,5
Pennsylvania,"Beaver County, PA",Entered ICE Custody by Month,All,5
Pennsylvania,"Beaver County, PA",Entered ICE Custody by Month,2018-08,5
Pennsylvania,"Beaver County, PA",Time in U.S.,All,5
Pennsylvania,"Beaver County, PA",Time in U.S.,Not Known,3
Pennsylvania,"Beaver County, PA",Time in U.S.,Between 15 and 20 years,1
Pennsylvania,"Beaver County, PA",Time in U.S.,Between 10 and 15 years,1
Pennsylvania,"Beaver County, PA",Legal Permanent Resident,All,5
Pennsylvania,"Beaver County, PA",Legal Permanent Resident,No,5
Pennsylvania,"Beaver County, PA",Asylum Seeker/Refugee,All,5
Pennsylvania,"Beaver County, PA",Asylum Seeker/Refugee,No,5
Pennsylvania,"Beaver County, PA",Most Serious Criminal Conviction,All,5
Pennsylvania,"Beaver County, PA",Most Serious Criminal Conviction,No Conviction,5
Pennsylvania,"Beaver County, PA",Seriousness Level of MSCC,All,5
Pennsylvania,"Beaver County, PA",Seriousness Level of MSCC,No Conviction,5
Pennsylvania,"Beaver County, PA",Length of Time Since MSCC,All,5
Pennsylvania,"Beaver County, PA",Length of Time Since MSCC,Not Known,5
Pennsylvania,"Beaver County, PA",Gender,All,5
Pennsylvania,"Beaver County, PA",Gender,Male,4
Pennsylvania,"Beaver County, PA",Gender,Female,1
Pennsylvania,"Beaver County, PA",Citizenship,All,5
Pennsylvania,"Beaver County, PA",Citizenship,GUATEMALA,3
Pennsylvania,"Beaver County, PA",Citizenship,HONDURAS,1
Pennsylvania,"Beaver County, PA",Citizenship,NIGERIA,1
Pennsylvania,"Beaver County, PA",Age Group,All,5
Pennsylvania,"Beaver County, PA",Age Group,Age information witheld by ICE,5
Pennsylvania,"Delaware County, PA",Facility Type,All,1
Pennsylvania,"Delaware County, PA",Facility Type,County Facility,1
Pennsylvania,"Delaware County, PA",Facility Type (Detailed),All,1
Pennsylvania,"Delaware County, PA",Facility Type (Detailed),Intergovernment agreement with USMS which ICE utilizes,1
Pennsylvania,"Delaware County, PA",Facility Operator,All,1
Pennsylvania,"Delaware County, PA",Facility Operator,County,1
Pennsylvania,"Delaware County, PA",Facility Owner,All,1
Pennsylvania,"Delaware County, PA",Facility Owner,County,1
Pennsylvania,"Delaware County, PA",Entered ICE Custody by Month,All,1
Pennsylvania,"Delaware County, PA",Entered ICE Custody by Month,2018-07,1
Pennsylvania,"Delaware County, PA",Time in U.S.,All,1
Pennsylvania,"Delaware County, PA",Time in U.S.,Up to 1 year,1
Pennsylvania,"Delaware County, PA",Legal Permanent Resident,All,1
Pennsylvania,"Delaware County, PA",Legal Permanent Resident,No,1
Pennsylvania,"Delaware County, PA",Asylum Seeker/Refugee,All,1
Pennsylvania,"Delaware County, PA",Asylum Seeker/Refugee,No,1
Pennsylvania,"Delaware County, PA",Most Serious Criminal Conviction,All,1
Pennsylvania,"Delaware County, PA",Most Serious Criminal Conviction,No Conviction,1
Pennsylvania,"Delaware County, PA",Seriousness Level of MSCC,All,1
Pennsylvania,"Delaware County, PA",Seriousness Level of MSCC,No Conviction,1
Pennsylvania,"Delaware County, PA",Length of Time Since MSCC,All,1
Pennsylvania,"Delaware County, PA",Length of Time Since MSCC,Not Known,1
Pennsylvania,"Delaware County, PA",Gender,All,1
Pennsylvania,"Delaware County, PA",Gender,Male,1
Pennsylvania,"Delaware County, PA",Citizenship,All,1
Pennsylvania,"Delaware County, PA",Citizenship,CROATIA,1
Pennsylvania,"Delaware County, PA",Age Group,All,1
Pennsylvania,"Delaware County, PA",Age Group,Age information witheld by ICE,1
New Mexico,"Dona Ana County, NM",Facility Type,All,792
New Mexico,"Dona Ana County, NM",Facility Type,County Facility,792
New Mexico,"Dona Ana County, NM",Facility Type (Detailed),All,792
New Mexico,"Dona Ana County, NM",Facility Type (Detailed),Dedicated IGSA,792
New Mexico,"Dona Ana County, NM",Facility Operator,All,792
New Mexico,"Dona Ana County, NM",Facility Operator,Management and Training Corporation,792
New Mexico,"Dona Ana County, NM",Facility Owner,All,792
New Mexico,"Dona Ana County, NM",Facility Owner,County,792
New Mexico,"Dona Ana County, NM",Entered ICE Custody by Month,All,792
New Mexico,"Dona Ana County, NM",Entered ICE Custody by Month,2018-06,254
New Mexico,"Dona Ana County, NM",Entered ICE Custody by Month,2018-07,180
New Mexico,"Dona Ana County, NM",Entered ICE Custody by Month,2018-05,112
New Mexico,"Dona Ana County, NM",Entered ICE Custody by Month,2018-04,61
New Mexico,"Dona Ana County, NM",Entered ICE Custody by Month,2018-08,34
New Mexico,"Dona Ana County, NM",Entered ICE Custody by Month,2018-03,32
New Mexico,"Dona Ana County, NM",Entered ICE Custody by Month,2018-02,23
New Mexico,"Dona Ana County, NM",Entered ICE Custody by Month,2017-09,21
New Mexico,"Dona Ana County, NM",Entered ICE Custody by Month,2018-01,17
New Mexico,"Dona Ana County, NM",Entered ICE Custody by Month,2017-11,14
New Mexico,"Dona Ana County, NM",Entered ICE Custody by Month,2017-10,7
New Mexico,"Dona Ana County, NM",Entered ICE Custody by Month,2017-08,7
New Mexico,"Dona Ana County, NM",Entered ICE Custody by Month,2017-07,5
New Mexico,"Dona Ana County, NM",Entered ICE Custody by Month,2017-06,5
New Mexico,"Dona Ana County, NM",Entered ICE Custody by Month,2017-12,5
New Mexico,"Dona Ana County, NM",Entered ICE Custody by Month,2016-12,3
New Mexico,"Dona Ana County, NM",Entered ICE Custody by Month,2017-02,3
New Mexico,"Dona Ana County, NM",Entered ICE Custody by Month,2016-07,2
New Mexico,"Dona Ana County, NM",Entered ICE Custody by Month,2017-05,2
New Mexico,"Dona Ana County, NM",Entered ICE Custody by Month,2017-01,1
New Mexico,"Dona Ana County, NM",Entered ICE Custody by Month,2016-11,1
New Mexico,"Dona Ana County, NM",Entered ICE Custody by Month,2016-09,1
New Mexico,"Dona Ana County, NM",Entered ICE Custody by Month,2017-03,1
New Mexico,"Dona Ana County, NM",Entered ICE Custody by Month,2016-03,1
New Mexico,"Dona Ana County, NM",Time in U.S.,All,792
New Mexico,"Dona Ana County, NM",Time in U.S.,Up to 1 year,540
New Mexico,"Dona Ana County, NM",Time in U.S.,Not Known,66
New Mexico,"Dona Ana County, NM",Time in U.S.,Between 1 and 2 years,37
New Mexico,"Dona Ana County, NM",Time in U.S.,Between 10 and 15 years,32
New Mexico,"Dona Ana County, NM",Time in U.S.,20 years or more,24
New Mexico,"Dona Ana County, NM",Time in U.S.,Between 15 and 20 years,21
New Mexico,"Dona Ana County, NM",Time in U.S.,Between 2 and 3 years,16
New Mexico,"Dona Ana County, NM",Time in U.S.,Between 3 and 4 years,12
New Mexico,"Dona Ana County, NM",Time in U.S.,Between 5 and 6 years,8
New Mexico,"Dona Ana County, NM",Time in U.S.,Between 6 and 7 years,8
New Mexico,"Dona Ana County, NM",Time in U.S.,Between 9 and 10 years,8
New Mexico,"Dona Ana County, NM",Time in U.S.,Between 7 and 8 years,8
New Mexico,"Dona Ana County, NM",Time in U.S.,Between 4 and 5 years,7
New Mexico,"Dona Ana County, NM",Time in U.S.,Between 8 and 9 years,5
New Mexico,"Dona Ana County, NM",Legal Permanent Resident,All,792
New Mexico,"Dona Ana County, NM",Legal Permanent Resident,No,792
New Mexico,"Dona Ana County, NM",Asylum Seeker/Refugee,All,792
New Mexico,"Dona Ana County, NM",Asylum Seeker/Refugee,No,792
New Mexico,"Dona Ana County, NM",Most Serious Criminal Conviction,All,792
New Mexico,"Dona Ana County, NM",Most Serious Criminal Conviction,No Conviction,792
New Mexico,"Dona Ana County, NM",Seriousness Level of MSCC,All,792
New Mexico,"Dona Ana County, NM",Seriousness Level of MSCC,No Conviction,792
New Mexico,"Dona Ana County, NM",Length of Time Since MSCC,All,792
New Mexico,"Dona Ana County, NM",Length of Time Since MSCC,Not Known,792
New Mexico,"Dona Ana County, NM",Gender,All,792
New Mexico,"Dona Ana County, NM",Gender,Male,792
New Mexico,"Dona Ana County, NM",Citizenship,All,792
New Mexico,"Dona Ana County, NM",Citizenship,MEXICO,234
New Mexico,"Dona Ana County, NM",Citizenship,GUATEMALA,179
New Mexico,"Dona Ana County, NM",Citizenship,EL SALVADOR,75
New Mexico,"Dona Ana County, NM",Citizenship,HONDURAS,72
New Mexico,"Dona Ana County, NM",Citizenship,INDIA,52
New Mexico,"Dona Ana County, NM",Citizenship,CUBA,42
New Mexico,"Dona Ana County, NM",Citizenship,BRAZIL,21
New Mexico,"Dona Ana County, NM",Citizenship,ECUADOR,16
New Mexico,"Dona Ana County, NM",Citizenship,NICARAGUA,15
New Mexico,"Dona Ana County, NM",Citizenship,CAMEROON,11
New Mexico,"Dona Ana County, NM",Citizenship,ERITREA,7
New Mexico,"Dona Ana County, NM",Citizenship,NEPAL,7
New Mexico,"Dona Ana County, NM",Citizenship,"CHINA, PEOPLES REPUBLIC OF",5
New Mexico,"Dona Ana County, NM",Citizenship,NIGERIA,5
New Mexico,"Dona Ana County, NM",Citizenship,VENEZUELA,5
New Mexico,"Dona Ana County, NM",Citizenship,PAKISTAN,4
New Mexico,"Dona Ana County, NM",Citizenship,SRI LANKA,3
New Mexico,"Dona Ana County, NM",Citizenship,UZBEKISTAN,3
New Mexico,"Dona Ana County, NM",Citizenship,RUSSIA,2
New Mexico,"Dona Ana County, NM",Citizenship,ROMANIA,2
New Mexico,"Dona Ana County, NM",Citizenship,ISRAEL,2
New Mexico,"Dona Ana County, NM",Citizenship,UKRAINE,2
New Mexico,"Dona Ana County, NM",Citizenship,JAMAICA,2
New Mexico,"Dona Ana County, NM",Citizenship,JORDAN,2
New Mexico,"Dona Ana County, NM",Citizenship,KOREA,1
New Mexico,"Dona Ana County, NM",Citizenship,IRAQ,1
New Mexico,"Dona Ana County, NM",Citizenship,CANADA,1
New Mexico,"Dona Ana County, NM",Citizenship,IRAN,1
New Mexico,"Dona Ana County, NM",Citizenship,CONGO,1
New Mexico,"Dona Ana County, NM",Citizenship,BOLIVIA,1
New Mexico,"Dona Ana County, NM",Citizenship,GUYANA,1
New Mexico,"Dona Ana County, NM",Citizenship,GRENADA,1
New Mexico,"Dona Ana County, NM",Citizenship,MONGOLIA,1
New Mexico,"Dona Ana County, NM",Citizenship,TURKEY,1
New Mexico,"Dona Ana County, NM",Citizenship,BELARUS,1
New Mexico,"Dona Ana County, NM",Citizenship,BURMA,1
New Mexico,"Dona Ana County, NM",Citizenship,GHANA,1
New Mexico,"Dona Ana County, NM",Citizenship,ARGENTINA,1
New Mexico,"Dona Ana County, NM",Citizenship,TUNISIA,1
New Mexico,"Dona Ana County, NM",Citizenship,DOMINICAN REPUBLIC,1
New Mexico,"Dona Ana County, NM",Citizenship,PERU,1
New Mexico,"Dona Ana County, NM",Citizenship,BANGLADESH,1
New Mexico,"Dona Ana County, NM",Citizenship,COSTA RICA,1
New Mexico,"Dona Ana County, NM",Citizenship,GAMBIA,1
New Mexico,"Dona Ana County, NM",Citizenship,HAITI,1
New Mexico,"Dona Ana County, NM",Citizenship,ANGOLA,1
New Mexico,"Dona Ana County, NM",Citizenship,GUINEA,1
New Mexico,"Dona Ana County, NM",Citizenship,ARMENIA,1
New Mexico,"Dona Ana County, NM",Age Group,All,792
New Mexico,"Dona Ana County, NM",Age Group,Age information witheld by ICE,792
New Mexico,"Cibola County, NM",Facility Type,All,242
New Mexico,"Cibola County, NM",Facility Type,Other Facility Type,242
New Mexico,"Cibola County, NM",Facility Type (Detailed),All,242
New Mexico,"Cibola County, NM",Facility Type (Detailed),Intergovernmental Service Agreement: a facility operated by state/local govt,242
New Mexico,"Cibola County, NM",Facility Operator,All,242
New Mexico,"Cibola County, NM",Facility Operator,CORECIVIC,242
New Mexico,"Cibola County, NM",Facility Owner,All,242
New Mexico,"Cibola County, NM",Facility Owner,County,242
New Mexico,"Cibola County, NM",Entered ICE Custody by Month,All,242
New Mexico,"Cibola County, NM",Entered ICE Custody by Month,2018-07,149
New Mexico,"Cibola County, NM",Entered ICE Custody by Month,2018-08,49
New Mexico,"Cibola County, NM",Entered ICE Custody by Month,2018-06,11
New Mexico,"Cibola County, NM",Entered ICE Custody by Month,2018-05,9
New Mexico,"Cibola County, NM",Entered ICE Custody by Month,2017-06,4
New Mexico,"Cibola County, NM",Entered ICE Custody by Month,2018-04,4
New Mexico,"Cibola County, NM",Entered ICE Custody by Month,2017-08,3
New Mexico,"Cibola County, NM",Entered ICE Custody by Month,2018-01,3
New Mexico,"Cibola County, NM",Entered ICE Custody by Month,2018-03,3
New Mexico,"Cibola County, NM",Entered ICE Custody by Month,2017-09,2
New Mexico,"Cibola County, NM",Entered ICE Custody by Month,2017-11,2
New Mexico,"Cibola County, NM",Entered ICE Custody by Month,2018-02,1
New Mexico,"Cibola County, NM",Entered ICE Custody by Month,2017-12,1
New Mexico,"Cibola County, NM",Entered ICE Custody by Month,2017-02,1
New Mexico,"Cibola County, NM",Time in U.S.,All,242
New Mexico,"Cibola County, NM",Time in U.S.,Up to 1 year,216
New Mexico,"Cibola County, NM",Time in U.S.,Not Known,18
New Mexico,"Cibola County, NM",Time in U.S.,Between 1 and 2 years,5
New Mexico,"Cibola County, NM",Time in U.S.,Between 15 and 20 years,1
New Mexico,"Cibola County, NM",Time in U.S.,Between 4 and 5 years,1
New Mexico,"Cibola County, NM",Time in U.S.,Between 2 and 3 years,1
New Mexico,"Cibola County, NM",Legal Permanent Resident,All,242
New Mexico,"Cibola County, NM",Legal Permanent Resident,No,242
New Mexico,"Cibola County, NM",Asylum Seeker/Refugee,All,242
New Mexico,"Cibola County, NM",Asylum Seeker/Refugee,No,242
New Mexico,"Cibola County, NM",Most Serious Criminal Conviction,All,242
New Mexico,"Cibola County, NM",Most Serious Criminal Conviction,No Conviction,242
New Mexico,"Cibola County, NM",Seriousness Level of MSCC,All,242
New Mexico,"Cibola County, NM",Seriousness Level of MSCC,No Conviction,242
New Mexico,"Cibola County, NM",Length of Time Since MSCC,All,242
New Mexico,"Cibola County, NM",Length of Time Since MSCC,Not Known,242
New Mexico,"Cibola County, NM",Gender,All,242
New Mexico,"Cibola County, NM",Gender,Male,242
New Mexico,"Cibola County, NM",Citizenship,All,242
New Mexico,"Cibola County, NM",Citizenship,HONDURAS,58
New Mexico,"Cibola County, NM",Citizenship,GUATEMALA,50
New Mexico,"Cibola County, NM",Citizenship,MEXICO,41
New Mexico,"Cibola County, NM",Citizenship,EL SALVADOR,31
New Mexico,"Cibola County, NM",Citizenship,CUBA,30
New Mexico,"Cibola County, NM",Citizenship,NICARAGUA,11
New Mexico,"Cibola County, NM",Citizenship,BRAZIL,9
New Mexico,"Cibola County, NM",Citizenship,CONGO,2
New Mexico,"Cibola County, NM",Citizenship,INDIA,2
New Mexico,"Cibola County, NM",Citizenship,TURKEY,1
New Mexico,"Cibola County, NM",Citizenship,RUSSIA,1
New Mexico,"Cibola County, NM",Citizenship,VIETNAM,1
New Mexico,"Cibola County, NM",Citizenship,PERU,1
New Mexico,"Cibola County, NM",Citizenship,HAITI,1
New Mexico,"Cibola County, NM",Citizenship,ECUADOR,1
New Mexico,"Cibola County, NM",Citizenship,JAMAICA,1
New Mexico,"Cibola County, NM",Citizenship,KYRGYZSTAN,1
New Mexico,"Cibola County, NM",Age Group,All,242
New Mexico,"Cibola County, NM",Age Group,Age information witheld by ICE,242
New York,"Genesee County, NY",Facility Type,All,540
New York,"Genesee County, NY",Facility Type,INS Facility,540
New York,"Genesee County, NY",Facility Type (Detailed),All,540
New York,"Genesee County, NY",Facility Type (Detailed),Service Processing Center: a govt facility with both federal/contract staff,540
New York,"Genesee County, NY",Facility Operator,All,540
New York,"Genesee County, NY",Facility Operator,"Akima Global Services, LLC",540
New York,"Genesee County, NY",Facility Owner,All,540
New York,"Genesee County, NY",Facility Owner,ICE,540
New York,"Genesee County, NY",Entered ICE Custody by Month,All,540
New York,"Genesee County, NY",Entered ICE Custody by Month,2018-07,119
New York,"Genesee County, NY",Entered ICE Custody by Month,2018-06,109
New York,"Genesee County, NY",Entered ICE Custody by Month,2018-05,51
New York,"Genesee County, NY",Entered ICE Custody by Month,2018-03,49
New York,"Genesee County, NY",Entered ICE Custody by Month,2018-04,38
New York,"Genesee County, NY",Entered ICE Custody by Month,2018-08,24
New York,"Genesee County, NY",Entered ICE Custody by Month,2018-01,20
New York,"Genesee County, NY",Entered ICE Custody by Month,2018-02,19
New York,"Genesee County, NY",Entered ICE Custody by Month,2017-12,15
New York,"Genesee County, NY",Entered ICE Custody by Month,2017-11,12
New York,"Genesee County, NY",Entered ICE Custody by Month,2017-10,11
New York,"Genesee County, NY",Entered ICE Custody by Month,2017-07,10
New York,"Genesee County, NY",Entered ICE Custody by Month,2017-06,8
New York,"Genesee County, NY",Entered ICE Custody by Month,2017-05,7
New York,"Genesee County, NY",Entered ICE Custody by Month,2017-09,7
New York,"Genesee County, NY",Entered ICE Custody by Month,2017-08,7
New York,"Genesee County, NY",Entered ICE Custody by Month,2016-09,4
New York,"Genesee County, NY",Entered ICE Custody by Month,2017-03,3
New York,"Genesee County, NY",Entered ICE Custody by Month,2017-01,3
New York,"Genesee County, NY",Entered ICE Custody by Month,2016-01,3
New York,"Genesee County, NY",Entered ICE Custody by Month,2016-10,3
New York,"Genesee County, NY",Entered ICE Custody by Month,2016-06,2
New York,"Genesee County, NY",Entered ICE Custody by Month,2015-08,2
New York,"Genesee County, NY",Entered ICE Custody by Month,2017-02,2
New York,"Genesee County, NY",Entered ICE Custody by Month,2016-11,2
New York,"Genesee County, NY",Entered ICE Custody by Month,2016-12,2
New York,"Genesee County, NY",Entered ICE Custody by Month,2017-04,1
New York,"Genesee County, NY",Entered ICE Custody by Month,2016-08,1
New York,"Genesee County, NY",Entered ICE Custody by Month,2016-07,1
New York,"Genesee County, NY",Entered ICE Custody by Month,2016-04,1
New York,"Genesee County, NY",Entered ICE Custody by Month,2015-09,1
New York,"Genesee County, NY",Entered ICE Custody by Month,2015-06,1
New York,"Genesee County, NY",Entered ICE Custody by Month,2015-01,1
New York,"Genesee County, NY",Entered ICE Custody by Month,2013-07,1
New York,"Genesee County, NY",Time in U.S.,All,540
New York,"Genesee County, NY",Time in U.S.,Up to 1 year,195
New York,"Genesee County, NY",Time in U.S.,Not Known,117
New York,"Genesee County, NY",Time in U.S.,20 years or more,59
New York,"Genesee County, NY",Time in U.S.,Between 15 and 20 years,40
New York,"Genesee County, NY",Time in U.S.,Between 10 and 15 years,35
New York,"Genesee County, NY",Time in U.S.,Between 1 and 2 years,22
New York,"Genesee County, NY",Time in U.S.,Between 2 and 3 years,12
New York,"Genesee County, NY",Time in U.S.,Between 4 and 5 years,12
New York,"Genesee County, NY",Time in U.S.,Between 3 and 4 years,11
New York,"Genesee County, NY",Time in U.S.,Between 5 and 6 years,10
New York,"Genesee County, NY",Time in U.S.,Between 6 and 7 years,10
New York,"Genesee County, NY",Time in U.S.,Between 8 and 9 years,8
New York,"Genesee County, NY",Time in U.S.,Between 9 and 10 years,5
New York,"Genesee County, NY",Time in U.S.,Between 7 and 8 years,4
New York,"Genesee County, NY",Legal Permanent Resident,All,540
New York,"Genesee County, NY",Legal Permanent Resident,No,540
New York,"Genesee County, NY",Asylum Seeker/Refugee,All,540
New York,"Genesee County, NY",Asylum Seeker/Refugee,No,540
New York,"Genesee County, NY",Most Serious Criminal Conviction,All,540
New York,"Genesee County, NY",Most Serious Criminal Conviction,No Conviction,540
New York,"Genesee County, NY",Seriousness Level of MSCC,All,540
New York,"Genesee County, NY",Seriousness Level of MSCC,No Conviction,540
New York,"Genesee County, NY",Length of Time Since MSCC,All,540
New York,"Genesee County, NY",Length of Time Since MSCC,Not Known,540
New York,"Genesee County, NY",Gender,All,540
New York,"Genesee County, NY",Gender,Male,480
New York,"Genesee County, NY",Gender,Female,60
New York,"Genesee County, NY",Citizenship,All,540
New York,"Genesee County, NY",Citizenship,MEXICO,66
New York,"Genesee County, NY",Citizenship,HONDURAS,52
New York,"Genesee County, NY",Citizenship,EL SALVADOR,46
New York,"Genesee County, NY",Citizenship,JAMAICA,40
New York,"Genesee County, NY",Citizenship,GUATEMALA,33
New York,"Genesee County, NY",Citizenship,DOMINICAN REPUBLIC,33
New York,"Genesee County, NY",Citizenship,HAITI,22
New York,"Genesee County, NY",Citizenship,"CHINA, PEOPLES REPUBLIC OF",18
New York,"Genesee County, NY",Citizenship,GUYANA,18
New York,"Genesee County, NY",Citizenship,INDIA,16
New York,"Genesee County, NY",Citizenship,ECUADOR,12
New York,"Genesee County, NY",Citizenship,CUBA,12
New York,"Genesee County, NY",Citizenship,TRINIDAD AND TOBAGO,11
New York,"Genesee County, NY",Citizenship,NIGERIA,10
New York,"Genesee County, NY",Citizenship,ROMANIA,9
New York,"Genesee County, NY",Citizenship,BURMA,6
New York,"Genesee County, NY",Citizenship,BRAZIL,6
New York,"Genesee County, NY",Citizenship,GUINEA,6
New York,"Genesee County, NY",Citizenship,BURUNDI,6
New York,"Genesee County, NY",Citizenship,SOUTH KOREA,5
New York,"Genesee County, NY",Citizenship,BANGLADESH,5
New York,"Genesee County, NY",Citizenship,SPAIN,4
New York,"Genesee County, NY",Citizenship,SOMALIA,4
New York,"Genesee County, NY",Citizenship,PERU,4
New York,"Genesee County, NY",Citizenship,RUSSIA,4
New York,"Genesee County, NY",Citizenship,COLOMBIA,3
New York,"Genesee County, NY",Citizenship,ST. LUCIA,3
New York,"Genesee County, NY",Citizenship,EGYPT,3
New York,"Genesee County, NY",Citizenship,SUDAN,3
New York,"Genesee County, NY",Citizenship,LIBERIA,3
New York,"Genesee County, NY",Citizenship,ANGOLA,3
New York,"Genesee County, NY",Citizenship,GHANA,3
New York,"Genesee County, NY",Citizenship,UNITED KINGDOM,3
New York,"Genesee County, NY",Citizenship,NICARAGUA,3
New York,"Genesee County, NY",Citizenship,SRI LANKA,2
New York,"Genesee County, NY",Citizenship,GAMBIA,2
New York,"Genesee County, NY",Citizenship,VENEZUELA,2
New York,"Genesee County, NY",Citizenship,ISRAEL,2
New York,"Genesee County, NY",Citizenship,IRAN,2
New York,"Genesee County, NY",Citizenship,SIERRA LEONE,2
New York,"Genesee County, NY",Citizenship,IVORY COAST,2
New York,"Genesee County, NY",Citizenship,TURKEY,2
New York,"Genesee County, NY",Citizenship,CHAD,2
New York,"Genesee County, NY",Citizenship,COSTA RICA,2
New York,"Genesee County, NY",Citizenship,ETHIOPIA,2
New York,"Genesee County, NY",Citizenship,GRENADA,2
New York,"Genesee County, NY",Citizenship,JORDAN,2
New York,"Genesee County, NY",Citizenship,PHILIPPINES,2
New York,"Genesee County, NY",Citizenship,BAHAMAS,2
New York,"Genesee County, NY",Citizenship,PAKISTAN,2
New York,"Genesee County, NY",Citizenship,UKRAINE,2
New York,"Genesee County, NY",Citizenship,YEMEN,2
New York,"Genesee County, NY",Citizenship,ERITREA,2
New York,"Genesee County, NY",Citizenship,BULGARIA,2
New York,"Genesee County, NY",Citizenship,NETHERLANDS,1
New York,"Genesee County, NY",Citizenship,ST. KITTS-NEVIS,1
New York,"Genesee County, NY",Citizenship,CENTRAL AFRICAN REPUBLIC,1
New York,"Genesee County, NY",Citizenship,AZERBAIJAN,1
New York,"Genesee County, NY",Citizenship,PARAGUAY,1
New York,"Genesee County, NY",Citizenship,NEW ZEALAND,1
New York,"Genesee County, NY",Citizenship,ST. VINCENT-GRENADINES,1
New York,"Genesee County, NY",Citizenship,DEM REP OF THE CONGO,1
New York,"Genesee County, NY",Citizenship,PORTUGAL,1
New York,"Genesee County, NY",Citizenship,UZBEKISTAN,1
New York,"Genesee County, NY",Citizenship,SYRIA,1
New York,"Genesee County, NY",Citizenship,UNKNOWN,1
New York,"Genesee County, NY",Citizenship,KOREA,1
New York,"Genesee County, NY",Citizenship,BELIZE,1
New York,"Genesee County, NY",Citizenship,BARBADOS,1
New York,"Genesee County, NY",Citizenship,TUNISIA,1
New York,"Genesee County, NY",Citizenship,CAMEROON,1
New York,"Genesee County, NY",Citizenship,LEBANON,1
New York,"Genesee County, NY",Citizenship,VIETNAM,1
New York,"Genesee County, NY",Citizenship,MALAYSIA,1
New York,"Genesee County, NY",Citizenship,KENYA,1
New York,"Genesee County, NY",Citizenship,POLAND,1
New York,"Genesee County, NY",Citizenship,BELARUS,1
New York,"Genesee County, NY",Citizenship,ALBANIA,1
New York,"Genesee County, NY",Citizenship,IRAQ,1
New York,"Genesee County, NY",Age Group,All,540
New York,"Genesee County, NY",Age Group,Age information witheld by ICE,540
New York,"Albany County, NY",Facility Type,All,280
New York,"Albany County, NY",Facility Type,County Facility,280
New York,"Albany County, NY",Facility Type (Detailed),All,280
New York,"Albany County, NY",Facility Type (Detailed),Intergovernment agreement with USMS which ICE utilizes,280
New York,"Albany County, NY",Facility Operator,All,280
New York,"Albany County, NY",Facility Operator,County Sheriff Department,280
New York,"Albany County, NY",Facility Owner,All,280
New York,"Albany County, NY",Facility Owner,County,280
New York,"Albany County, NY",Entered ICE Custody by Month,All,280
New York,"Albany County, NY",Entered ICE Custody by Month,2018-06,256
New York,"Albany County, NY",Entered ICE Custody by Month,2018-07,12
New York,"Albany County, NY",Entered ICE Custody by Month,2018-05,9
New York,"Albany County, NY",Entered ICE Custody by Month,2018-08,3
New York,"Albany County, NY",Time in U.S.,All,280
New York,"Albany County, NY",Time in U.S.,Up to 1 year,268
New York,"Albany County, NY",Time in U.S.,Not Known,10
New York,"Albany County, NY",Time in U.S.,Between 10 and 15 years,1
New York,"Albany County, NY",Time in U.S.,Between 1 and 2 years,1
New York,"Albany County, NY",Legal Permanent Resident,All,280
New York,"Albany County, NY",Legal Permanent Resident,No,280
New York,"Albany County, NY",Asylum Seeker/Refugee,All,280
New York,"Albany County, NY",Asylum Seeker/Refugee,No,280
New York,"Albany County, NY",Most Serious Criminal Conviction,All,280
New York,"Albany County, NY",Most Serious Criminal Conviction,No Conviction,280
New York,"Albany County, NY",Seriousness Level of MSCC,All,280
New York,"Albany County, NY",Seriousness Level of MSCC,No Conviction,280
New York,"Albany County, NY",Length of Time Since MSCC,All,280
New York,"Albany County, NY",Length of Time Since MSCC,Not Known,280
New York,"Albany County, NY",Gender,All,280
New York,"Albany County, NY",Gender,Male,238
New York,"Albany County, NY",Gender,Female,42
New York,"Albany County, NY",Citizenship,All,280
New York,"Albany County, NY",Citizenship,INDIA,55
New York,"Albany County, NY",Citizenship,MEXICO,36
New York,"Albany County, NY",Citizenship,HONDURAS,33
New York,"Albany County, NY",Citizenship,EL SALVADOR,31
New York,"Albany County, NY",Citizenship,GUATEMALA,24
New York,"Albany County, NY",Citizenship,"CHINA, PEOPLES REPUBLIC OF",17
New York,"Albany County, NY",Citizenship,BANGLADESH,12
New York,"Albany County, NY",Citizenship,CAMEROON,12
New York,"Albany County, NY",Citizenship,CUBA,10
New York,"Albany County, NY",Citizenship,NICARAGUA,6
New York,"Albany County, NY",Citizenship,ERITREA,5
New York,"Albany County, NY",Citizenship,ECUADOR,4
New York,"Albany County, NY",Citizenship,RUSSIA,4
New York,"Albany County, NY",Citizenship,NEPAL,4
New York,"Albany County, NY",Citizenship,VIETNAM,4
New York,"Albany County, NY",Citizenship,COLOMBIA,2
New York,"Albany County, NY",Citizenship,VENEZUELA,2
New York,"Albany County, NY",Citizenship,ANGOLA,2
New York,"Albany County, NY",Citizenship,UKRAINE,2
New York,"Albany County, NY",Citizenship,GHANA,2
New York,"Albany County, NY",Citizenship,MAURITANIA,2
New York,"Albany County, NY",Citizenship,SRI LANKA,1
New York,"Albany County, NY",Citizenship,SYRIA,1
New York,"Albany County, NY",Citizenship,ROMANIA,1
New York,"Albany County, NY",Citizenship,TURKEY,1
New York,"Albany County, NY",Citizenship,ALBANIA,1
New York,"Albany County, NY",Citizenship,SIERRA LEONE,1
New York,"Albany County, NY",Citizenship,GUINEA,1
New York,"Albany County, NY",Citizenship,NIGERIA,1
New York,"Albany County, NY",Citizenship,PAKISTAN,1
New York,"Albany County, NY",Citizenship,ETHIOPIA,1
New York,"Albany County, NY",Citizenship,KYRGYZSTAN,1
New York,"Albany County, NY",Age Group,All,280
New York,"Albany County, NY",Age Group,Age information witheld by ICE,280
New York,"Orange County, NY",Facility Type,All,179
New York,"Orange County, NY",Facility Type,County Facility,179
New York,"Orange County, NY",Facility Type (Detailed),All,179
New York,"Orange County, NY",Facility Type (Detailed),Intergovernmental Service Agreement: a facility operated by state/local govt,179
New York,"Orange County, NY",Facility Operator,All,179
New York,"Orange County, NY",Facility Operator,County Corrections Office,179
New York,"Orange County, NY",Facility Owner,All,179
New York,"Orange County, NY",Facility Owner,County,179
New York,"Orange County, NY",Entered ICE Custody by Month,All,179
New York,"Orange County, NY",Entered ICE Custody by Month,2018-07,36
New York,"Orange County, NY",Entered ICE Custody by Month,2018-06,32
New York,"Orange County, NY",Entered ICE Custody by Month,2018-05,31
New York,"Orange County, NY",Entered ICE Custody by Month,2018-04,20
New York,"Orange County, NY",Entered ICE Custody by Month,2018-02,14
New York,"Orange County, NY",Entered ICE Custody by Month,2018-03,12
New York,"Orange County, NY",Entered ICE Custody by Month,2018-01,7
New York,"Orange County, NY",Entered ICE Custody by Month,2018-08,5
New York,"Orange County, NY",Entered ICE Custody by Month,2017-12,5
New York,"Orange County, NY",Entered ICE Custody by Month,2017-06,4
New York,"Orange County, NY",Entered ICE Custody by Month,2017-07,3
New York,"Orange County, NY",Entered ICE Custody by Month,2017-11,2
New York,"Orange County, NY",Entered ICE Custody by Month,2017-01,2
New York,"Orange County, NY",Entered ICE Custody by Month,2017-10,1
New York,"Orange County, NY",Entered ICE Custody by Month,2017-09,1
New York,"Orange County, NY",Entered ICE Custody by Month,2017-08,1
New York,"Orange County, NY",Entered ICE Custody by Month,2017-05,1
New York,"Orange County, NY",Entered ICE Custody by Month,2017-04,1
New York,"Orange County, NY",Entered ICE Custody by Month,2015-04,1
New York,"Orange County, NY",Time in U.S.,All,179
New York,"Orange County, NY",Time in U.S.,Not Known,95
New York,"Orange County, NY",Time in U.S.,Between 10 and 15 years,14
New York,"Orange County, NY",Time in U.S.,Between 15 and 20 years,12
New York,"Orange County, NY",Time in U.S.,20 years or more,11
New York,"Orange County, NY",Time in U.S.,Between 2 and 3 years,7
New York,"Orange County, NY",Time in U.S.,Between 6 and 7 years,7
New York,"Orange County, NY",Time in U.S.,Between 5 and 6 years,6
New York,"Orange County, NY",Time in U.S.,Between 4 and 5 years,6
New York,"Orange County, NY",Time in U.S.,Between 3 and 4 years,5
New York,"Orange County, NY",Time in U.S.,Between 1 and 2 years,5
New York,"Orange County, NY",Time in U.S.,Up to 1 year,5
New York,"Orange County, NY",Time in U.S.,Between 9 and 10 years,3
New York,"Orange County, NY",Time in U.S.,Between 7 and 8 years,2
New York,"Orange County, NY",Time in U.S.,Between 8 and 9 years,1
New York,"Orange County, NY",Legal Permanent Resident,All,179
New York,"Orange County, NY",Legal Permanent Resident,No,179
New York,"Orange County, NY",Asylum Seeker/Refugee,All,179
New York,"Orange County, NY",Asylum Seeker/Refugee,No,179
New York,"Orange County, NY",Most Serious Criminal Conviction,All,179
New York,"Orange County, NY",Most Serious Criminal Conviction,No Conviction,179
New York,"Orange County, NY",Seriousness Level of MSCC,All,179
New York,"Orange County, NY",Seriousness Level of MSCC,No Conviction,179
New York,"Orange County, NY",Length of Time Since MSCC,All,179
New York,"Orange County, NY",Length of Time Since MSCC,Not Known,179
New York,"Orange County, NY",Gender,All,179
New York,"Orange County, NY",Gender,Male,167
New York,"Orange County, NY",Gender,Female,12
New York,"Orange County, NY",Citizenship,All,179
New York,"Orange County, NY",Citizenship,MEXICO,50
New York,"Orange County, NY",Citizenship,GUATEMALA,32
New York,"Orange County, NY",Citizenship,ECUADOR,16
New York,"Orange County, NY",Citizenship,EL SALVADOR,14
New York,"Orange County, NY",Citizenship,JAMAICA,12
New York,"Orange County, NY",Citizenship,HONDURAS,11
New York,"Orange County, NY",Citizenship,DOMINICAN REPUBLIC,7
New York,"Orange County, NY",Citizenship,"CHINA, PEOPLES REPUBLIC OF",5
New York,"Orange County, NY",Citizenship,COLOMBIA,4
New York,"Orange County, NY",Citizenship,PAKISTAN,3
New York,"Orange County, NY",Citizenship,SPAIN,2
New York,"Orange County, NY",Citizenship,PERU,2
New York,"Orange County, NY",Citizenship,GUYANA,2
New York,"Orange County, NY",Citizenship,INDIA,2
New York,"Orange County, NY",Citizenship,RUSSIA,1
New York,"Orange County, NY",Citizenship,CANADA,1
New York,"Orange County, NY",Citizenship,BURKINA FASO,1
New York,"Orange County, NY",Citizenship,SRI LANKA,1
New York,"Orange County, NY",Citizenship,YEMEN,1
New York,"Orange County, NY",Citizenship,SLOVAKIA,1
New York,"Orange County, NY",Citizenship,ANTIGUA-BARBUDA,1
New York,"Orange County, NY",Citizenship,GEORGIA,1
New York,"Orange County, NY",Citizenship,HAITI,1
New York,"Orange County, NY",Citizenship,EGYPT,1
New York,"Orange County, NY",Citizenship,BAHAMAS,1
New York,"Orange County, NY",Citizenship,PANAMA,1
New York,"Orange County, NY",Citizenship,ARGENTINA,1
New York,"Orange County, NY",Citizenship,CUBA,1
New York,"Orange County, NY",Citizenship,PHILIPPINES,1
New York,"Orange County, NY",Citizenship,UKRAINE,1
New York,"Orange County, NY",Citizenship,JORDAN,1
New York,"Orange County, NY",Age Group,All,179
New York,"Orange County, NY",Age Group,Age information witheld by ICE,179
New York,"New York County, NY",Facility Type,All,5
New York,"New York County, NY",Facility Type,INS Facility,5
New York,"New York County, NY",Facility Type (Detailed),All,5
New York,"New York County, NY",Facility Type (Detailed),Hold: a holding facility,5
New York,"New York County, NY",Facility Operator,All,5
New York,"New York County, NY",Facility Operator,Federal,3
New York,"New York County, NY",Facility Operator,Not defined,2
New York,"New York County, NY",Facility Owner,All,5
New York,"New York County, NY",Facility Owner,Not defined,5
New York,"New York County, NY",Entered ICE Custody by Month,All,5
New York,"New York County, NY",Entered ICE Custody by Month,2018-01,1
New York,"New York County, NY",Entered ICE Custody by Month,2018-03,1
New York,"New York County, NY",Entered ICE Custody by Month,2018-04,1
New York,"New York County, NY",Entered ICE Custody by Month,2018-05,1
New York,"New York County, NY",Entered ICE Custody by Month,2018-06,1
New York,"New York County, NY",Time in U.S.,All,5
New York,"New York County, NY",Time in U.S.,Not Known,2
New York,"New York County, NY",Time in U.S.,Between 15 and 20 years,1
New York,"New York County, NY",Time in U.S.,20 years or more,1
New York,"New York County, NY",Time in U.S.,Between 10 and 15 years,1
New York,"New York County, NY",Legal Permanent Resident,All,5
New York,"New York County, NY",Legal Permanent Resident,No,5
New York,"New York County, NY",Asylum Seeker/Refugee,All,5
New York,"New York County, NY",Asylum Seeker/Refugee,No,5
New York,"New York County, NY",Most Serious Criminal Conviction,All,5
New York,"New York County, NY",Most Serious Criminal Conviction,No Conviction,5
New York,"New York County, NY",Seriousness Level of MSCC,All,5
New York,"New York County, NY",Seriousness Level of MSCC,No Conviction,5
New York,"New York County, NY",Length of Time Since MSCC,All,5
New York,"New York County, NY",Length of Time Since MSCC,Not Known,5
New York,"New York County, NY",Gender,All,5
New York,"New York County, NY",Gender,Male,5
New York,"New York County, NY",Citizenship,All,5
New York,"New York County, NY",Citizenship,MEXICO,1
New York,"New York County, NY",Citizenship,JAMAICA,1
New York,"New York County, NY",Citizenship,VENEZUELA,1
New York,"New York County, NY",Citizenship,SIERRA LEONE,1
New York,"New York County, NY",Citizenship,IVORY COAST,1
New York,"New York County, NY",Age Group,All,5
New York,"New York County, NY",Age Group,Age information witheld by ICE,5
New York,"Chautauqua County, NY",Facility Type,All,5
New York,"Chautauqua County, NY",Facility Type,County Facility,5
New York,"Chautauqua County, NY",Facility Type (Detailed),All,5
New York,"Chautauqua County, NY",Facility Type (Detailed),Intergovernmental Service Agreement: a facility operated by state/local govt,5
New York,"Chautauqua County, NY",Facility Operator,All,5
New York,"Chautauqua County, NY",Facility Operator,County Sheriff Department,5
New York,"Chautauqua County, NY",Facility Owner,All,5
New York,"Chautauqua County, NY",Facility Owner,County,5
New York,"Chautauqua County, NY",Entered ICE Custody by Month,All,5
New York,"Chautauqua County, NY",Entered ICE Custody by Month,2017-07,1
New York,"Chautauqua County, NY",Entered ICE Custody by Month,2017-10,1
New York,"Chautauqua County, NY",Entered ICE Custody by Month,2018-01,1
New York,"Chautauqua County, NY",Entered ICE Custody by Month,2018-03,1
New York,"Chautauqua County, NY",Entered ICE Custody by Month,2018-05,1
New York,"Chautauqua County, NY",Time in U.S.,All,5
New York,"Chautauqua County, NY",Time in U.S.,Not Known,2
New York,"Chautauqua County, NY",Time in U.S.,20 years or more,2
New York,"Chautauqua County, NY",Time in U.S.,Up to 1 year,1
New York,"Chautauqua County, NY",Legal Permanent Resident,All,5
New York,"Chautauqua County, NY",Legal Permanent Resident,No,5
New York,"Chautauqua County, NY",Asylum Seeker/Refugee,All,5
New York,"Chautauqua County, NY",Asylum Seeker/Refugee,No,5
New York,"Chautauqua County, NY",Most Serious Criminal Conviction,All,5
New York,"Chautauqua County, NY",Most Serious Criminal Conviction,No Conviction,5
New York,"Chautauqua County, NY",Seriousness Level of MSCC,All,5
New York,"Chautauqua County, NY",Seriousness Level of MSCC,No Conviction,5
New York,"Chautauqua County, NY",Length of Time Since MSCC,All,5
New York,"Chautauqua County, NY",Length of Time Since MSCC,Not Known,5
New York,"Chautauqua County, NY",Gender,All,5
New York,"Chautauqua County, NY",Gender,Female,4
New York,"Chautauqua County, NY",Gender,Male,1
New York,"Chautauqua County, NY",Citizenship,All,5
New York,"Chautauqua County, NY",Citizenship,MEXICO,1
New York,"Chautauqua County, NY",Citizenship,JAMAICA,1
New York,"Chautauqua County, NY",Citizenship,NIGERIA,1
New York,"Chautauqua County, NY",Citizenship,DOMINICAN REPUBLIC,1
New York,"Chautauqua County, NY",Citizenship,CANADA,1
New York,"Chautauqua County, NY",Age Group,All,5
New York,"Chautauqua County, NY",Age Group,Age information witheld by ICE,5
New York,"Clinton County, NY",Facility Type,All,2
New York,"Clinton County, NY",Facility Type,County Facility,2
New York,"Clinton County, NY",Facility Type (Detailed),All,2
New York,"Clinton County, NY",Facility Type (Detailed),Intergovernment agreement with USMS which ICE utilizes,2
New York,"Clinton County, NY",Facility Operator,All,2
New York,"Clinton County, NY",Facility Operator,County Sheriff Department,2
New York,"Clinton County, NY",Facility Owner,All,2
New York,"Clinton County, NY",Facility Owner,County,2
New York,"Clinton County, NY",Entered ICE Custody by Month,All,2
New York,"Clinton County, NY",Entered ICE Custody by Month,2018-08,2
New York,"Clinton County, NY",Time in U.S.,All,2
New York,"Clinton County, NY",Time in U.S.,Not Known,1
New York,"Clinton County, NY",Time in U.S.,Between 2 and 3 years,1
New York,"Clinton County, NY",Legal Permanent Resident,All,2
New York,"Clinton County, NY",Legal Permanent Resident,No,2
New York,"Clinton County, NY",Asylum Seeker/Refugee,All,2
New York,"Clinton County, NY",Asylum Seeker/Refugee,No,2
New York,"Clinton County, NY",Most Serious Criminal Conviction,All,2
New York,"Clinton County, NY",Most Serious Criminal Conviction,No Conviction,2
New York,"Clinton County, NY",Seriousness Level of MSCC,All,2
New York,"Clinton County, NY",Seriousness Level of MSCC,No Conviction,2
New York,"Clinton County, NY",Length of Time Since MSCC,All,2
New York,"Clinton County, NY",Length of Time Since MSCC,Not Known,2
New York,"Clinton County, NY",Gender,All,2
New York,"Clinton County, NY",Gender,Male,2
New York,"Clinton County, NY",Citizenship,All,2
New York,"Clinton County, NY",Citizenship,MEXICO,1
New York,"Clinton County, NY",Citizenship,DEM REP OF THE CONGO,1
New York,"Clinton County, NY",Age Group,All,2
New York,"Clinton County, NY",Age Group,Age information witheld by ICE,2
Colorado,"Arapahoe County, CO",Facility Type,All,832
Colorado,"Arapahoe County, CO",Facility Type,INS Facility,832
Colorado,"Arapahoe County, CO",Facility Type (Detailed),All,832
Colorado,"Arapahoe County, CO",Facility Type (Detailed),Contract Detention Facility: owned by private company/under govt contract,832
Colorado,"Arapahoe County, CO",Facility Operator,All,832
Colorado,"Arapahoe County, CO",Facility Operator,"GEO Group, Inc",832
Colorado,"Arapahoe County, CO",Facility Owner,All,832
Colorado,"Arapahoe County, CO",Facility Owner,"GEO Group, Inc",832
Colorado,"Arapahoe County, CO",Entered ICE Custody by Month,All,832
Colorado,"Arapahoe County, CO",Entered ICE Custody by Month,2018-07,288
Colorado,"Arapahoe County, CO",Entered ICE Custody by Month,2018-06,172
Colorado,"Arapahoe County, CO",Entered ICE Custody by Month,2018-04,72
Colorado,"Arapahoe County, CO",Entered ICE Custody by Month,2018-05,70
Colorado,"Arapahoe County, CO",Entered ICE Custody by Month,2018-03,54
Colorado,"Arapahoe County, CO",Entered ICE Custody by Month,2018-02,30
Colorado,"Arapahoe County, CO",Entered ICE Custody by Month,2018-01,27
Colorado,"Arapahoe County, CO",Entered ICE Custody by Month,2017-09,17
Colorado,"Arapahoe County, CO",Entered ICE Custody by Month,2017-12,14
Colorado,"Arapahoe County, CO",Entered ICE Custody by Month,2018-08,14
Colorado,"Arapahoe County, CO",Entered ICE Custody by Month,2017-11,12
Colorado,"Arapahoe County, CO",Entered ICE Custody by Month,2017-10,9
Colorado,"Arapahoe County, CO",Entered ICE Custody by Month,2017-08,8
Colorado,"Arapahoe County, CO",Entered ICE Custody by Month,2017-06,7
Colorado,"Arapahoe County, CO",Entered ICE Custody by Month,2017-07,6
Colorado,"Arapahoe County, CO",Entered ICE Custody by Month,2017-03,6
Colorado,"Arapahoe County, CO",Entered ICE Custody by Month,2017-01,5
Colorado,"Arapahoe County, CO",Entered ICE Custody by Month,2017-05,4
Colorado,"Arapahoe County, CO",Entered ICE Custody by Month,2017-04,4
Colorado,"Arapahoe County, CO",Entered ICE Custody by Month,2017-02,3
Colorado,"Arapahoe County, CO",Entered ICE Custody by Month,2016-10,2
Colorado,"Arapahoe County, CO",Entered ICE Custody by Month,2016-11,1
Colorado,"Arapahoe County, CO",Entered ICE Custody by Month,2016-08,1
Colorado,"Arapahoe County, CO",Entered ICE Custody by Month,2016-05,1
Colorado,"Arapahoe County, CO",Entered ICE Custody by Month,2016-04,1
Colorado,"Arapahoe County, CO",Entered ICE Custody by Month,2016-02,1
Colorado,"Arapahoe County, CO",Entered ICE Custody by Month,2016-01,1
Colorado,"Arapahoe County, CO",Entered ICE Custody by Month,2015-04,1
Colorado,"Arapahoe County, CO",Entered ICE Custody by Month,2014-10,1
Colorado,"Arapahoe County, CO",Time in U.S.,All,832
Colorado,"Arapahoe County, CO",Time in U.S.,Up to 1 year,318
Colorado,"Arapahoe County, CO",Time in U.S.,Not Known,233
Colorado,"Arapahoe County, CO",Time in U.S.,Between 10 and 15 years,62
Colorado,"Arapahoe County, CO",Time in U.S.,Between 15 and 20 years,56
Colorado,"Arapahoe County, CO",Time in U.S.,20 years or more,52
Colorado,"Arapahoe County, CO",Time in U.S.,Between 2 and 3 years,20
Colorado,"Arapahoe County, CO",Time in U.S.,Between 1 and 2 years,17
Colorado,"Arapahoe County, CO",Time in U.S.,Between 5 and 6 years,14
Colorado,"Arapahoe County, CO",Time in U.S.,Between 3 and 4 years,12
Colorado,"Arapahoe County, CO",Time in U.S.,Between 8 and 9 years,12
Colorado,"Arapahoe County, CO",Time in U.S.,Between 6 and 7 years,10
Colorado,"Arapahoe County, CO",Time in U.S.,Between 4 and 5 years,9
Colorado,"Arapahoe County, CO",Time in U.S.,Between 7 and 8 years,9
Colorado,"Arapahoe County, CO",Time in U.S.,Between 9 and 10 years,8
Colorado,"Arapahoe County, CO",Legal Permanent Resident,All,832
Colorado,"Arapahoe County, CO",Legal Permanent Resident,No,832
Colorado,"Arapahoe County, CO",Asylum Seeker/Refugee,All,832
Colorado,"Arapahoe County, CO",Asylum Seeker/Refugee,No,832
Colorado,"Arapahoe County, CO",Most Serious Criminal Conviction,All,832
Colorado,"Arapahoe County, CO",Most Serious Criminal Conviction,No Conviction,832
Colorado,"Arapahoe County, CO",Seriousness Level of MSCC,All,832
Colorado,"Arapahoe County, CO",Seriousness Level of MSCC,No Conviction,832
Colorado,"Arapahoe County, CO",Length of Time Since MSCC,All,832
Colorado,"Arapahoe County, CO",Length of Time Since MSCC,Not Known,832
Colorado,"Arapahoe County, CO",Gender,All,832
Colorado,"Arapahoe County, CO",Gender,Male,723
Colorado,"Arapahoe County, CO",Gender,Female,109
Colorado,"Arapahoe County, CO",Citizenship,All,832
Colorado,"Arapahoe County, CO",Citizenship,MEXICO,374
Colorado,"Arapahoe County, CO",Citizenship,GUATEMALA,93
Colorado,"Arapahoe County, CO",Citizenship,EL SALVADOR,61
Colorado,"Arapahoe County, CO",Citizenship,INDIA,52
Colorado,"Arapahoe County, CO",Citizenship,HONDURAS,52
Colorado,"Arapahoe County, CO",Citizenship,CAMEROON,24
Colorado,"Arapahoe County, CO",Citizenship,"CHINA, PEOPLES REPUBLIC OF",20
Colorado,"Arapahoe County, CO",Citizenship,ERITREA,9
Colorado,"Arapahoe County, CO",Citizenship,RUSSIA,9
Colorado,"Arapahoe County, CO",Citizenship,SOMALIA,9
Colorado,"Arapahoe County, CO",Citizenship,VIETNAM,8
Colorado,"Arapahoe County, CO",Citizenship,PERU,7
Colorado,"Arapahoe County, CO",Citizenship,NEPAL,7
Colorado,"Arapahoe County, CO",Citizenship,SUDAN,6
Colorado,"Arapahoe County, CO",Citizenship,IRAQ,6
Colorado,"Arapahoe County, CO",Citizenship,JAMAICA,6
Colorado,"Arapahoe County, CO",Citizenship,NICARAGUA,4
Colorado,"Arapahoe County, CO",Citizenship,LIBERIA,4
Colorado,"Arapahoe County, CO",Citizenship,VENEZUELA,3
Colorado,"Arapahoe County, CO",Citizenship,SRI LANKA,3
Colorado,"Arapahoe County, CO",Citizenship,PAKISTAN,3
Colorado,"Arapahoe County, CO",Citizenship,ARMENIA,3
Colorado,"Arapahoe County, CO",Citizenship,ECUADOR,3
Colorado,"Arapahoe County, CO",Citizenship,GUINEA,2
Colorado,"Arapahoe County, CO",Citizenship,COLOMBIA,2
Colorado,"Arapahoe County, CO",Citizenship,POLAND,2
Colorado,"Arapahoe County, CO",Citizenship,SAMOA,2
Colorado,"Arapahoe County, CO",Citizenship,CZECH REPUBLIC,2
Colorado,"Arapahoe County, CO",Citizenship,INDONESIA,2
Colorado,"Arapahoe County, CO",Citizenship,MAURITANIA,2
Colorado,"Arapahoe County, CO",Citizenship,UZBEKISTAN,2
Colorado,"Arapahoe County, CO",Citizenship,AZERBAIJAN,2
Colorado,"Arapahoe County, CO",Citizenship,FIJI,2
Colorado,"Arapahoe County, CO",Citizenship,IRAN,2
Colorado,"Arapahoe County, CO",Citizenship,IVORY COAST,2
Colorado,"Arapahoe County, CO",Citizenship,CAMBODIA,2
Colorado,"Arapahoe County, CO",Citizenship,UKRAINE,2
Colorado,"Arapahoe County, CO",Citizenship,PANAMA,2
Colorado,"Arapahoe County, CO",Citizenship,PHILIPPINES,2
Colorado,"Arapahoe County, CO",Citizenship,GAMBIA,1
Colorado,"Arapahoe County, CO",Citizenship,NIGERIA,1
Colorado,"Arapahoe County, CO",Citizenship,HONG KONG,1
Colorado,"Arapahoe County, CO",Citizenship,HAITI,1
Colorado,"Arapahoe County, CO",Citizenship,"MICRONESIA, FEDERATED STATES OF",1
Colorado,"Arapahoe County, CO",Citizenship,YEMEN,1
Colorado,"Arapahoe County, CO",Citizenship,BRAZIL,1
Colorado,"Arapahoe County, CO",Citizenship,DEM REP OF THE CONGO,1
Colorado,"Arapahoe County, CO",Citizenship,ETHIOPIA,1
Colorado,"Arapahoe County, CO",Citizenship,TAIWAN,1
Colorado,"Arapahoe County, CO",Citizenship,CUBA,1
Colorado,"Arapahoe County, CO",Citizenship,URUGUAY,1
Colorado,"Arapahoe County, CO",Citizenship,SAUDI ARABIA,1
Colorado,"Arapahoe County, CO",Citizenship,LIBYA,1
Colorado,"Arapahoe County, CO",Citizenship,PAPUA NEW GUINEA,1
Colorado,"Arapahoe County, CO",Citizenship,BURKINA FASO,1
Colorado,"Arapahoe County, CO",Citizenship,TOGO,1
Colorado,"Arapahoe County, CO",Citizenship,TRINIDAD AND TOBAGO,1
Colorado,"Arapahoe County, CO",Citizenship,BANGLADESH,1
Colorado,"Arapahoe County, CO",Citizenship,BOSNIA-HERZEGOVINA,1
Colorado,"Arapahoe County, CO",Citizenship,MALI,1
Colorado,"Arapahoe County, CO",Citizenship,KENYA,1
Colorado,"Arapahoe County, CO",Citizenship,SIERRA LEONE,1
Colorado,"Arapahoe County, CO",Citizenship,BURMA,1
Colorado,"Arapahoe County, CO",Citizenship,TUNISIA,1
Colorado,"Arapahoe County, CO",Citizenship,BELARUS,1
Colorado,"Arapahoe County, CO",Citizenship,GHANA,1
Colorado,"Arapahoe County, CO",Citizenship,SENEGAL,1
Colorado,"Arapahoe County, CO",Citizenship,KOREA,1
Colorado,"Arapahoe County, CO",Citizenship,CHILE,1
Colorado,"Arapahoe County, CO",Citizenship,ARGENTINA,1
Colorado,"Arapahoe County, CO",Citizenship,ROMANIA,1
Colorado,"Arapahoe County, CO",Citizenship,RWANDA,1
Colorado,"Arapahoe County, CO",Citizenship,CAYMAN ISLANDS,1
Colorado,"Arapahoe County, CO",Age Group,All,832
Colorado,"Arapahoe County, CO",Age Group,Age information witheld by ICE,832
Colorado,"Teller County, CO",Facility Type,All,39
Colorado,"Teller County, CO",Facility Type,County Facility,39
Colorado,"Teller County, CO",Facility Type (Detailed),All,39
Colorado,"Teller County, CO",Facility Type (Detailed),Intergovernmental Service Agreement: a facility operated by state/local govt,39
Colorado,"Teller County, CO",Facility Operator,All,39
Colorado,"Teller County, CO",Facility Operator,County Sheriff Department,39
Colorado,"Teller County, CO",Facility Owner,All,39
Colorado,"Teller County, CO",Facility Owner,County,39
Colorado,"Teller County, CO",Entered ICE Custody by Month,All,39
Colorado,"Teller County, CO",Entered ICE Custody by Month,2018-07,11
Colorado,"Teller County, CO",Entered ICE Custody by Month,2017-08,5
Colorado,"Teller County, CO",Entered ICE Custody by Month,2017-05,3
Colorado,"Teller County, CO",Entered ICE Custody by Month,2017-10,2
Colorado,"Teller County, CO",Entered ICE Custody by Month,2017-09,2
Colorado,"Teller County, CO",Entered ICE Custody by Month,2015-11,2
Colorado,"Teller County, CO",Entered ICE Custody by Month,2017-04,2
Colorado,"Teller County, CO",Entered ICE Custody by Month,2017-02,2
Colorado,"Teller County, CO",Entered ICE Custody by Month,2017-03,1
Colorado,"Teller County, CO",Entered ICE Custody by Month,2016-03,1
Colorado,"Teller County, CO",Entered ICE Custody by Month,2018-06,1
Colorado,"Teller County, CO",Entered ICE Custody by Month,2018-04,1
Colorado,"Teller County, CO",Entered ICE Custody by Month,2016-04,1
Colorado,"Teller County, CO",Entered ICE Custody by Month,2016-06,1
Colorado,"Teller County, CO",Entered ICE Custody by Month,2016-10,1
Colorado,"Teller County, CO",Entered ICE Custody by Month,2017-07,1
Colorado,"Teller County, CO",Entered ICE Custody by Month,2017-01,1
Colorado,"Teller County, CO",Entered ICE Custody by Month,2018-08,1
Colorado,"Teller County, CO",Time in U.S.,All,39
Colorado,"Teller County, CO",Time in U.S.,Up to 1 year,12
Colorado,"Teller County, CO",Time in U.S.,Not Known,10
Colorado,"Teller County, CO",Time in U.S.,Between 15 and 20 years,7
Colorado,"Teller County, CO",Time in U.S.,Between 2 and 3 years,4
Colorado,"Teller County, CO",Time in U.S.,20 years or more,2
Colorado,"Teller County, CO",Time in U.S.,Between 10 and 15 years,2
Colorado,"Teller County, CO",Time in U.S.,Between 7 and 8 years,1
Colorado,"Teller County, CO",Time in U.S.,Between 4 and 5 years,1
Colorado,"Teller County, CO",Legal Permanent Resident,All,39
Colorado,"Teller County, CO",Legal Permanent Resident,No,39
Colorado,"Teller County, CO",Asylum Seeker/Refugee,All,39
Colorado,"Teller County, CO",Asylum Seeker/Refugee,No,39
Colorado,"Teller County, CO",Most Serious Criminal Conviction,All,39
Colorado,"Teller County, CO",Most Serious Criminal Conviction,No Conviction,39
Colorado,"Teller County, CO",Seriousness Level of MSCC,All,39
Colorado,"Teller County, CO",Seriousness Level of MSCC,No Conviction,39
Colorado,"Teller County, CO",Length of Time Since MSCC,All,39
Colorado,"Teller County, CO",Length of Time Since MSCC,Not Known,39
Colorado,"Teller County, CO",Gender,All,39
Colorado,"Teller County, CO",Gender,Male,29
Colorado,"Teller County, CO",Gender,Female,10
Colorado,"Teller County, CO",Citizenship,All,39
Colorado,"Teller County, CO",Citizenship,MEXICO,13
Colorado,"Teller County, CO",Citizenship,INDIA,11
Colorado,"Teller County, CO",Citizenship,EL SALVADOR,5
Colorado,"Teller County, CO",Citizenship,GUATEMALA,2
Colorado,"Teller County, CO",Citizenship,CHILE,1
Colorado,"Teller County, CO",Citizenship,GUINEA,1
Colorado,"Teller County, CO",Citizenship,CAMEROON,1
Colorado,"Teller County, CO",Citizenship,ZIMBABWE,1
Colorado,"Teller County, CO",Citizenship,ARGENTINA,1
Colorado,"Teller County, CO",Citizenship,HONDURAS,1
Colorado,"Teller County, CO",Citizenship,JAMAICA,1
Colorado,"Teller County, CO",Citizenship,ARMENIA,1
Colorado,"Teller County, CO",Age Group,All,39
Colorado,"Teller County, CO",Age Group,Age information witheld by ICE,39
Virginia,"Prince Edward County, VA",Facility Type,All,693
Virginia,"Prince Edward County, VA",Facility Type,Other Facility Type,693
Virginia,"Prince Edward County, VA",Facility Type (Detailed),All,693
Virginia,"Prince Edward County, VA",Facility Type (Detailed),Dedicated IGSA,693
Virginia,"Prince Edward County, VA",Facility Operator,All,693
Virginia,"Prince Edward County, VA",Facility Operator,Immigration Centers of America,693
Virginia,"Prince Edward County, VA",Facility Owner,All,693
Virginia,"Prince Edward County, VA",Facility Owner,County,693
Virginia,"Prince Edward County, VA",Entered ICE Custody by Month,All,693
Virginia,"Prince Edward County, VA",Entered ICE Custody by Month,2018-07,222
Virginia,"Prince Edward County, VA",Entered ICE Custody by Month,2018-06,123
Virginia,"Prince Edward County, VA",Entered ICE Custody by Month,2018-05,92
Virginia,"Prince Edward County, VA",Entered ICE Custody by Month,2018-04,60
Virginia,"Prince Edward County, VA",Entered ICE Custody by Month,2018-03,34
Virginia,"Prince Edward County, VA",Entered ICE Custody by Month,2018-02,22
Virginia,"Prince Edward County, VA",Entered ICE Custody by Month,2017-12,22
Virginia,"Prince Edward County, VA",Entered ICE Custody by Month,2017-10,16
Virginia,"Prince Edward County, VA",Entered ICE Custody by Month,2017-11,15
Virginia,"Prince Edward County, VA",Entered ICE Custody by Month,2017-08,15
Virginia,"Prince Edward County, VA",Entered ICE Custody by Month,2017-09,15
Virginia,"Prince Edward County, VA",Entered ICE Custody by Month,2018-01,14
Virginia,"Prince Edward County, VA",Entered ICE Custody by Month,2018-08,12
Virginia,"Prince Edward County, VA",Entered ICE Custody by Month,2017-06,7
Virginia,"Prince Edward County, VA",Entered ICE Custody by Month,2017-05,7
Virginia,"Prince Edward County, VA",Entered ICE Custody by Month,2017-07,3
Virginia,"Prince Edward County, VA",Entered ICE Custody by Month,2017-03,3
Virginia,"Prince Edward County, VA",Entered ICE Custody by Month,2016-12,2
Virginia,"Prince Edward County, VA",Entered ICE Custody by Month,2007-02,2
Virginia,"Prince Edward County, VA",Entered ICE Custody by Month,2017-04,2
Virginia,"Prince Edward County, VA",Entered ICE Custody by Month,2017-02,1
Virginia,"Prince Edward County, VA",Entered ICE Custody by Month,2016-11,1
Virginia,"Prince Edward County, VA",Entered ICE Custody by Month,2016-08,1
Virginia,"Prince Edward County, VA",Entered ICE Custody by Month,2016-04,1
Virginia,"Prince Edward County, VA",Entered ICE Custody by Month,2017-01,1
Virginia,"Prince Edward County, VA",Time in U.S.,All,693
Virginia,"Prince Edward County, VA",Time in U.S.,Not Known,396
Virginia,"Prince Edward County, VA",Time in U.S.,Between 10 and 15 years,51
Virginia,"Prince Edward County, VA",Time in U.S.,20 years or more,38
Virginia,"Prince Edward County, VA",Time in U.S.,Up to 1 year,36
Virginia,"Prince Edward County, VA",Time in U.S.,Between 2 and 3 years,29
Virginia,"Prince Edward County, VA",Time in U.S.,Between 15 and 20 years,26
Virginia,"Prince Edward County, VA",Time in U.S.,Between 5 and 6 years,24
Virginia,"Prince Edward County, VA",Time in U.S.,Between 4 and 5 years,22
Virginia,"Prince Edward County, VA",Time in U.S.,Between 1 and 2 years,22
Virginia,"Prince Edward County, VA",Time in U.S.,Between 3 and 4 years,20
Virginia,"Prince Edward County, VA",Time in U.S.,Between 6 and 7 years,12
Virginia,"Prince Edward County, VA",Time in U.S.,Between 8 and 9 years,8
Virginia,"Prince Edward County, VA",Time in U.S.,Between 9 and 10 years,7
Virginia,"Prince Edward County, VA",Time in U.S.,Between 7 and 8 years,2
Virginia,"Prince Edward County, VA",Legal Permanent Resident,All,693
Virginia,"Prince Edward County, VA",Legal Permanent Resident,No,693
Virginia,"Prince Edward County, VA",Asylum Seeker/Refugee,All,693
Virginia,"Prince Edward County, VA",Asylum Seeker/Refugee,No,693
Virginia,"Prince Edward County, VA",Most Serious Criminal Conviction,All,693
Virginia,"Prince Edward County, VA",Most Serious Criminal Conviction,No Conviction,693
Virginia,"Prince Edward County, VA",Seriousness Level of MSCC,All,693
Virginia,"Prince Edward County, VA",Seriousness Level of MSCC,No Conviction,693
Virginia,"Prince Edward County, VA",Length of Time Since MSCC,All,693
Virginia,"Prince Edward County, VA",Length of Time Since MSCC,Not Known,693
Virginia,"Prince Edward County, VA",Gender,All,693
Virginia,"Prince Edward County, VA",Gender,Male,693
Virginia,"Prince Edward County, VA",Citizenship,All,693
Virginia,"Prince Edward County, VA",Citizenship,EL SALVADOR,272
Virginia,"Prince Edward County, VA",Citizenship,HONDURAS,100
Virginia,"Prince Edward County, VA",Citizenship,MEXICO,94
Virginia,"Prince Edward County, VA",Citizenship,GUATEMALA,81
Virginia,"Prince Edward County, VA",Citizenship,JAMAICA,11
Virginia,"Prince Edward County, VA",Citizenship,BOLIVIA,11
Virginia,"Prince Edward County, VA",Citizenship,IRAQ,8
Virginia,"Prince Edward County, VA",Citizenship,SIERRA LEONE,8
Virginia,"Prince Edward County, VA",Citizenship,PERU,6
Virginia,"Prince Edward County, VA",Citizenship,INDIA,5
Virginia,"Prince Edward County, VA",Citizenship,COLOMBIA,5
Virginia,"Prince Edward County, VA",Citizenship,GHANA,4
Virginia,"Prince Edward County, VA",Citizenship,NICARAGUA,4
Virginia,"Prince Edward County, VA",Citizenship,DOMINICAN REPUBLIC,4
Virginia,"Prince Edward County, VA",Citizenship,VIETNAM,3
Virginia,"Prince Edward County, VA",Citizenship,LIBERIA,3
Virginia,"Prince Edward County, VA",Citizenship,NIGERIA,3
Virginia,"Prince Edward County, VA",Citizenship,YEMEN,3
Virginia,"Prince Edward County, VA",Citizenship,TURKEY,3
Virginia,"Prince Edward County, VA",Citizenship,ETHIOPIA,3
Virginia,"Prince Edward County, VA",Citizenship,UGANDA,3
Virginia,"Prince Edward County, VA",Citizenship,PAKISTAN,2
Virginia,"Prince Edward County, VA",Citizenship,ARMENIA,2
Virginia,"Prince Edward County, VA",Citizenship,MAURITANIA,2
Virginia,"Prince Edward County, VA",Citizenship,MONGOLIA,2
Virginia,"Prince Edward County, VA",Citizenship,AFGHANISTAN,2
Virginia,"Prince Edward County, VA",Citizenship,SUDAN,2
Virginia,"Prince Edward County, VA",Citizenship,ROMANIA,2
Virginia,"Prince Edward County, VA",Citizenship,RWANDA,2
Virginia,"Prince Edward County, VA",Citizenship,CAMEROON,2
Virginia,"Prince Edward County, VA",Citizenship,EGYPT,2
Virginia,"Prince Edward County, VA",Citizenship,UNITED KINGDOM,2
Virginia,"Prince Edward County, VA",Citizenship,"CHINA, PEOPLES REPUBLIC OF",2
Virginia,"Prince Edward County, VA",Citizenship,PHILIPPINES,2
Virginia,"Prince Edward County, VA",Citizenship,MOROCCO,2
Virginia,"Prince Edward County, VA",Citizenship,HAITI,2
Virginia,"Prince Edward County, VA",Citizenship,LEBANON,2
Virginia,"Prince Edward County, VA",Citizenship,PORTUGAL,1
Virginia,"Prince Edward County, VA",Citizenship,BENIN,1
Virginia,"Prince Edward County, VA",Citizenship,THAILAND,1
Virginia,"Prince Edward County, VA",Citizenship,EQUATORIAL GUINEA,1
Virginia,"Prince Edward County, VA",Citizenship,ALGERIA,1
Virginia,"Prince Edward County, VA",Citizenship,SAUDI ARABIA,1
Virginia,"Prince Edward County, VA",Citizenship,LAOS,1
Virginia,"Prince Edward County, VA",Citizenship,CENTRAL AFRICAN REPUBLIC,1
Virginia,"Prince Edward County, VA",Citizenship,DEM REP OF THE CONGO,1
Virginia,"Prince Edward County, VA",Citizenship,BURUNDI,1
Virginia,"Prince Edward County, VA",Citizenship,BRAZIL,1
Virginia,"Prince Edward County, VA",Citizenship,TANZANIA,1
Virginia,"Prince Edward County, VA",Citizenship,SOMALIA,1
Virginia,"Prince Edward County, VA",Citizenship,CAMBODIA,1
Virginia,"Prince Edward County, VA",Citizenship,FRANCE,1
Virginia,"Prince Edward County, VA",Citizenship,BANGLADESH,1
Virginia,"Prince Edward County, VA",Citizenship,KENYA,1
Virginia,"Prince Edward County, VA",Citizenship,PANAMA,1
Virginia,"Prince Edward County, VA",Citizenship,SWAZILAND,1
Virginia,"Prince Edward County, VA",Citizenship,SENEGAL,1
Virginia,"Prince Edward County, VA",Citizenship,BAHAMAS,1
Virginia,"Prince Edward County, VA",Citizenship,CHILE,1
Virginia,"Prince Edward County, VA",Citizenship,TOGO,1
Virginia,"Prince Edward County, VA",Citizenship,FIJI,1
Virginia,"Prince Edward County, VA",Citizenship,SOUTH AFRICA,1
Virginia,"Prince Edward County, VA",Citizenship,ISRAEL,1
Virginia,"Prince Edward County, VA",Citizenship,ESTONIA,1
Virginia,"Prince Edward County, VA",Age Group,All,693
Virginia,"Prince Edward County, VA",Age Group,Age information witheld by ICE,693
Virginia,"James City County, VA",Facility Type,All,73
Virginia,"James City County, VA",Facility Type,County Facility,73
Virginia,"James City County, VA",Facility Type (Detailed),All,73
Virginia,"James City County, VA",Facility Type (Detailed),Intergovernment agreement with USMS which ICE utilizes,73
Virginia,"James City County, VA",Facility Operator,All,73
Virginia,"James City County, VA",Facility Operator,County,73
Virginia,"James City County, VA",Facility Owner,All,73
Virginia,"James City County, VA",Facility Owner,County,73
Virginia,"James City County, VA",Entered ICE Custody by Month,All,73
Virginia,"James City County, VA",Entered ICE Custody by Month,2018-06,24
Virginia,"James City County, VA",Entered ICE Custody by Month,2018-07,17
Virginia,"James City County, VA",Entered ICE Custody by Month,2018-04,7
Virginia,"James City County, VA",Entered ICE Custody by Month,2018-01,6
Virginia,"James City County, VA",Entered ICE Custody by Month,2018-05,6
Virginia,"James City County, VA",Entered ICE Custody by Month,2018-08,3
Virginia,"James City County, VA",Entered ICE Custody by Month,2018-03,3
Virginia,"James City County, VA",Entered ICE Custody by Month,2018-02,2
Virginia,"James City County, VA",Entered ICE Custody by Month,2017-12,2
Virginia,"James City County, VA",Entered ICE Custody by Month,2017-06,2
Virginia,"James City County, VA",Entered ICE Custody by Month,2017-10,1
Virginia,"James City County, VA",Time in U.S.,All,73
Virginia,"James City County, VA",Time in U.S.,Not Known,43
Virginia,"James City County, VA",Time in U.S.,Between 4 and 5 years,5
Virginia,"James City County, VA",Time in U.S.,Between 15 and 20 years,4
Virginia,"James City County, VA",Time in U.S.,Between 1 and 2 years,4
Virginia,"James City County, VA",Time in U.S.,Between 2 and 3 years,3
Virginia,"James City County, VA",Time in U.S.,Between 7 and 8 years,3
Virginia,"James City County, VA",Time in U.S.,Between 5 and 6 years,3
Virginia,"James City County, VA",Time in U.S.,Up to 1 year,3
Virginia,"James City County, VA",Time in U.S.,Between 10 and 15 years,2
Virginia,"James City County, VA",Time in U.S.,20 years or more,1
Virginia,"James City County, VA",Time in U.S.,Between 3 and 4 years,1
Virginia,"James City County, VA",Time in U.S.,Between 9 and 10 years,1
Virginia,"James City County, VA",Legal Permanent Resident,All,73
Virginia,"James City County, VA",Legal Permanent Resident,No,73
Virginia,"James City County, VA",Asylum Seeker/Refugee,All,73
Virginia,"James City County, VA",Asylum Seeker/Refugee,No,73
Virginia,"James City County, VA",Most Serious Criminal Conviction,All,73
Virginia,"James City County, VA",Most Serious Criminal Conviction,No Conviction,73
Virginia,"James City County, VA",Seriousness Level of MSCC,All,73
Virginia,"James City County, VA",Seriousness Level of MSCC,No Conviction,73
Virginia,"James City County, VA",Length of Time Since MSCC,All,73
Virginia,"James City County, VA",Length of Time Since MSCC,Not Known,73
Virginia,"James City County, VA",Gender,All,73
Virginia,"James City County, VA",Gender,Male,64
Virginia,"James City County, VA",Gender,Female,9
Virginia,"James City County, VA",Citizenship,All,73
Virginia,"James City County, VA",Citizenship,EL SALVADOR,20
Virginia,"James City County, VA",Citizenship,GUATEMALA,15
Virginia,"James City County, VA",Citizenship,HONDURAS,13
Virginia,"James City County, VA",Citizenship,MEXICO,7
Virginia,"James City County, VA",Citizenship,CUBA,2
Virginia,"James City County, VA",Citizenship,YEMEN,1
Virginia,"James City County, VA",Citizenship,GREECE,1
Virginia,"James City County, VA",Citizenship,BOLIVIA,1
Virginia,"James City County, VA",Citizenship,CANADA,1
Virginia,"James City County, VA",Citizenship,ZAMBIA,1
Virginia,"James City County, VA",Citizenship,AFGHANISTAN,1
Virginia,"James City County, VA",Citizenship,GEORGIA,1
Virginia,"James City County, VA",Citizenship,GAMBIA,1
Virginia,"James City County, VA",Citizenship,PAKISTAN,1
Virginia,"James City County, VA",Citizenship,CAMEROON,1
Virginia,"James City County, VA",Citizenship,COLOMBIA,1
Virginia,"James City County, VA",Citizenship,LIBERIA,1
Virginia,"James City County, VA",Citizenship,ARGENTINA,1
Virginia,"James City County, VA",Citizenship,ETHIOPIA,1
Virginia,"James City County, VA",Citizenship,JAMAICA,1
Virginia,"James City County, VA",Citizenship,TANZANIA,1
Virginia,"James City County, VA",Age Group,All,73
Virginia,"James City County, VA",Age Group,Age information witheld by ICE,73
Virginia,"Norfolk city, VA",Facility Type,All,67
Virginia,"Norfolk city, VA",Facility Type,Local Facility,67
Virginia,"Norfolk city, VA",Facility Type (Detailed),All,67
Virginia,"Norfolk city, VA",Facility Type (Detailed),Intergovernment agreement with USMS which ICE utilizes,67
Virginia,"Norfolk city, VA",Facility Operator,All,67
Virginia,"Norfolk city, VA",Facility Operator,City or Municipality,67
Virginia,"Norfolk city, VA",Facility Owner,All,67
Virginia,"Norfolk city, VA",Facility Owner,City or Municipality,67
Virginia,"Norfolk city, VA",Entered ICE Custody by Month,All,67
Virginia,"Norfolk city, VA",Entered ICE Custody by Month,2018-07,48
Virginia,"Norfolk city, VA",Entered ICE Custody by Month,2018-08,19
Virginia,"Norfolk city, VA",Time in U.S.,All,67
Virginia,"Norfolk city, VA",Time in U.S.,Not Known,42
Virginia,"Norfolk city, VA",Time in U.S.,Between 4 and 5 years,6
Virginia,"Norfolk city, VA",Time in U.S.,Between 10 and 15 years,4
Virginia,"Norfolk city, VA",Time in U.S.,20 years or more,3
Virginia,"Norfolk city, VA",Time in U.S.,Between 1 and 2 years,3
Virginia,"Norfolk city, VA",Time in U.S.,Between 5 and 6 years,2
Virginia,"Norfolk city, VA",Time in U.S.,Between 15 and 20 years,2
Virginia,"Norfolk city, VA",Time in U.S.,Between 2 and 3 years,2
Virginia,"Norfolk city, VA",Time in U.S.,Between 3 and 4 years,2
Virginia,"Norfolk city, VA",Time in U.S.,Up to 1 year,1
Virginia,"Norfolk city, VA",Legal Permanent Resident,All,67
Virginia,"Norfolk city, VA",Legal Permanent Resident,No,67
Virginia,"Norfolk city, VA",Asylum Seeker/Refugee,All,67
Virginia,"Norfolk city, VA",Asylum Seeker/Refugee,No,67
Virginia,"Norfolk city, VA",Most Serious Criminal Conviction,All,67
Virginia,"Norfolk city, VA",Most Serious Criminal Conviction,No Conviction,67
Virginia,"Norfolk city, VA",Seriousness Level of MSCC,All,67
Virginia,"Norfolk city, VA",Seriousness Level of MSCC,No Conviction,67
Virginia,"Norfolk city, VA",Length of Time Since MSCC,All,67
Virginia,"Norfolk city, VA",Length of Time Since MSCC,Not Known,67
Virginia,"Norfolk city, VA",Gender,All,67
Virginia,"Norfolk city, VA",Gender,Male,64
Virginia,"Norfolk city, VA",Gender,Female,3
Virginia,"Norfolk city, VA",Citizenship,All,67
Virginia,"Norfolk city, VA",Citizenship,MEXICO,22
Virginia,"Norfolk city, VA",Citizenship,EL SALVADOR,15
Virginia,"Norfolk city, VA",Citizenship,GUATEMALA,13
Virginia,"Norfolk city, VA",Citizenship,HONDURAS,10
Virginia,"Norfolk city, VA",Citizenship,JAMAICA,2
Virginia,"Norfolk city, VA",Citizenship,ETHIOPIA,1
Virginia,"Norfolk city, VA",Citizenship,BAHAMAS,1
Virginia,"Norfolk city, VA",Citizenship,GHANA,1
Virginia,"Norfolk city, VA",Citizenship,GERMANY,1
Virginia,"Norfolk city, VA",Citizenship,BOLIVIA,1
Virginia,"Norfolk city, VA",Age Group,All,67
Virginia,"Norfolk city, VA",Age Group,Age information witheld by ICE,67
Virginia,"Fairfax County, VA",Facility Type,All,10
Virginia,"Fairfax County, VA",Facility Type,INS Facility,10
Virginia,"Fairfax County, VA",Facility Type (Detailed),All,10
Virginia,"Fairfax County, VA",Facility Type (Detailed),Hold: a holding facility,10
Virginia,"Fairfax County, VA",Facility Operator,All,10
Virginia,"Fairfax County, VA",Facility Operator,Federal,10
Virginia,"Fairfax County, VA",Facility Owner,All,10
Virginia,"Fairfax County, VA",Facility Owner,Not defined,10
Virginia,"Fairfax County, VA",Entered ICE Custody by Month,All,10
Virginia,"Fairfax County, VA",Entered ICE Custody by Month,2018-08,7
Virginia,"Fairfax County, VA",Entered ICE Custody by Month,2017-05,1
Virginia,"Fairfax County, VA",Entered ICE Custody by Month,2018-04,1
Virginia,"Fairfax County, VA",Entered ICE Custody by Month,2018-05,1
Virginia,"Fairfax County, VA",Time in U.S.,All,10
Virginia,"Fairfax County, VA",Time in U.S.,Not Known,4
Virginia,"Fairfax County, VA",Time in U.S.,Between 4 and 5 years,2
Virginia,"Fairfax County, VA",Time in U.S.,20 years or more,1
Virginia,"Fairfax County, VA",Time in U.S.,Between 10 and 15 years,1
Virginia,"Fairfax County, VA",Time in U.S.,Between 2 and 3 years,1
Virginia,"Fairfax County, VA",Time in U.S.,Between 1 and 2 years,1
Virginia,"Fairfax County, VA",Legal Permanent Resident,All,10
Virginia,"Fairfax County, VA",Legal Permanent Resident,No,10
Virginia,"Fairfax County, VA",Asylum Seeker/Refugee,All,10
Virginia,"Fairfax County, VA",Asylum Seeker/Refugee,No,10
Virginia,"Fairfax County, VA",Most Serious Criminal Conviction,All,10
Virginia,"Fairfax County, VA",Most Serious Criminal Conviction,No Conviction,10
Virginia,"Fairfax County, VA",Seriousness Level of MSCC,All,10
Virginia,"Fairfax County, VA",Seriousness Level of MSCC,No Conviction,10
Virginia,"Fairfax County, VA",Length of Time Since MSCC,All,10
Virginia,"Fairfax County, VA",Length of Time Since MSCC,Not Known,10
Virginia,"Fairfax County, VA",Gender,All,10
Virginia,"Fairfax County, VA",Gender,Male,10
Virginia,"Fairfax County, VA",Citizenship,All,10
Virginia,"Fairfax County, VA",Citizenship,EL SALVADOR,2
Virginia,"Fairfax County, VA",Citizenship,HONDURAS,1
Virginia,"Fairfax County, VA",Citizenship,GUATEMALA,1
Virginia,"Fairfax County, VA",Citizenship,JAPAN,1
Virginia,"Fairfax County, VA",Citizenship,DOMINICAN REPUBLIC,1
Virginia,"Fairfax County, VA",Citizenship,ARGENTINA,1
Virginia,"Fairfax County, VA",Citizenship,LIBERIA,1
Virginia,"Fairfax County, VA",Citizenship,SOUTH KOREA,1
Virginia,"Fairfax County, VA",Citizenship,BOLIVIA,1
Virginia,"Fairfax County, VA",Age Group,All,10
Virginia,"Fairfax County, VA",Age Group,Age information witheld by ICE,10
Illinois,"McHenry County, IL",Facility Type,All,283
Illinois,"McHenry County, IL",Facility Type,County Facility,283
Illinois,"McHenry County, IL",Facility Type (Detailed),All,283
Illinois,"McHenry County, IL",Facility Type (Detailed),Intergovernment agreement with USMS which ICE utilizes,283
Illinois,"McHenry County, IL",Facility Operator,All,283
Illinois,"McHenry County, IL",Facility Operator,County Sheriff Department,283
Illinois,"McHenry County, IL",Facility Owner,All,283
Illinois,"McHenry County, IL",Facility Owner,County,283
Illinois,"McHenry County, IL",Entered ICE Custody by Month,All,283
Illinois,"McHenry County, IL",Entered ICE Custody by Month,2018-07,64
Illinois,"McHenry County, IL",Entered ICE Custody by Month,2018-06,61
Illinois,"McHenry County, IL",Entered ICE Custody by Month,2018-05,33
Illinois,"McHenry County, IL",Entered ICE Custody by Month,2018-04,26
Illinois,"McHenry County, IL",Entered ICE Custody by Month,2018-03,23
Illinois,"McHenry County, IL",Entered ICE Custody by Month,2018-02,14
Illinois,"McHenry County, IL",Entered ICE Custody by Month,2018-08,13
Illinois,"McHenry County, IL",Entered ICE Custody by Month,2018-01,11
Illinois,"McHenry County, IL",Entered ICE Custody by Month,2017-12,10
Illinois,"McHenry County, IL",Entered ICE Custody by Month,2017-09,7
Illinois,"McHenry County, IL",Entered ICE Custody by Month,2016-08,3
Illinois,"McHenry County, IL",Entered ICE Custody by Month,2017-08,3
Illinois,"McHenry County, IL",Entered ICE Custody by Month,2017-11,3
Illinois,"McHenry County, IL",Entered ICE Custody by Month,2017-10,2
Illinois,"McHenry County, IL",Entered ICE Custody by Month,2017-07,2
Illinois,"McHenry County, IL",Entered ICE Custody by Month,2017-03,2
Illinois,"McHenry County, IL",Entered ICE Custody by Month,2016-01,2
Illinois,"McHenry County, IL",Entered ICE Custody by Month,2017-04,1
Illinois,"McHenry County, IL",Entered ICE Custody by Month,2016-12,1
Illinois,"McHenry County, IL",Entered ICE Custody by Month,2016-10,1
Illinois,"McHenry County, IL",Entered ICE Custody by Month,2016-02,1
Illinois,"McHenry County, IL",Time in U.S.,All,283
Illinois,"McHenry County, IL",Time in U.S.,Not Known,111
Illinois,"McHenry County, IL",Time in U.S.,Up to 1 year,94
Illinois,"McHenry County, IL",Time in U.S.,Between 15 and 20 years,20
Illinois,"McHenry County, IL",Time in U.S.,20 years or more,16
Illinois,"McHenry County, IL",Time in U.S.,Between 10 and 15 years,10
Illinois,"McHenry County, IL",Time in U.S.,Between 4 and 5 years,8
Illinois,"McHenry County, IL",Time in U.S.,Between 3 and 4 years,6
Illinois,"McHenry County, IL",Time in U.S.,Between 5 and 6 years,5
Illinois,"McHenry County, IL",Time in U.S.,Between 2 and 3 years,5
Illinois,"McHenry County, IL",Time in U.S.,Between 1 and 2 years,5
Illinois,"McHenry County, IL",Time in U.S.,Between 6 and 7 years,1
Illinois,"McHenry County, IL",Time in U.S.,Between 8 and 9 years,1
Illinois,"McHenry County, IL",Time in U.S.,Between 7 and 8 years,1
Illinois,"McHenry County, IL",Legal Permanent Resident,All,283
Illinois,"McHenry County, IL",Legal Permanent Resident,No,283
Illinois,"McHenry County, IL",Asylum Seeker/Refugee,All,283
Illinois,"McHenry County, IL",Asylum Seeker/Refugee,No,283
Illinois,"McHenry County, IL",Most Serious Criminal Conviction,All,283
Illinois,"McHenry County, IL",Most Serious Criminal Conviction,No Conviction,283
Illinois,"McHenry County, IL",Seriousness Level of MSCC,All,283
Illinois,"McHenry County, IL",Seriousness Level of MSCC,No Conviction,283
Illinois,"McHenry County, IL",Length of Time Since MSCC,All,283
Illinois,"McHenry County, IL",Length of Time Since MSCC,Not Known,283
Illinois,"McHenry County, IL",Gender,All,283
Illinois,"McHenry County, IL",Gender,Male,230
Illinois,"McHenry County, IL",Gender,Female,53
Illinois,"McHenry County, IL",Citizenship,All,283
Illinois,"McHenry County, IL",Citizenship,MEXICO,97
Illinois,"McHenry County, IL",Citizenship,HONDURAS,38
Illinois,"McHenry County, IL",Citizenship,EL SALVADOR,28
Illinois,"McHenry County, IL",Citizenship,GUATEMALA,20
Illinois,"McHenry County, IL",Citizenship,CUBA,16
Illinois,"McHenry County, IL",Citizenship,"CHINA, PEOPLES REPUBLIC OF",9
Illinois,"McHenry County, IL",Citizenship,INDIA,8
Illinois,"McHenry County, IL",Citizenship,NICARAGUA,5
Illinois,"McHenry County, IL",Citizenship,VENEZUELA,3
Illinois,"McHenry County, IL",Citizenship,BANGLADESH,3
Illinois,"McHenry County, IL",Citizenship,GAMBIA,3
Illinois,"McHenry County, IL",Citizenship,POLAND,3
Illinois,"McHenry County, IL",Citizenship,UKRAINE,3
Illinois,"McHenry County, IL",Citizenship,CZECH REPUBLIC,2
Illinois,"McHenry County, IL",Citizenship,CAMEROON,2
Illinois,"McHenry County, IL",Citizenship,LITHUANIA,2
Illinois,"McHenry County, IL",Citizenship,COLOMBIA,2
Illinois,"McHenry County, IL",Citizenship,VIETNAM,2
Illinois,"McHenry County, IL",Citizenship,GHANA,2
Illinois,"McHenry County, IL",Citizenship,UGANDA,2
Illinois,"McHenry County, IL",Citizenship,ECUADOR,2
Illinois,"McHenry County, IL",Citizenship,HUNGARY,2
Illinois,"McHenry County, IL",Citizenship,NIGERIA,2
Illinois,"McHenry County, IL",Citizenship,BELARUS,1
Illinois,"McHenry County, IL",Citizenship,ST. LUCIA,1
Illinois,"McHenry County, IL",Citizenship,MAURITANIA,1
Illinois,"McHenry County, IL",Citizenship,SERBIA,1
Illinois,"McHenry County, IL",Citizenship,ROMANIA,1
Illinois,"McHenry County, IL",Citizenship,RWANDA,1
Illinois,"McHenry County, IL",Citizenship,MONGOLIA,1
Illinois,"McHenry County, IL",Citizenship,INDONESIA,1
Illinois,"McHenry County, IL",Citizenship,SUDAN,1
Illinois,"McHenry County, IL",Citizenship,YEMEN,1
Illinois,"McHenry County, IL",Citizenship,BURMA,1
Illinois,"McHenry County, IL",Citizenship,BOSNIA-HERZEGOVINA,1
Illinois,"McHenry County, IL",Citizenship,BRAZIL,1
Illinois,"McHenry County, IL",Citizenship,CAMBODIA,1
Illinois,"McHenry County, IL",Citizenship,THAILAND,1
Illinois,"McHenry County, IL",Citizenship,IRAQ,1
Illinois,"McHenry County, IL",Citizenship,HAITI,1
Illinois,"McHenry County, IL",Citizenship,UNITED KINGDOM,1
Illinois,"McHenry County, IL",Citizenship,UNKNOWN,1
Illinois,"McHenry County, IL",Citizenship,BELIZE,1
Illinois,"McHenry County, IL",Citizenship,ERITREA,1
Illinois,"McHenry County, IL",Citizenship,MALI,1
Illinois,"McHenry County, IL",Citizenship,FRANCE,1
Illinois,"McHenry County, IL",Citizenship,PAKISTAN,1
Illinois,"McHenry County, IL",Citizenship,PANAMA,1
Illinois,"McHenry County, IL",Citizenship,NIGER,1
Illinois,"McHenry County, IL",Citizenship,ETHIOPIA,1
Illinois,"McHenry County, IL",Age Group,All,283
Illinois,"McHenry County, IL",Age Group,Age information witheld by ICE,283
Illinois,"Pulaski County, IL",Facility Type,All,205
Illinois,"Pulaski County, IL",Facility Type,County Facility,205
Illinois,"Pulaski County, IL",Facility Type (Detailed),All,205
Illinois,"Pulaski County, IL",Facility Type (Detailed),Intergovernmental Service Agreement: a facility operated by state/local govt,205
Illinois,"Pulaski County, IL",Facility Operator,All,205
Illinois,"Pulaski County, IL",Facility Operator,County,205
Illinois,"Pulaski County, IL",Facility Owner,All,205
Illinois,"Pulaski County, IL",Facility Owner,County,205
Illinois,"Pulaski County, IL",Entered ICE Custody by Month,All,205
Illinois,"Pulaski County, IL",Entered ICE Custody by Month,2018-07,81
Illinois,"Pulaski County, IL",Entered ICE Custody by Month,2018-06,29
Illinois,"Pulaski County, IL",Entered ICE Custody by Month,2018-05,27
Illinois,"Pulaski County, IL",Entered ICE Custody by Month,2018-08,17
Illinois,"Pulaski County, IL",Entered ICE Custody by Month,2018-04,13
Illinois,"Pulaski County, IL",Entered ICE Custody by Month,2018-03,10
Illinois,"Pulaski County, IL",Entered ICE Custody by Month,2018-01,5
Illinois,"Pulaski County, IL",Entered ICE Custody by Month,2018-02,4
Illinois,"Pulaski County, IL",Entered ICE Custody by Month,2017-08,3
Illinois,"Pulaski County, IL",Entered ICE Custody by Month,2017-11,2
Illinois,"Pulaski County, IL",Entered ICE Custody by Month,2017-10,2
Illinois,"Pulaski County, IL",Entered ICE Custody by Month,2017-06,2
Illinois,"Pulaski County, IL",Entered ICE Custody by Month,2016-11,2
Illinois,"Pulaski County, IL",Entered ICE Custody by Month,2017-09,1
Illinois,"Pulaski County, IL",Entered ICE Custody by Month,2016-03,1
Illinois,"Pulaski County, IL",Entered ICE Custody by Month,2016-06,1
Illinois,"Pulaski County, IL",Entered ICE Custody by Month,2016-12,1
Illinois,"Pulaski County, IL",Entered ICE Custody by Month,2017-03,1
Illinois,"Pulaski County, IL",Entered ICE Custody by Month,2017-05,1
Illinois,"Pulaski County, IL",Entered ICE Custody by Month,2017-12,1
Illinois,"Pulaski County, IL",Entered ICE Custody by Month,2014-09,1
Illinois,"Pulaski County, IL",Time in U.S.,All,205
Illinois,"Pulaski County, IL",Time in U.S.,Not Known,111
Illinois,"Pulaski County, IL",Time in U.S.,Up to 1 year,29
Illinois,"Pulaski County, IL",Time in U.S.,20 years or more,14
Illinois,"Pulaski County, IL",Time in U.S.,Between 15 and 20 years,10
Illinois,"Pulaski County, IL",Time in U.S.,Between 10 and 15 years,9
Illinois,"Pulaski County, IL",Time in U.S.,Between 4 and 5 years,8
Illinois,"Pulaski County, IL",Time in U.S.,Between 1 and 2 years,7
Illinois,"Pulaski County, IL",Time in U.S.,Between 6 and 7 years,4
Illinois,"Pulaski County, IL",Time in U.S.,Between 9 and 10 years,3
Illinois,"Pulaski County, IL",Time in U.S.,Between 2 and 3 years,3
Illinois,"Pulaski County, IL",Time in U.S.,Between 5 and 6 years,2
Illinois,"Pulaski County, IL",Time in U.S.,Between 8 and 9 years,2
Illinois,"Pulaski County, IL",Time in U.S.,Between 7 and 8 years,2
Illinois,"Pulaski County, IL",Time in U.S.,Between 3 and 4 years,1
Illinois,"Pulaski County, IL",Legal Permanent Resident,All,205
Illinois,"Pulaski County, IL",Legal Permanent Resident,No,205
Illinois,"Pulaski County, IL",Asylum Seeker/Refugee,All,205
Illinois,"Pulaski County, IL",Asylum Seeker/Refugee,No,205
Illinois,"Pulaski County, IL",Most Serious Criminal Conviction,All,205
Illinois,"Pulaski County, IL",Most Serious Criminal Conviction,No Conviction,205
Illinois,"Pulaski County, IL",Seriousness Level of MSCC,All,205
Illinois,"Pulaski County, IL",Seriousness Level of MSCC,No Conviction,205
Illinois,"Pulaski County, IL",Length of Time Since MSCC,All,205
Illinois,"Pulaski County, IL",Length of Time Since MSCC,Not Known,205
Illinois,"Pulaski County, IL",Gender,All,205
Illinois,"Pulaski County, IL",Gender,Male,188
Illinois,"Pulaski County, IL",Gender,Female,17
Illinois,"Pulaski County, IL",Citizenship,All,205
Illinois,"Pulaski County, IL",Citizenship,MEXICO,88
Illinois,"Pulaski County, IL",Citizenship,GUATEMALA,28
Illinois,"Pulaski County, IL",Citizenship,HONDURAS,24
Illinois,"Pulaski County, IL",Citizenship,EL SALVADOR,8
Illinois,"Pulaski County, IL",Citizenship,CUBA,7
Illinois,"Pulaski County, IL",Citizenship,NICARAGUA,4
Illinois,"Pulaski County, IL",Citizenship,HAITI,3
Illinois,"Pulaski County, IL",Citizenship,INDIA,3
Illinois,"Pulaski County, IL",Citizenship,GUINEA,3
Illinois,"Pulaski County, IL",Citizenship,"CHINA, PEOPLES REPUBLIC OF",3
Illinois,"Pulaski County, IL",Citizenship,POLAND,2
Illinois,"Pulaski County, IL",Citizenship,ROMANIA,2
Illinois,"Pulaski County, IL",Citizenship,VIETNAM,2
Illinois,"Pulaski County, IL",Citizenship,CONGO,2
Illinois,"Pulaski County, IL",Citizenship,BANGLADESH,2
Illinois,"Pulaski County, IL",Citizenship,BHUTAN,2
Illinois,"Pulaski County, IL",Citizenship,BRAZIL,2
Illinois,"Pulaski County, IL",Citizenship,JORDAN,2
Illinois,"Pulaski County, IL",Citizenship,SOMALIA,2
Illinois,"Pulaski County, IL",Citizenship,JAMAICA,2
Illinois,"Pulaski County, IL",Citizenship,BELARUS,1
Illinois,"Pulaski County, IL",Citizenship,DOMINICAN REPUBLIC,1
Illinois,"Pulaski County, IL",Citizenship,AZERBAIJAN,1
Illinois,"Pulaski County, IL",Citizenship,YEMEN,1
Illinois,"Pulaski County, IL",Citizenship,DEM REP OF THE CONGO,1
Illinois,"Pulaski County, IL",Citizenship,ECUADOR,1
Illinois,"Pulaski County, IL",Citizenship,KENYA,1
Illinois,"Pulaski County, IL",Citizenship,VENEZUELA,1
Illinois,"Pulaski County, IL",Citizenship,NIGERIA,1
Illinois,"Pulaski County, IL",Citizenship,ERITREA,1
Illinois,"Pulaski County, IL",Citizenship,COLOMBIA,1
Illinois,"Pulaski County, IL",Citizenship,LIBERIA,1
Illinois,"Pulaski County, IL",Citizenship,UNITED KINGDOM,1
Illinois,"Pulaski County, IL",Citizenship,PANAMA,1
Illinois,"Pulaski County, IL",Age Group,All,205
Illinois,"Pulaski County, IL",Age Group,Age information witheld by ICE,205
Illinois,"Kankakee County, IL",Facility Type,All,166
Illinois,"Kankakee County, IL",Facility Type,County Facility,166
Illinois,"Kankakee County, IL",Facility Type (Detailed),All,166
Illinois,"Kankakee County, IL",Facility Type (Detailed),Intergovernment agreement with USMS which ICE utilizes,166
Illinois,"Kankakee County, IL",Facility Operator,All,166
Illinois,"Kankakee County, IL",Facility Operator,County,166
Illinois,"Kankakee County, IL",Facility Owner,All,166
Illinois,"Kankakee County, IL",Facility Owner,County,166
Illinois,"Kankakee County, IL",Entered ICE Custody by Month,All,166
Illinois,"Kankakee County, IL",Entered ICE Custody by Month,2018-07,55
Illinois,"Kankakee County, IL",Entered ICE Custody by Month,2018-06,24
Illinois,"Kankakee County, IL",Entered ICE Custody by Month,2018-04,22
Illinois,"Kankakee County, IL",Entered ICE Custody by Month,2018-05,17
Illinois,"Kankakee County, IL",Entered ICE Custody by Month,2018-03,11
Illinois,"Kankakee County, IL",Entered ICE Custody by Month,2018-02,7
Illinois,"Kankakee County, IL",Entered ICE Custody by Month,2017-11,7
Illinois,"Kankakee County, IL",Entered ICE Custody by Month,2018-08,7
Illinois,"Kankakee County, IL",Entered ICE Custody by Month,2017-12,6
Illinois,"Kankakee County, IL",Entered ICE Custody by Month,2017-10,3
Illinois,"Kankakee County, IL",Entered ICE Custody by Month,2018-01,2
Illinois,"Kankakee County, IL",Entered ICE Custody by Month,2017-07,2
Illinois,"Kankakee County, IL",Entered ICE Custody by Month,2017-08,1
Illinois,"Kankakee County, IL",Entered ICE Custody by Month,2017-01,1
Illinois,"Kankakee County, IL",Entered ICE Custody by Month,2016-11,1
Illinois,"Kankakee County, IL",Time in U.S.,All,166
Illinois,"Kankakee County, IL",Time in U.S.,Not Known,73
Illinois,"Kankakee County, IL",Time in U.S.,Up to 1 year,56
Illinois,"Kankakee County, IL",Time in U.S.,20 years or more,11
Illinois,"Kankakee County, IL",Time in U.S.,Between 10 and 15 years,9
Illinois,"Kankakee County, IL",Time in U.S.,Between 3 and 4 years,4
Illinois,"Kankakee County, IL",Time in U.S.,Between 5 and 6 years,4
Illinois,"Kankakee County, IL",Time in U.S.,Between 4 and 5 years,2
Illinois,"Kankakee County, IL",Time in U.S.,Between 15 and 20 years,2
Illinois,"Kankakee County, IL",Time in U.S.,Between 2 and 3 years,1
Illinois,"Kankakee County, IL",Time in U.S.,Between 1 and 2 years,1
Illinois,"Kankakee County, IL",Time in U.S.,Between 6 and 7 years,1
Illinois,"Kankakee County, IL",Time in U.S.,Between 8 and 9 years,1
Illinois,"Kankakee County, IL",Time in U.S.,Between 7 and 8 years,1
Illinois,"Kankakee County, IL",Legal Permanent Resident,All,166
Illinois,"Kankakee County, IL",Legal Permanent Resident,No,166
Illinois,"Kankakee County, IL",Asylum Seeker/Refugee,All,166
Illinois,"Kankakee County, IL",Asylum Seeker/Refugee,No,166
Illinois,"Kankakee County, IL",Most Serious Criminal Conviction,All,166
Illinois,"Kankakee County, IL",Most Serious Criminal Conviction,No Conviction,166
Illinois,"Kankakee County, IL",Seriousness Level of MSCC,All,166
Illinois,"Kankakee County, IL",Seriousness Level of MSCC,No Conviction,166
Illinois,"Kankakee County, IL",Length of Time Since MSCC,All,166
Illinois,"Kankakee County, IL",Length of Time Since MSCC,Not Known,166
Illinois,"Kankakee County, IL",Gender,All,166
Illinois,"Kankakee County, IL",Gender,Male,166
Illinois,"Kankakee County, IL",Citizenship,All,166
Illinois,"Kankakee County, IL",Citizenship,MEXICO,70
Illinois,"Kankakee County, IL",Citizenship,HONDURAS,17
Illinois,"Kankakee County, IL",Citizenship,EL SALVADOR,15
Illinois,"Kankakee County, IL",Citizenship,CUBA,15
Illinois,"Kankakee County, IL",Citizenship,GUATEMALA,14
Illinois,"Kankakee County, IL",Citizenship,BANGLADESH,10
Illinois,"Kankakee County, IL",Citizenship,NICARAGUA,3
Illinois,"Kankakee County, IL",Citizenship,HAITI,2
Illinois,"Kankakee County, IL",Citizenship,DEM REP OF THE CONGO,2
Illinois,"Kankakee County, IL",Citizenship,IRAQ,2
Illinois,"Kankakee County, IL",Citizenship,ECUADOR,2
Illinois,"Kankakee County, IL",Citizenship,PHILIPPINES,2
Illinois,"Kankakee County, IL",Citizenship,INDIA,1
Illinois,"Kankakee County, IL",Citizenship,KUWAIT,1
Illinois,"Kankakee County, IL",Citizenship,UZBEKISTAN,1
Illinois,"Kankakee County, IL",Citizenship,ISRAEL,1
Illinois,"Kankakee County, IL",Citizenship,RUSSIA,1
Illinois,"Kankakee County, IL",Citizenship,POLAND,1
Illinois,"Kankakee County, IL",Citizenship,BURMA,1
Illinois,"Kankakee County, IL",Citizenship,BRAZIL,1
Illinois,"Kankakee County, IL",Citizenship,ERITREA,1
Illinois,"Kankakee County, IL",Citizenship,BELIZE,1
Illinois,"Kankakee County, IL",Citizenship,ANGOLA,1
Illinois,"Kankakee County, IL",Citizenship,SOMALIA,1
Illinois,"Kankakee County, IL",Age Group,All,166
Illinois,"Kankakee County, IL",Age Group,Age information witheld by ICE,166
Illinois,"Mercer County, IL",Facility Type,All,1
Illinois,"Mercer County, IL",Facility Type,County Facility,1
Illinois,"Mercer County, IL",Facility Type (Detailed),All,1
Illinois,"Mercer County, IL",Facility Type (Detailed),Other,1
Illinois,"Mercer County, IL",Facility Operator,All,1
Illinois,"Mercer County, IL",Facility Operator,Not defined,1
Illinois,"Mercer County, IL",Facility Owner,All,1
Illinois,"Mercer County, IL",Facility Owner,Not defined,1
Illinois,"Mercer County, IL",Entered ICE Custody by Month,All,1
Illinois,"Mercer County, IL",Entered ICE Custody by Month,2018-08,1
Illinois,"Mercer County, IL",Time in U.S.,All,1
Illinois,"Mercer County, IL",Time in U.S.,Not Known,1
Illinois,"Mercer County, IL",Legal Permanent Resident,All,1
Illinois,"Mercer County, IL",Legal Permanent Resident,No,1
Illinois,"Mercer County, IL",Asylum Seeker/Refugee,All,1
Illinois,"Mercer County, IL",Asylum Seeker/Refugee,No,1
Illinois,"Mercer County, IL",Most Serious Criminal Conviction,All,1
Illinois,"Mercer County, IL",Most Serious Criminal Conviction,No Conviction,1
Illinois,"Mercer County, IL",Seriousness Level of MSCC,All,1
Illinois,"Mercer County, IL",Seriousness Level of MSCC,No Conviction,1
Illinois,"Mercer County, IL",Length of Time Since MSCC,All,1
Illinois,"Mercer County, IL",Length of Time Since MSCC,Not Known,1
Illinois,"Mercer County, IL",Gender,All,1
Illinois,"Mercer County, IL",Gender,Male,1
Illinois,"Mercer County, IL",Citizenship,All,1
Illinois,"Mercer County, IL",Citizenship,MEXICO,1
Illinois,"Mercer County, IL",Age Group,All,1
Illinois,"Mercer County, IL",Age Group,Age information witheld by ICE,1
Ohio,"Mahoning County, OH",Facility Type,All,296
Ohio,"Mahoning County, OH",Facility Type,Other Facility Type,296
Ohio,"Mahoning County, OH",Facility Type (Detailed),All,296
Ohio,"Mahoning County, OH",Facility Type (Detailed),Contract Detention Facility: owned by private company/under govt contract,296
Ohio,"Mahoning County, OH",Facility Operator,All,296
Ohio,"Mahoning County, OH",Facility Operator,CORECIVIC,296
Ohio,"Mahoning County, OH",Facility Owner,All,296
Ohio,"Mahoning County, OH",Facility Owner,CoreCivic (formerly Corrections Corporation of America),296
Ohio,"Mahoning County, OH",Entered ICE Custody by Month,All,296
Ohio,"Mahoning County, OH",Entered ICE Custody by Month,2018-07,98
Ohio,"Mahoning County, OH",Entered ICE Custody by Month,2018-06,81
Ohio,"Mahoning County, OH",Entered ICE Custody by Month,2018-04,21
Ohio,"Mahoning County, OH",Entered ICE Custody by Month,2018-03,21
Ohio,"Mahoning County, OH",Entered ICE Custody by Month,2017-12,19
Ohio,"Mahoning County, OH",Entered ICE Custody by Month,2017-06,9
Ohio,"Mahoning County, OH",Entered ICE Custody by Month,2018-01,7
Ohio,"Mahoning County, OH",Entered ICE Custody by Month,2017-10,7
Ohio,"Mahoning County, OH",Entered ICE Custody by Month,2018-02,6
Ohio,"Mahoning County, OH",Entered ICE Custody by Month,2018-05,5
Ohio,"Mahoning County, OH",Entered ICE Custody by Month,2017-11,5
Ohio,"Mahoning County, OH",Entered ICE Custody by Month,2017-07,4
Ohio,"Mahoning County, OH",Entered ICE Custody by Month,2017-03,3
Ohio,"Mahoning County, OH",Entered ICE Custody by Month,2017-05,2
Ohio,"Mahoning County, OH",Entered ICE Custody by Month,2017-01,2
Ohio,"Mahoning County, OH",Entered ICE Custody by Month,2017-09,2
Ohio,"Mahoning County, OH",Entered ICE Custody by Month,2017-04,1
Ohio,"Mahoning County, OH",Entered ICE Custody by Month,2016-12,1
Ohio,"Mahoning County, OH",Entered ICE Custody by Month,2016-09,1
Ohio,"Mahoning County, OH",Entered ICE Custody by Month,2016-01,1
Ohio,"Mahoning County, OH",Time in U.S.,All,296
Ohio,"Mahoning County, OH",Time in U.S.,Up to 1 year,153
Ohio,"Mahoning County, OH",Time in U.S.,Not Known,67
Ohio,"Mahoning County, OH",Time in U.S.,20 years or more,26
Ohio,"Mahoning County, OH",Time in U.S.,Between 15 and 20 years,10
Ohio,"Mahoning County, OH",Time in U.S.,Between 1 and 2 years,9
Ohio,"Mahoning County, OH",Time in U.S.,Between 10 and 15 years,8
Ohio,"Mahoning County, OH",Time in U.S.,Between 4 and 5 years,5
Ohio,"Mahoning County, OH",Time in U.S.,Between 9 and 10 years,5
Ohio,"Mahoning County, OH",Time in U.S.,Between 3 and 4 years,4
Ohio,"Mahoning County, OH",Time in U.S.,Between 2 and 3 years,4
Ohio,"Mahoning County, OH",Time in U.S.,Between 5 and 6 years,3
Ohio,"Mahoning County, OH",Time in U.S.,Between 6 and 7 years,2
Ohio,"Mahoning County, OH",Legal Permanent Resident,All,296
Ohio,"Mahoning County, OH",Legal Permanent Resident,No,296
Ohio,"Mahoning County, OH",Asylum Seeker/Refugee,All,296
Ohio,"Mahoning County, OH",Asylum Seeker/Refugee,No,296
Ohio,"Mahoning County, OH",Most Serious Criminal Conviction,All,296
Ohio,"Mahoning County, OH",Most Serious Criminal Conviction,No Conviction,296
Ohio,"Mahoning County, OH",Seriousness Level of MSCC,All,296
Ohio,"Mahoning County, OH",Seriousness Level of MSCC,No Conviction,296
Ohio,"Mahoning County, OH",Length of Time Since MSCC,All,296
Ohio,"Mahoning County, OH",Length of Time Since MSCC,Not Known,296
Ohio,"Mahoning County, OH",Gender,All,296
Ohio,"Mahoning County, OH",Gender,Male,296
Ohio,"Mahoning County, OH",Citizenship,All,296
Ohio,"Mahoning County, OH",Citizenship,GUATEMALA,58
Ohio,"Mahoning County, OH",Citizenship,HONDURAS,52
Ohio,"Mahoning County, OH",Citizenship,MEXICO,44
Ohio,"Mahoning County, OH",Citizenship,IRAQ,19
Ohio,"Mahoning County, OH",Citizenship,EL SALVADOR,18
Ohio,"Mahoning County, OH",Citizenship,CUBA,18
Ohio,"Mahoning County, OH",Citizenship,NICARAGUA,16
Ohio,"Mahoning County, OH",Citizenship,BANGLADESH,11
Ohio,"Mahoning County, OH",Citizenship,INDIA,10
Ohio,"Mahoning County, OH",Citizenship,ERITREA,4
Ohio,"Mahoning County, OH",Citizenship,"CHINA, PEOPLES REPUBLIC OF",4
Ohio,"Mahoning County, OH",Citizenship,VIETNAM,3
Ohio,"Mahoning County, OH",Citizenship,SENEGAL,3
Ohio,"Mahoning County, OH",Citizenship,CAMEROON,3
Ohio,"Mahoning County, OH",Citizenship,DEM REP OF THE CONGO,3
Ohio,"Mahoning County, OH",Citizenship,DOMINICAN REPUBLIC,3
Ohio,"Mahoning County, OH",Citizenship,PERU,3
Ohio,"Mahoning County, OH",Citizenship,GHANA,2
Ohio,"Mahoning County, OH",Citizenship,ECUADOR,2
Ohio,"Mahoning County, OH",Citizenship,YEMEN,2
Ohio,"Mahoning County, OH",Citizenship,ANGOLA,2
Ohio,"Mahoning County, OH",Citizenship,UNKNOWN,1
Ohio,"Mahoning County, OH",Citizenship,CHILE,1
Ohio,"Mahoning County, OH",Citizenship,RWANDA,1
Ohio,"Mahoning County, OH",Citizenship,CONGO,1
Ohio,"Mahoning County, OH",Citizenship,INDONESIA,1
Ohio,"Mahoning County, OH",Citizenship,GABON,1
Ohio,"Mahoning County, OH",Citizenship,BRAZIL,1
Ohio,"Mahoning County, OH",Citizenship,BURMA,1
Ohio,"Mahoning County, OH",Citizenship,GUINEA,1
Ohio,"Mahoning County, OH",Citizenship,GEORGIA,1
Ohio,"Mahoning County, OH",Citizenship,PAKISTAN,1
Ohio,"Mahoning County, OH",Citizenship,SOMALIA,1
Ohio,"Mahoning County, OH",Citizenship,HAITI,1
Ohio,"Mahoning County, OH",Citizenship,ZIMBABWE,1
Ohio,"Mahoning County, OH",Citizenship,NIGERIA,1
Ohio,"Mahoning County, OH",Citizenship,LEBANON,1
Ohio,"Mahoning County, OH",Age Group,All,296
Ohio,"Mahoning County, OH",Age Group,Age information witheld by ICE,296
Ohio,"Butler County, OH",Facility Type,All,142
Ohio,"Butler County, OH",Facility Type,County Facility,142
Ohio,"Butler County, OH",Facility Type (Detailed),All,142
Ohio,"Butler County, OH",Facility Type (Detailed),Intergovernmental Service Agreement: a facility operated by state/local govt,142
Ohio,"Butler County, OH",Facility Operator,All,142
Ohio,"Butler County, OH",Facility Operator,County Sheriff Department,142
Ohio,"Butler County, OH",Facility Owner,All,142
Ohio,"Butler County, OH",Facility Owner,County,142
Ohio,"Butler County, OH",Entered ICE Custody by Month,All,142
Ohio,"Butler County, OH",Entered ICE Custody by Month,2018-07,56
Ohio,"Butler County, OH",Entered ICE Custody by Month,2018-08,25
Ohio,"Butler County, OH",Entered ICE Custody by Month,2018-06,18
Ohio,"Butler County, OH",Entered ICE Custody by Month,2018-05,15
Ohio,"Butler County, OH",Entered ICE Custody by Month,2018-03,7
Ohio,"Butler County, OH",Entered ICE Custody by Month,2018-04,5
Ohio,"Butler County, OH",Entered ICE Custody by Month,2017-10,4
Ohio,"Butler County, OH",Entered ICE Custody by Month,2018-02,2
Ohio,"Butler County, OH",Entered ICE Custody by Month,2018-01,2
Ohio,"Butler County, OH",Entered ICE Custody by Month,2017-12,2
Ohio,"Butler County, OH",Entered ICE Custody by Month,2017-11,2
Ohio,"Butler County, OH",Entered ICE Custody by Month,2017-08,2
Ohio,"Butler County, OH",Entered ICE Custody by Month,2017-06,1
Ohio,"Butler County, OH",Entered ICE Custody by Month,2013-09,1
Ohio,"Butler County, OH",Time in U.S.,All,142
Ohio,"Butler County, OH",Time in U.S.,Not Known,71
Ohio,"Butler County, OH",Time in U.S.,20 years or more,12
Ohio,"Butler County, OH",Time in U.S.,Between 10 and 15 years,12
Ohio,"Butler County, OH",Time in U.S.,Between 15 and 20 years,11
Ohio,"Butler County, OH",Time in U.S.,Up to 1 year,9
Ohio,"Butler County, OH",Time in U.S.,Between 1 and 2 years,8
Ohio,"Butler County, OH",Time in U.S.,Between 2 and 3 years,6
Ohio,"Butler County, OH",Time in U.S.,Between 3 and 4 years,5
Ohio,"Butler County, OH",Time in U.S.,Between 4 and 5 years,4
Ohio,"Butler County, OH",Time in U.S.,Between 5 and 6 years,1
Ohio,"Butler County, OH",Time in U.S.,Between 6 and 7 years,1
Ohio,"Butler County, OH",Time in U.S.,Between 9 and 10 years,1
Ohio,"Butler County, OH",Time in U.S.,Between 7 and 8 years,1
Ohio,"Butler County, OH",Legal Permanent Resident,All,142
Ohio,"Butler County, OH",Legal Permanent Resident,No,142
Ohio,"Butler County, OH",Asylum Seeker/Refugee,All,142
Ohio,"Butler County, OH",Asylum Seeker/Refugee,No,142
Ohio,"Butler County, OH",Most Serious Criminal Conviction,All,142
Ohio,"Butler County, OH",Most Serious Criminal Conviction,No Conviction,142
Ohio,"Butler County, OH",Seriousness Level of MSCC,All,142
Ohio,"Butler County, OH",Seriousness Level of MSCC,No Conviction,142
Ohio,"Butler County, OH",Length of Time Since MSCC,All,142
Ohio,"Butler County, OH",Length of Time Since MSCC,Not Known,142
Ohio,"Butler County, OH",Gender,All,142
Ohio,"Butler County, OH",Gender,Male,137
Ohio,"Butler County, OH",Gender,Female,5
Ohio,"Butler County, OH",Citizenship,All,142
Ohio,"Butler County, OH",Citizenship,MEXICO,49
Ohio,"Butler County, OH",Citizenship,GUATEMALA,30
Ohio,"Butler County, OH",Citizenship,MAURITANIA,13
Ohio,"Butler County, OH",Citizenship,SIERRA LEONE,6
Ohio,"Butler County, OH",Citizenship,HONDURAS,6
Ohio,"Butler County, OH",Citizenship,EL SALVADOR,5
Ohio,"Butler County, OH",Citizenship,INDIA,4
Ohio,"Butler County, OH",Citizenship,MALI,3
Ohio,"Butler County, OH",Citizenship,GHANA,3
Ohio,"Butler County, OH",Citizenship,NIGERIA,2
Ohio,"Butler County, OH",Citizenship,KENYA,2
Ohio,"Butler County, OH",Citizenship,ECUADOR,2
Ohio,"Butler County, OH",Citizenship,JORDAN,1
Ohio,"Butler County, OH",Citizenship,UZBEKISTAN,1
Ohio,"Butler County, OH",Citizenship,BURKINA FASO,1
Ohio,"Butler County, OH",Citizenship,JAMAICA,1
Ohio,"Butler County, OH",Citizenship,DEM REP OF THE CONGO,1
Ohio,"Butler County, OH",Citizenship,KYRGYZSTAN,1
Ohio,"Butler County, OH",Citizenship,BURUNDI,1
Ohio,"Butler County, OH",Citizenship,ROMANIA,1
Ohio,"Butler County, OH",Citizenship,SENEGAL,1
Ohio,"Butler County, OH",Citizenship,RUSSIA,1
Ohio,"Butler County, OH",Citizenship,CUBA,1
Ohio,"Butler County, OH",Citizenship,NIGER,1
Ohio,"Butler County, OH",Citizenship,FRANCE,1
Ohio,"Butler County, OH",Citizenship,BRAZIL,1
Ohio,"Butler County, OH",Citizenship,"CHINA, PEOPLES REPUBLIC OF",1
Ohio,"Butler County, OH",Citizenship,SOMALIA,1
Ohio,"Butler County, OH",Citizenship,PAPUA NEW GUINEA,1
Ohio,"Butler County, OH",Age Group,All,142
Ohio,"Butler County, OH",Age Group,Age information witheld by ICE,142
Ohio,"Seneca County, OH",Facility Type,All,83
Ohio,"Seneca County, OH",Facility Type,County Facility,83
Ohio,"Seneca County, OH",Facility Type (Detailed),All,83
Ohio,"Seneca County, OH",Facility Type (Detailed),Intergovernmental Service Agreement: a facility operated by state/local govt,83
Ohio,"Seneca County, OH",Facility Operator,All,83
Ohio,"Seneca County, OH",Facility Operator,County Sheriff Department,83
Ohio,"Seneca County, OH",Facility Owner,All,83
Ohio,"Seneca County, OH",Facility Owner,County,83
Ohio,"Seneca County, OH",Entered ICE Custody by Month,All,83
Ohio,"Seneca County, OH",Entered ICE Custody by Month,2018-07,52
Ohio,"Seneca County, OH",Entered ICE Custody by Month,2018-06,9
Ohio,"Seneca County, OH",Entered ICE Custody by Month,2018-05,8
Ohio,"Seneca County, OH",Entered ICE Custody by Month,2018-04,3
Ohio,"Seneca County, OH",Entered ICE Custody by Month,2018-08,2
Ohio,"Seneca County, OH",Entered ICE Custody by Month,2018-03,2
Ohio,"Seneca County, OH",Entered ICE Custody by Month,2018-02,2
Ohio,"Seneca County, OH",Entered ICE Custody by Month,2017-11,2
Ohio,"Seneca County, OH",Entered ICE Custody by Month,2017-12,1
Ohio,"Seneca County, OH",Entered ICE Custody by Month,2017-07,1
Ohio,"Seneca County, OH",Entered ICE Custody by Month,2017-06,1
Ohio,"Seneca County, OH",Time in U.S.,All,83
Ohio,"Seneca County, OH",Time in U.S.,Not Known,15
Ohio,"Seneca County, OH",Time in U.S.,Up to 1 year,10
Ohio,"Seneca County, OH",Time in U.S.,Between 1 and 2 years,10
Ohio,"Seneca County, OH",Time in U.S.,Between 10 and 15 years,10
Ohio,"Seneca County, OH",Time in U.S.,Between 2 and 3 years,6
Ohio,"Seneca County, OH",Time in U.S.,Between 4 and 5 years,5
Ohio,"Seneca County, OH",Time in U.S.,20 years or more,5
Ohio,"Seneca County, OH",Time in U.S.,Between 15 and 20 years,5
Ohio,"Seneca County, OH",Time in U.S.,Between 5 and 6 years,4
Ohio,"Seneca County, OH",Time in U.S.,Between 3 and 4 years,4
Ohio,"Seneca County, OH",Time in U.S.,Between 8 and 9 years,3
Ohio,"Seneca County, OH",Time in U.S.,Between 6 and 7 years,2
Ohio,"Seneca County, OH",Time in U.S.,Between 9 and 10 years,2
Ohio,"Seneca County, OH",Time in U.S.,Between 7 and 8 years,2
Ohio,"Seneca County, OH",Legal Permanent Resident,All,83
Ohio,"Seneca County, OH",Legal Permanent Resident,No,83
Ohio,"Seneca County, OH",Asylum Seeker/Refugee,All,83
Ohio,"Seneca County, OH",Asylum Seeker/Refugee,No,83
Ohio,"Seneca County, OH",Most Serious Criminal Conviction,All,83
Ohio,"Seneca County, OH",Most Serious Criminal Conviction,No Conviction,83
Ohio,"Seneca County, OH",Seriousness Level of MSCC,All,83
Ohio,"Seneca County, OH",Seriousness Level of MSCC,No Conviction,83
Ohio,"Seneca County, OH",Length of Time Since MSCC,All,83
Ohio,"Seneca County, OH",Length of Time Since MSCC,Not Known,83
Ohio,"Seneca County, OH",Gender,All,83
Ohio,"Seneca County, OH",Gender,Male,67
Ohio,"Seneca County, OH",Gender,Female,16
Ohio,"Seneca County, OH",Citizenship,All,83
Ohio,"Seneca County, OH",Citizenship,MEXICO,23
Ohio,"Seneca County, OH",Citizenship,GUATEMALA,22
Ohio,"Seneca County, OH",Citizenship,HONDURAS,11
Ohio,"Seneca County, OH",Citizenship,INDIA,5
Ohio,"Seneca County, OH",Citizenship,EL SALVADOR,4
Ohio,"Seneca County, OH",Citizenship,NIGERIA,3
Ohio,"Seneca County, OH",Citizenship,ECUADOR,2
Ohio,"Seneca County, OH",Citizenship,JAMAICA,2
Ohio,"Seneca County, OH",Citizenship,KOREA,2
Ohio,"Seneca County, OH",Citizenship,BENIN,1
Ohio,"Seneca County, OH",Citizenship,MONGOLIA,1
Ohio,"Seneca County, OH",Citizenship,ROMANIA,1
Ohio,"Seneca County, OH",Citizenship,GUINEA,1
Ohio,"Seneca County, OH",Citizenship,COLOMBIA,1
Ohio,"Seneca County, OH",Citizenship,GHANA,1
Ohio,"Seneca County, OH",Citizenship,PERU,1
Ohio,"Seneca County, OH",Citizenship,ALGERIA,1
Ohio,"Seneca County, OH",Citizenship,SAUDI ARABIA,1
Ohio,"Seneca County, OH",Age Group,All,83
Ohio,"Seneca County, OH",Age Group,Age information witheld by ICE,83
Ohio,"Geauga County, OH",Facility Type,All,58
Ohio,"Geauga County, OH",Facility Type,County Facility,58
Ohio,"Geauga County, OH",Facility Type (Detailed),All,58
Ohio,"Geauga County, OH",Facility Type (Detailed),Intergovernment agreement with USMS which ICE utilizes,58
Ohio,"Geauga County, OH",Facility Operator,All,58
Ohio,"Geauga County, OH",Facility Operator,County Sheriff Department,58
Ohio,"Geauga County, OH",Facility Owner,All,58
Ohio,"Geauga County, OH",Facility Owner,County,58
Ohio,"Geauga County, OH",Entered ICE Custody by Month,All,58
Ohio,"Geauga County, OH",Entered ICE Custody by Month,2018-07,17
Ohio,"Geauga County, OH",Entered ICE Custody by Month,2018-06,10
Ohio,"Geauga County, OH",Entered ICE Custody by Month,2018-05,7
Ohio,"Geauga County, OH",Entered ICE Custody by Month,2018-03,6
Ohio,"Geauga County, OH",Entered ICE Custody by Month,2018-08,4
Ohio,"Geauga County, OH",Entered ICE Custody by Month,2018-04,4
Ohio,"Geauga County, OH",Entered ICE Custody by Month,2016-08,2
Ohio,"Geauga County, OH",Entered ICE Custody by Month,2017-11,1
Ohio,"Geauga County, OH",Entered ICE Custody by Month,2018-02,1
Ohio,"Geauga County, OH",Entered ICE Custody by Month,2017-08,1
Ohio,"Geauga County, OH",Entered ICE Custody by Month,2017-05,1
Ohio,"Geauga County, OH",Entered ICE Custody by Month,2017-03,1
Ohio,"Geauga County, OH",Entered ICE Custody by Month,2016-12,1
Ohio,"Geauga County, OH",Entered ICE Custody by Month,2016-10,1
Ohio,"Geauga County, OH",Entered ICE Custody by Month,2018-01,1
Ohio,"Geauga County, OH",Time in U.S.,All,58
Ohio,"Geauga County, OH",Time in U.S.,Not Known,19
Ohio,"Geauga County, OH",Time in U.S.,Between 1 and 2 years,8
Ohio,"Geauga County, OH",Time in U.S.,Between 10 and 15 years,6
Ohio,"Geauga County, OH",Time in U.S.,Between 4 and 5 years,5
Ohio,"Geauga County, OH",Time in U.S.,Up to 1 year,4
Ohio,"Geauga County, OH",Time in U.S.,20 years or more,4
Ohio,"Geauga County, OH",Time in U.S.,Between 15 and 20 years,4
Ohio,"Geauga County, OH",Time in U.S.,Between 3 and 4 years,3
Ohio,"Geauga County, OH",Time in U.S.,Between 2 and 3 years,2
Ohio,"Geauga County, OH",Time in U.S.,Between 5 and 6 years,1
Ohio,"Geauga County, OH",Time in U.S.,Between 8 and 9 years,1
Ohio,"Geauga County, OH",Time in U.S.,Between 7 and 8 years,1
Ohio,"Geauga County, OH",Legal Permanent Resident,All,58
Ohio,"Geauga County, OH",Legal Permanent Resident,No,58
Ohio,"Geauga County, OH",Asylum Seeker/Refugee,All,58
Ohio,"Geauga County, OH",Asylum Seeker/Refugee,No,58
Ohio,"Geauga County, OH",Most Serious Criminal Conviction,All,58
Ohio,"Geauga County, OH",Most Serious Criminal Conviction,No Conviction,58
Ohio,"Geauga County, OH",Seriousness Level of MSCC,All,58
Ohio,"Geauga County, OH",Seriousness Level of MSCC,No Conviction,58
Ohio,"Geauga County, OH",Length of Time Since MSCC,All,58
Ohio,"Geauga County, OH",Length of Time Since MSCC,Not Known,58
Ohio,"Geauga County, OH",Gender,All,58
Ohio,"Geauga County, OH",Gender,Male,52
Ohio,"Geauga County, OH",Gender,Female,6
Ohio,"Geauga County, OH",Citizenship,All,58
Ohio,"Geauga County, OH",Citizenship,GUATEMALA,16
Ohio,"Geauga County, OH",Citizenship,MEXICO,9
Ohio,"Geauga County, OH",Citizenship,JAMAICA,6
Ohio,"Geauga County, OH",Citizenship,HONDURAS,4
Ohio,"Geauga County, OH",Citizenship,EL SALVADOR,3
Ohio,"Geauga County, OH",Citizenship,CANADA,2
Ohio,"Geauga County, OH",Citizenship,UNKNOWN,2
Ohio,"Geauga County, OH",Citizenship,GAMBIA,2
Ohio,"Geauga County, OH",Citizenship,BENIN,1
Ohio,"Geauga County, OH",Citizenship,UZBEKISTAN,1
Ohio,"Geauga County, OH",Citizenship,ISRAEL,1
Ohio,"Geauga County, OH",Citizenship,LAOS,1
Ohio,"Geauga County, OH",Citizenship,AUSTRALIA,1
Ohio,"Geauga County, OH",Citizenship,EGYPT,1
Ohio,"Geauga County, OH",Citizenship,LIBERIA,1
Ohio,"Geauga County, OH",Citizenship,DOMINICAN REPUBLIC,1
Ohio,"Geauga County, OH",Citizenship,UKRAINE,1
Ohio,"Geauga County, OH",Citizenship,HAITI,1
Ohio,"Geauga County, OH",Citizenship,IRAQ,1
Ohio,"Geauga County, OH",Citizenship,INDIA,1
Ohio,"Geauga County, OH",Citizenship,JORDAN,1
Ohio,"Geauga County, OH",Citizenship,BULGARIA,1
Ohio,"Geauga County, OH",Age Group,All,58
Ohio,"Geauga County, OH",Age Group,Age information witheld by ICE,58
Ohio,"Morrow County, OH",Facility Type,All,44
Ohio,"Morrow County, OH",Facility Type,County Facility,44
Ohio,"Morrow County, OH",Facility Type (Detailed),All,44
Ohio,"Morrow County, OH",Facility Type (Detailed),Intergovernmental Service Agreement: a facility operated by state/local govt,44
Ohio,"Morrow County, OH",Facility Operator,All,44
Ohio,"Morrow County, OH",Facility Operator,County Sheriff Department,44
Ohio,"Morrow County, OH",Facility Owner,All,44
Ohio,"Morrow County, OH",Facility Owner,County,44
Ohio,"Morrow County, OH",Entered ICE Custody by Month,All,44
Ohio,"Morrow County, OH",Entered ICE Custody by Month,2018-07,20
Ohio,"Morrow County, OH",Entered ICE Custody by Month,2018-05,6
Ohio,"Morrow County, OH",Entered ICE Custody by Month,2018-06,6
Ohio,"Morrow County, OH",Entered ICE Custody by Month,2018-08,4
Ohio,"Morrow County, OH",Entered ICE Custody by Month,2018-04,3
Ohio,"Morrow County, OH",Entered ICE Custody by Month,2018-03,2
Ohio,"Morrow County, OH",Entered ICE Custody by Month,2017-10,1
Ohio,"Morrow County, OH",Entered ICE Custody by Month,2017-12,1
Ohio,"Morrow County, OH",Entered ICE Custody by Month,2018-02,1
Ohio,"Morrow County, OH",Time in U.S.,All,44
Ohio,"Morrow County, OH",Time in U.S.,Not Known,22
Ohio,"Morrow County, OH",Time in U.S.,Between 10 and 15 years,7
Ohio,"Morrow County, OH",Time in U.S.,Between 15 and 20 years,5
Ohio,"Morrow County, OH",Time in U.S.,Between 4 and 5 years,4
Ohio,"Morrow County, OH",Time in U.S.,Between 2 and 3 years,2
Ohio,"Morrow County, OH",Time in U.S.,Between 1 and 2 years,2
Ohio,"Morrow County, OH",Time in U.S.,Between 7 and 8 years,1
Ohio,"Morrow County, OH",Time in U.S.,20 years or more,1
Ohio,"Morrow County, OH",Legal Permanent Resident,All,44
Ohio,"Morrow County, OH",Legal Permanent Resident,No,44
Ohio,"Morrow County, OH",Asylum Seeker/Refugee,All,44
Ohio,"Morrow County, OH",Asylum Seeker/Refugee,No,44
Ohio,"Morrow County, OH",Most Serious Criminal Conviction,All,44
Ohio,"Morrow County, OH",Most Serious Criminal Conviction,No Conviction,44
Ohio,"Morrow County, OH",Seriousness Level of MSCC,All,44
Ohio,"Morrow County, OH",Seriousness Level of MSCC,No Conviction,44
Ohio,"Morrow County, OH",Length of Time Since MSCC,All,44
Ohio,"Morrow County, OH",Length of Time Since MSCC,Not Known,44
Ohio,"Morrow County, OH",Gender,All,44
Ohio,"Morrow County, OH",Gender,Male,40
Ohio,"Morrow County, OH",Gender,Female,4
Ohio,"Morrow County, OH",Citizenship,All,44
Ohio,"Morrow County, OH",Citizenship,MEXICO,11
Ohio,"Morrow County, OH",Citizenship,EL SALVADOR,9
Ohio,"Morrow County, OH",Citizenship,GUATEMALA,7
Ohio,"Morrow County, OH",Citizenship,MAURITANIA,3
Ohio,"Morrow County, OH",Citizenship,HONDURAS,2
Ohio,"Morrow County, OH",Citizenship,JORDAN,1
Ohio,"Morrow County, OH",Citizenship,CONGO,1
Ohio,"Morrow County, OH",Citizenship,ROMANIA,1
Ohio,"Morrow County, OH",Citizenship,IVORY COAST,1
Ohio,"Morrow County, OH",Citizenship,CHILE,1
Ohio,"Morrow County, OH",Citizenship,SENEGAL,1
Ohio,"Morrow County, OH",Citizenship,RUSSIA,1
Ohio,"Morrow County, OH",Citizenship,SIERRA LEONE,1
Ohio,"Morrow County, OH",Citizenship,UNITED KINGDOM,1
Ohio,"Morrow County, OH",Citizenship,SOMALIA,1
Ohio,"Morrow County, OH",Citizenship,INDIA,1
Ohio,"Morrow County, OH",Citizenship,FRANCE,1
Ohio,"Morrow County, OH",Age Group,All,44
Ohio,"Morrow County, OH",Age Group,Age information witheld by ICE,44
Massachusetts,"Plymouth County, MA",Facility Type,All,207
Massachusetts,"Plymouth County, MA",Facility Type,County Facility,207
Massachusetts,"Plymouth County, MA",Facility Type (Detailed),All,207
Massachusetts,"Plymouth County, MA",Facility Type (Detailed),Intergovernmental Service Agreement: a facility operated by state/local govt,207
Massachusetts,"Plymouth County, MA",Facility Operator,All,207
Massachusetts,"Plymouth County, MA",Facility Operator,County Sheriff Department,207
Massachusetts,"Plymouth County, MA",Facility Owner,All,207
Massachusetts,"Plymouth County, MA",Facility Owner,County,207
Massachusetts,"Plymouth County, MA",Entered ICE Custody by Month,All,207
Massachusetts,"Plymouth County, MA",Entered ICE Custody by Month,2018-07,51
Massachusetts,"Plymouth County, MA",Entered ICE Custody by Month,2018-06,51
Massachusetts,"Plymouth County, MA",Entered ICE Custody by Month,2018-05,23
Massachusetts,"Plymouth County, MA",Entered ICE Custody by Month,2018-08,17
Massachusetts,"Plymouth County, MA",Entered ICE Custody by Month,2018-04,16
Massachusetts,"Plymouth County, MA",Entered ICE Custody by Month,2018-03,11
Massachusetts,"Plymouth County, MA",Entered ICE Custody by Month,2018-02,9
Massachusetts,"Plymouth County, MA",Entered ICE Custody by Month,2018-01,7
Massachusetts,"Plymouth County, MA",Entered ICE Custody by Month,2017-11,6
Massachusetts,"Plymouth County, MA",Entered ICE Custody by Month,2017-10,5
Massachusetts,"Plymouth County, MA",Entered ICE Custody by Month,2017-09,3
Massachusetts,"Plymouth County, MA",Entered ICE Custody by Month,2017-12,2
Massachusetts,"Plymouth County, MA",Entered ICE Custody by Month,2017-05,2
Massachusetts,"Plymouth County, MA",Entered ICE Custody by Month,2017-07,1
Massachusetts,"Plymouth County, MA",Entered ICE Custody by Month,2017-06,1
Massachusetts,"Plymouth County, MA",Entered ICE Custody by Month,2017-03,1
Massachusetts,"Plymouth County, MA",Entered ICE Custody by Month,2016-12,1
Massachusetts,"Plymouth County, MA",Time in U.S.,All,207
Massachusetts,"Plymouth County, MA",Time in U.S.,Not Known,72
Massachusetts,"Plymouth County, MA",Time in U.S.,Up to 1 year,37
Massachusetts,"Plymouth County, MA",Time in U.S.,Between 15 and 20 years,23
Massachusetts,"Plymouth County, MA",Time in U.S.,20 years or more,19
Massachusetts,"Plymouth County, MA",Time in U.S.,Between 10 and 15 years,18
Massachusetts,"Plymouth County, MA",Time in U.S.,Between 2 and 3 years,11
Massachusetts,"Plymouth County, MA",Time in U.S.,Between 4 and 5 years,7
Massachusetts,"Plymouth County, MA",Time in U.S.,Between 3 and 4 years,5
Massachusetts,"Plymouth County, MA",Time in U.S.,Between 9 and 10 years,5
Massachusetts,"Plymouth County, MA",Time in U.S.,Between 1 and 2 years,4
Massachusetts,"Plymouth County, MA",Time in U.S.,Between 6 and 7 years,2
Massachusetts,"Plymouth County, MA",Time in U.S.,Between 8 and 9 years,2
Massachusetts,"Plymouth County, MA",Time in U.S.,Between 7 and 8 years,2
Massachusetts,"Plymouth County, MA",Legal Permanent Resident,All,207
Massachusetts,"Plymouth County, MA",Legal Permanent Resident,No,207
Massachusetts,"Plymouth County, MA",Asylum Seeker/Refugee,All,207
Massachusetts,"Plymouth County, MA",Asylum Seeker/Refugee,No,207
Massachusetts,"Plymouth County, MA",Most Serious Criminal Conviction,All,207
Massachusetts,"Plymouth County, MA",Most Serious Criminal Conviction,No Conviction,207
Massachusetts,"Plymouth County, MA",Seriousness Level of MSCC,All,207
Massachusetts,"Plymouth County, MA",Seriousness Level of MSCC,No Conviction,207
Massachusetts,"Plymouth County, MA",Length of Time Since MSCC,All,207
Massachusetts,"Plymouth County, MA",Length of Time Since MSCC,Not Known,207
Massachusetts,"Plymouth County, MA",Gender,All,207
Massachusetts,"Plymouth County, MA",Gender,Male,207
Massachusetts,"Plymouth County, MA",Citizenship,All,207
Massachusetts,"Plymouth County, MA",Citizenship,DOMINICAN REPUBLIC,34
Massachusetts,"Plymouth County, MA",Citizenship,EL SALVADOR,30
Massachusetts,"Plymouth County, MA",Citizenship,HONDURAS,21
Massachusetts,"Plymouth County, MA",Citizenship,BRAZIL,18
Massachusetts,"Plymouth County, MA",Citizenship,GUATEMALA,16
Massachusetts,"Plymouth County, MA",Citizenship,MEXICO,13
Massachusetts,"Plymouth County, MA",Citizenship,CAPE VERDE,10
Massachusetts,"Plymouth County, MA",Citizenship,JAMAICA,5
Massachusetts,"Plymouth County, MA",Citizenship,CUBA,5
Massachusetts,"Plymouth County, MA",Citizenship,SOMALIA,4
Massachusetts,"Plymouth County, MA",Citizenship,SPAIN,3
Massachusetts,"Plymouth County, MA",Citizenship,HAITI,3
Massachusetts,"Plymouth County, MA",Citizenship,GEORGIA,3
Massachusetts,"Plymouth County, MA",Citizenship,GHANA,2
Massachusetts,"Plymouth County, MA",Citizenship,BANGLADESH,2
Massachusetts,"Plymouth County, MA",Citizenship,"CHINA, PEOPLES REPUBLIC OF",2
Massachusetts,"Plymouth County, MA",Citizenship,NIGERIA,2
Massachusetts,"Plymouth County, MA",Citizenship,IRAQ,2
Massachusetts,"Plymouth County, MA",Citizenship,PORTUGAL,2
Massachusetts,"Plymouth County, MA",Citizenship,SYRIA,1
Massachusetts,"Plymouth County, MA",Citizenship,ROMANIA,1
Massachusetts,"Plymouth County, MA",Citizenship,TURKEY,1
Massachusetts,"Plymouth County, MA",Citizenship,IVORY COAST,1
Massachusetts,"Plymouth County, MA",Citizenship,SUDAN,1
Massachusetts,"Plymouth County, MA",Citizenship,GREECE,1
Massachusetts,"Plymouth County, MA",Citizenship,ARMENIA,1
Massachusetts,"Plymouth County, MA",Citizenship,SAUDI ARABIA,1
Massachusetts,"Plymouth County, MA",Citizenship,UGANDA,1
Massachusetts,"Plymouth County, MA",Citizenship,TANZANIA,1
Massachusetts,"Plymouth County, MA",Citizenship,AUSTRIA,1
Massachusetts,"Plymouth County, MA",Citizenship,TAJIKISTAN,1
Massachusetts,"Plymouth County, MA",Citizenship,GUINEA-BISSAU,1
Massachusetts,"Plymouth County, MA",Citizenship,MOROCCO,1
Massachusetts,"Plymouth County, MA",Citizenship,SIERRA LEONE,1
Massachusetts,"Plymouth County, MA",Citizenship,ECUADOR,1
Massachusetts,"Plymouth County, MA",Citizenship,PERU,1
Massachusetts,"Plymouth County, MA",Citizenship,IRELAND,1
Massachusetts,"Plymouth County, MA",Citizenship,TOGO,1
Massachusetts,"Plymouth County, MA",Citizenship,TRINIDAD AND TOBAGO,1
Massachusetts,"Plymouth County, MA",Citizenship,UKRAINE,1
Massachusetts,"Plymouth County, MA",Citizenship,LIBERIA,1
Massachusetts,"Plymouth County, MA",Citizenship,COLOMBIA,1
Massachusetts,"Plymouth County, MA",Citizenship,BARBADOS,1
Massachusetts,"Plymouth County, MA",Citizenship,CAMEROON,1
Massachusetts,"Plymouth County, MA",Citizenship,NEPAL,1
Massachusetts,"Plymouth County, MA",Citizenship,NIGER,1
Massachusetts,"Plymouth County, MA",Citizenship,GUINEA,1
Massachusetts,"Plymouth County, MA",Citizenship,KENYA,1
Massachusetts,"Plymouth County, MA",Citizenship,CAMBODIA,1
Massachusetts,"Plymouth County, MA",Age Group,All,207
Massachusetts,"Plymouth County, MA",Age Group,Age information witheld by ICE,207
Massachusetts,"Bristol County, MA",Facility Type,All,200
Massachusetts,"Bristol County, MA",Facility Type,County Facility,200
Massachusetts,"Bristol County, MA",Facility Type (Detailed),All,200
Massachusetts,"Bristol County, MA",Facility Type (Detailed),Intergovernmental Service Agreement: a facility operated by state/local govt,200
Massachusetts,"Bristol County, MA",Facility Operator,All,200
Massachusetts,"Bristol County, MA",Facility Operator,County Sheriff Department,200
Massachusetts,"Bristol County, MA",Facility Owner,All,200
Massachusetts,"Bristol County, MA",Facility Owner,County,200
Massachusetts,"Bristol County, MA",Entered ICE Custody by Month,All,200
Massachusetts,"Bristol County, MA",Entered ICE Custody by Month,2018-07,86
Massachusetts,"Bristol County, MA",Entered ICE Custody by Month,2018-06,44
Massachusetts,"Bristol County, MA",Entered ICE Custody by Month,2018-05,20
Massachusetts,"Bristol County, MA",Entered ICE Custody by Month,2018-04,11
Massachusetts,"Bristol County, MA",Entered ICE Custody by Month,2018-08,10
Massachusetts,"Bristol County, MA",Entered ICE Custody by Month,2018-03,6
Massachusetts,"Bristol County, MA",Entered ICE Custody by Month,2018-02,6
Massachusetts,"Bristol County, MA",Entered ICE Custody by Month,2017-12,3
Massachusetts,"Bristol County, MA",Entered ICE Custody by Month,2017-10,3
Massachusetts,"Bristol County, MA",Entered ICE Custody by Month,2017-11,2
Massachusetts,"Bristol County, MA",Entered ICE Custody by Month,2017-09,2
Massachusetts,"Bristol County, MA",Entered ICE Custody by Month,2017-08,2
Massachusetts,"Bristol County, MA",Entered ICE Custody by Month,2018-01,1
Massachusetts,"Bristol County, MA",Entered ICE Custody by Month,2017-06,1
Massachusetts,"Bristol County, MA",Entered ICE Custody by Month,2017-05,1
Massachusetts,"Bristol County, MA",Entered ICE Custody by Month,2017-04,1
Massachusetts,"Bristol County, MA",Entered ICE Custody by Month,2016-12,1
Massachusetts,"Bristol County, MA",Time in U.S.,All,200
Massachusetts,"Bristol County, MA",Time in U.S.,Not Known,85
Massachusetts,"Bristol County, MA",Time in U.S.,Between 10 and 15 years,28
Massachusetts,"Bristol County, MA",Time in U.S.,20 years or more,23
Massachusetts,"Bristol County, MA",Time in U.S.,Between 15 and 20 years,15
Massachusetts,"Bristol County, MA",Time in U.S.,Between 1 and 2 years,8
Massachusetts,"Bristol County, MA",Time in U.S.,Between 3 and 4 years,7
Massachusetts,"Bristol County, MA",Time in U.S.,Between 4 and 5 years,7
Massachusetts,"Bristol County, MA",Time in U.S.,Between 2 and 3 years,7
Massachusetts,"Bristol County, MA",Time in U.S.,Between 5 and 6 years,7
Massachusetts,"Bristol County, MA",Time in U.S.,Between 8 and 9 years,5
Massachusetts,"Bristol County, MA",Time in U.S.,Between 9 and 10 years,3
Massachusetts,"Bristol County, MA",Time in U.S.,Between 7 and 8 years,3
Massachusetts,"Bristol County, MA",Time in U.S.,Between 6 and 7 years,1
Massachusetts,"Bristol County, MA",Time in U.S.,Up to 1 year,1
Massachusetts,"Bristol County, MA",Legal Permanent Resident,All,200
Massachusetts,"Bristol County, MA",Legal Permanent Resident,No,200
Massachusetts,"Bristol County, MA",Asylum Seeker/Refugee,All,200
Massachusetts,"Bristol County, MA",Asylum Seeker/Refugee,No,200
Massachusetts,"Bristol County, MA",Most Serious Criminal Conviction,All,200
Massachusetts,"Bristol County, MA",Most Serious Criminal Conviction,No Conviction,200
Massachusetts,"Bristol County, MA",Seriousness Level of MSCC,All,200
Massachusetts,"Bristol County, MA",Seriousness Level of MSCC,No Conviction,200
Massachusetts,"Bristol County, MA",Length of Time Since MSCC,All,200
Massachusetts,"Bristol County, MA",Length of Time Since MSCC,Not Known,200
Massachusetts,"Bristol County, MA",Gender,All,200
Massachusetts,"Bristol County, MA",Gender,Male,187
Massachusetts,"Bristol County, MA",Gender,Female,13
Massachusetts,"Bristol County, MA",Citizenship,All,200
Massachusetts,"Bristol County, MA",Citizenship,GUATEMALA,26
Massachusetts,"Bristol County, MA",Citizenship,DOMINICAN REPUBLIC,20
Massachusetts,"Bristol County, MA",Citizenship,BRAZIL,18
Massachusetts,"Bristol County, MA",Citizenship,EL SALVADOR,16
Massachusetts,"Bristol County, MA",Citizenship,JAMAICA,16
Massachusetts,"Bristol County, MA",Citizenship,ECUADOR,13
Massachusetts,"Bristol County, MA",Citizenship,MEXICO,11
Massachusetts,"Bristol County, MA",Citizenship,HONDURAS,10
Massachusetts,"Bristol County, MA",Citizenship,CAPE VERDE,10
Massachusetts,"Bristol County, MA",Citizenship,COLOMBIA,6
Massachusetts,"Bristol County, MA",Citizenship,LIBERIA,5
Massachusetts,"Bristol County, MA",Citizenship,GHANA,3
Massachusetts,"Bristol County, MA",Citizenship,PERU,3
Massachusetts,"Bristol County, MA",Citizenship,HAITI,3
Massachusetts,"Bristol County, MA",Citizenship,CAMBODIA,3
Massachusetts,"Bristol County, MA",Citizenship,PORTUGAL,3
Massachusetts,"Bristol County, MA",Citizenship,"CHINA, PEOPLES REPUBLIC OF",2
Massachusetts,"Bristol County, MA",Citizenship,KENYA,2
Massachusetts,"Bristol County, MA",Citizenship,LAOS,2
Massachusetts,"Bristol County, MA",Citizenship,INDIA,2
Massachusetts,"Bristol County, MA",Citizenship,ITALY,1
Massachusetts,"Bristol County, MA",Citizenship,AZERBAIJAN,1
Massachusetts,"Bristol County, MA",Citizenship,ROMANIA,1
Massachusetts,"Bristol County, MA",Citizenship,BOLIVIA,1
Massachusetts,"Bristol County, MA",Citizenship,ST. KITTS-NEVIS,1
Massachusetts,"Bristol County, MA",Citizenship,BRITISH VIRGIN ISLANDS,1
Massachusetts,"Bristol County, MA",Citizenship,ARMENIA,1
Massachusetts,"Bristol County, MA",Citizenship,NETHERLANDS,1
Massachusetts,"Bristol County, MA",Citizenship,SPAIN,1
Massachusetts,"Bristol County, MA",Citizenship,URUGUAY,1
Massachusetts,"Bristol County, MA",Citizenship,MOROCCO,1
Massachusetts,"Bristol County, MA",Citizenship,SENEGAL,1
Massachusetts,"Bristol County, MA",Citizenship,RUSSIA,1
Massachusetts,"Bristol County, MA",Citizenship,GUYANA,1
Massachusetts,"Bristol County, MA",Citizenship,IRAQ,1
Massachusetts,"Bristol County, MA",Citizenship,UNITED KINGDOM,1
Massachusetts,"Bristol County, MA",Citizenship,TRINIDAD AND TOBAGO,1
Massachusetts,"Bristol County, MA",Citizenship,PAKISTAN,1
Massachusetts,"Bristol County, MA",Citizenship,BANGLADESH,1
Massachusetts,"Bristol County, MA",Citizenship,COSTA RICA,1
Massachusetts,"Bristol County, MA",Citizenship,SOUTH KOREA,1
Massachusetts,"Bristol County, MA",Citizenship,DOMINICA,1
Massachusetts,"Bristol County, MA",Citizenship,BURMA,1
Massachusetts,"Bristol County, MA",Citizenship,ALBANIA,1
Massachusetts,"Bristol County, MA",Citizenship,ST. LUCIA,1
Massachusetts,"Bristol County, MA",Citizenship,NICARAGUA,1
Massachusetts,"Bristol County, MA",Age Group,All,200
Massachusetts,"Bristol County, MA",Age Group,Age information witheld by ICE,200
Massachusetts,"Suffolk County, MA",Facility Type,All,139
Massachusetts,"Suffolk County, MA",Facility Type,County Facility,139
Massachusetts,"Suffolk County, MA",Facility Type (Detailed),All,139
Massachusetts,"Suffolk County, MA",Facility Type (Detailed),Intergovernmental Service Agreement: a facility operated by state/local govt,139
Massachusetts,"Suffolk County, MA",Facility Operator,All,139
Massachusetts,"Suffolk County, MA",Facility Operator,County Sheriff Department,139
Massachusetts,"Suffolk County, MA",Facility Owner,All,139
Massachusetts,"Suffolk County, MA",Facility Owner,County,139
Massachusetts,"Suffolk County, MA",Entered ICE Custody by Month,All,139
Massachusetts,"Suffolk County, MA",Entered ICE Custody by Month,2018-07,51
Massachusetts,"Suffolk County, MA",Entered ICE Custody by Month,2018-06,20
Massachusetts,"Suffolk County, MA",Entered ICE Custody by Month,2018-05,19
Massachusetts,"Suffolk County, MA",Entered ICE Custody by Month,2018-04,13
Massachusetts,"Suffolk County, MA",Entered ICE Custody by Month,2018-02,9
Massachusetts,"Suffolk County, MA",Entered ICE Custody by Month,2018-03,9
Massachusetts,"Suffolk County, MA",Entered ICE Custody by Month,2018-08,6
Massachusetts,"Suffolk County, MA",Entered ICE Custody by Month,2018-01,6
Massachusetts,"Suffolk County, MA",Entered ICE Custody by Month,2017-03,2
Massachusetts,"Suffolk County, MA",Entered ICE Custody by Month,2017-11,1
Massachusetts,"Suffolk County, MA",Entered ICE Custody by Month,2017-10,1
Massachusetts,"Suffolk County, MA",Entered ICE Custody by Month,2017-01,1
Massachusetts,"Suffolk County, MA",Entered ICE Custody by Month,2016-05,1
Massachusetts,"Suffolk County, MA",Time in U.S.,All,139
Massachusetts,"Suffolk County, MA",Time in U.S.,Up to 1 year,51
Massachusetts,"Suffolk County, MA",Time in U.S.,Not Known,33
Massachusetts,"Suffolk County, MA",Time in U.S.,Between 10 and 15 years,11
Massachusetts,"Suffolk County, MA",Time in U.S.,Between 15 and 20 years,8
Massachusetts,"Suffolk County, MA",Time in U.S.,Between 4 and 5 years,8
Massachusetts,"Suffolk County, MA",Time in U.S.,20 years or more,6
Massachusetts,"Suffolk County, MA",Time in U.S.,Between 5 and 6 years,4
Massachusetts,"Suffolk County, MA",Time in U.S.,Between 8 and 9 years,3
Massachusetts,"Suffolk County, MA",Time in U.S.,Between 6 and 7 years,3
Massachusetts,"Suffolk County, MA",Time in U.S.,Between 3 and 4 years,3
Massachusetts,"Suffolk County, MA",Time in U.S.,Between 1 and 2 years,3
Massachusetts,"Suffolk County, MA",Time in U.S.,Between 2 and 3 years,3
Massachusetts,"Suffolk County, MA",Time in U.S.,Between 7 and 8 years,2
Massachusetts,"Suffolk County, MA",Time in U.S.,Between 9 and 10 years,1
Massachusetts,"Suffolk County, MA",Legal Permanent Resident,All,139
Massachusetts,"Suffolk County, MA",Legal Permanent Resident,No,139
Massachusetts,"Suffolk County, MA",Asylum Seeker/Refugee,All,139
Massachusetts,"Suffolk County, MA",Asylum Seeker/Refugee,No,139
Massachusetts,"Suffolk County, MA",Most Serious Criminal Conviction,All,139
Massachusetts,"Suffolk County, MA",Most Serious Criminal Conviction,No Conviction,139
Massachusetts,"Suffolk County, MA",Seriousness Level of MSCC,All,139
Massachusetts,"Suffolk County, MA",Seriousness Level of MSCC,No Conviction,139
Massachusetts,"Suffolk County, MA",Length of Time Since MSCC,All,139
Massachusetts,"Suffolk County, MA",Length of Time Since MSCC,Not Known,139
Massachusetts,"Suffolk County, MA",Gender,All,139
Massachusetts,"Suffolk County, MA",Gender,Male,126
Massachusetts,"Suffolk County, MA",Gender,Female,13
Massachusetts,"Suffolk County, MA",Citizenship,All,139
Massachusetts,"Suffolk County, MA",Citizenship,DOMINICAN REPUBLIC,21
Massachusetts,"Suffolk County, MA",Citizenship,EL SALVADOR,19
Massachusetts,"Suffolk County, MA",Citizenship,BRAZIL,14
Massachusetts,"Suffolk County, MA",Citizenship,GUATEMALA,13
Massachusetts,"Suffolk County, MA",Citizenship,HONDURAS,11
Massachusetts,"Suffolk County, MA",Citizenship,ECUADOR,6
Massachusetts,"Suffolk County, MA",Citizenship,MEXICO,5
Massachusetts,"Suffolk County, MA",Citizenship,HAITI,5
Massachusetts,"Suffolk County, MA",Citizenship,CUBA,4
Massachusetts,"Suffolk County, MA",Citizenship,CAPE VERDE,4
Massachusetts,"Suffolk County, MA",Citizenship,COLOMBIA,4
Massachusetts,"Suffolk County, MA",Citizenship,BANGLADESH,3
Massachusetts,"Suffolk County, MA",Citizenship,NIGERIA,3
Massachusetts,"Suffolk County, MA",Citizenship,"CHINA, PEOPLES REPUBLIC OF",2
Massachusetts,"Suffolk County, MA",Citizenship,PERU,2
Massachusetts,"Suffolk County, MA",Citizenship,LIBYA,2
Massachusetts,"Suffolk County, MA",Citizenship,NICARAGUA,2
Massachusetts,"Suffolk County, MA",Citizenship,JAMAICA,2
Massachusetts,"Suffolk County, MA",Citizenship,CAMBODIA,2
Massachusetts,"Suffolk County, MA",Citizenship,AZERBAIJAN,1
Massachusetts,"Suffolk County, MA",Citizenship,SRI LANKA,1
Massachusetts,"Suffolk County, MA",Citizenship,CANADA,1
Massachusetts,"Suffolk County, MA",Citizenship,UGANDA,1
Massachusetts,"Suffolk County, MA",Citizenship,BELGIUM,1
Massachusetts,"Suffolk County, MA",Citizenship,VENEZUELA,1
Massachusetts,"Suffolk County, MA",Citizenship,GAMBIA,1
Massachusetts,"Suffolk County, MA",Citizenship,VIETNAM,1
Massachusetts,"Suffolk County, MA",Citizenship,ERITREA,1
Massachusetts,"Suffolk County, MA",Citizenship,EGYPT,1
Massachusetts,"Suffolk County, MA",Citizenship,GHANA,1
Massachusetts,"Suffolk County, MA",Citizenship,LIBERIA,1
Massachusetts,"Suffolk County, MA",Citizenship,ALGERIA,1
Massachusetts,"Suffolk County, MA",Citizenship,THAILAND,1
Massachusetts,"Suffolk County, MA",Citizenship,INDIA,1
Massachusetts,"Suffolk County, MA",Age Group,All,139
Massachusetts,"Suffolk County, MA",Age Group,Age information witheld by ICE,139
Massachusetts,"Franklin County, MA",Facility Type,All,42
Massachusetts,"Franklin County, MA",Facility Type,Local Facility,42
Massachusetts,"Franklin County, MA",Facility Type (Detailed),All,42
Massachusetts,"Franklin County, MA",Facility Type (Detailed),Intergovernment agreement with USMS which ICE utilizes,42
Massachusetts,"Franklin County, MA",Facility Operator,All,42
Massachusetts,"Franklin County, MA",Facility Operator,County Sheriff Department,42
Massachusetts,"Franklin County, MA",Facility Owner,All,42
Massachusetts,"Franklin County, MA",Facility Owner,County,42
Massachusetts,"Franklin County, MA",Entered ICE Custody by Month,All,42
Massachusetts,"Franklin County, MA",Entered ICE Custody by Month,2018-07,13
Massachusetts,"Franklin County, MA",Entered ICE Custody by Month,2018-08,6
Massachusetts,"Franklin County, MA",Entered ICE Custody by Month,2018-06,6
Massachusetts,"Franklin County, MA",Entered ICE Custody by Month,2018-05,5
Massachusetts,"Franklin County, MA",Entered ICE Custody by Month,2018-04,5
Massachusetts,"Franklin County, MA",Entered ICE Custody by Month,2018-02,2
Massachusetts,"Franklin County, MA",Entered ICE Custody by Month,2017-12,1
Massachusetts,"Franklin County, MA",Entered ICE Custody by Month,2017-10,1
Massachusetts,"Franklin County, MA",Entered ICE Custody by Month,2017-07,1
Massachusetts,"Franklin County, MA",Entered ICE Custody by Month,2016-08,1
Massachusetts,"Franklin County, MA",Entered ICE Custody by Month,2015-07,1
Massachusetts,"Franklin County, MA",Time in U.S.,All,42
Massachusetts,"Franklin County, MA",Time in U.S.,Not Known,12
Massachusetts,"Franklin County, MA",Time in U.S.,Between 10 and 15 years,9
Massachusetts,"Franklin County, MA",Time in U.S.,20 years or more,6
Massachusetts,"Franklin County, MA",Time in U.S.,Between 15 and 20 years,4
Massachusetts,"Franklin County, MA",Time in U.S.,Between 6 and 7 years,3
Massachusetts,"Franklin County, MA",Time in U.S.,Between 4 and 5 years,2
Massachusetts,"Franklin County, MA",Time in U.S.,Between 8 and 9 years,2
Massachusetts,"Franklin County, MA",Time in U.S.,Between 1 and 2 years,2
Massachusetts,"Franklin County, MA",Time in U.S.,Between 2 and 3 years,1
Massachusetts,"Franklin County, MA",Time in U.S.,Up to 1 year,1
Massachusetts,"Franklin County, MA",Legal Permanent Resident,All,42
Massachusetts,"Franklin County, MA",Legal Permanent Resident,No,42
Massachusetts,"Franklin County, MA",Asylum Seeker/Refugee,All,42
Massachusetts,"Franklin County, MA",Asylum Seeker/Refugee,No,42
Massachusetts,"Franklin County, MA",Most Serious Criminal Conviction,All,42
Massachusetts,"Franklin County, MA",Most Serious Criminal Conviction,No Conviction,42
Massachusetts,"Franklin County, MA",Seriousness Level of MSCC,All,42
Massachusetts,"Franklin County, MA",Seriousness Level of MSCC,No Conviction,42
Massachusetts,"Franklin County, MA",Length of Time Since MSCC,All,42
Massachusetts,"Franklin County, MA",Length of Time Since MSCC,Not Known,42
Massachusetts,"Franklin County, MA",Gender,All,42
Massachusetts,"Franklin County, MA",Gender,Male,42
Massachusetts,"Franklin County, MA",Citizenship,All,42
Massachusetts,"Franklin County, MA",Citizenship,ECUADOR,7
Massachusetts,"Franklin County, MA",Citizenship,JAMAICA,6
Massachusetts,"Franklin County, MA",Citizenship,HAITI,5
Massachusetts,"Franklin County, MA",Citizenship,MEXICO,4
Massachusetts,"Franklin County, MA",Citizenship,BRAZIL,4
Massachusetts,"Franklin County, MA",Citizenship,HONDURAS,3
Massachusetts,"Franklin County, MA",Citizenship,GUATEMALA,3
Massachusetts,"Franklin County, MA",Citizenship,EL SALVADOR,3
Massachusetts,"Franklin County, MA",Citizenship,SYRIA,1
Massachusetts,"Franklin County, MA",Citizenship,POLAND,1
Massachusetts,"Franklin County, MA",Citizenship,CAMEROON,1
Massachusetts,"Franklin County, MA",Citizenship,COLOMBIA,1
Massachusetts,"Franklin County, MA",Citizenship,SOUTH AFRICA,1
Massachusetts,"Franklin County, MA",Citizenship,PERU,1
Massachusetts,"Franklin County, MA",Citizenship,PORTUGAL,1
Massachusetts,"Franklin County, MA",Age Group,All,42
Massachusetts,"Franklin County, MA",Age Group,Age information witheld by ICE,42
Massachusetts,"Barnstable County, MA",Facility Type,All,1
Massachusetts,"Barnstable County, MA",Facility Type,County Facility,1
Massachusetts,"Barnstable County, MA",Facility Type (Detailed),All,1
Massachusetts,"Barnstable County, MA",Facility Type (Detailed),Intergovernmental Service Agreement: a facility operated by state/local govt,1
Massachusetts,"Barnstable County, MA",Facility Operator,All,1
Massachusetts,"Barnstable County, MA",Facility Operator,County,1
Massachusetts,"Barnstable County, MA",Facility Owner,All,1
Massachusetts,"Barnstable County, MA",Facility Owner,Not defined,1
Massachusetts,"Barnstable County, MA",Entered ICE Custody by Month,All,1
Massachusetts,"Barnstable County, MA",Entered ICE Custody by Month,2018-08,1
Massachusetts,"Barnstable County, MA",Time in U.S.,All,1
Massachusetts,"Barnstable County, MA",Time in U.S.,Not Known,1
Massachusetts,"Barnstable County, MA",Legal Permanent Resident,All,1
Massachusetts,"Barnstable County, MA",Legal Permanent Resident,No,1
Massachusetts,"Barnstable County, MA",Asylum Seeker/Refugee,All,1
Massachusetts,"Barnstable County, MA",Asylum Seeker/Refugee,No,1
Massachusetts,"Barnstable County, MA",Most Serious Criminal Conviction,All,1
Massachusetts,"Barnstable County, MA",Most Serious Criminal Conviction,No Conviction,1
Massachusetts,"Barnstable County, MA",Seriousness Level of MSCC,All,1
Massachusetts,"Barnstable County, MA",Seriousness Level of MSCC,No Conviction,1
Massachusetts,"Barnstable County, MA",Length of Time Since MSCC,All,1
Massachusetts,"Barnstable County, MA",Length of Time Since MSCC,Not Known,1
Massachusetts,"Barnstable County, MA",Gender,All,1
Massachusetts,"Barnstable County, MA",Gender,Male,1
Massachusetts,"Barnstable County, MA",Citizenship,All,1
Massachusetts,"Barnstable County, MA",Citizenship,GUATEMALA,1
Massachusetts,"Barnstable County, MA",Age Group,All,1
Massachusetts,"Barnstable County, MA",Age Group,Age information witheld by ICE,1
Mississippi,"Tallahatchie County, MS",Facility Type,All,541
Mississippi,"Tallahatchie County, MS",Facility Type,County Facility,541
Mississippi,"Tallahatchie County, MS",Facility Type (Detailed),All,541
Mississippi,"Tallahatchie County, MS",Facility Type (Detailed),Intergovernment agreement with USMS which ICE utilizes,541
Mississippi,"Tallahatchie County, MS",Facility Operator,All,541
Mississippi,"Tallahatchie County, MS",Facility Operator,CORECIVIC,541
Mississippi,"Tallahatchie County, MS",Facility Owner,All,541
Mississippi,"Tallahatchie County, MS",Facility Owner,CoreCivic (formerly Corrections Corporation of America),541
Mississippi,"Tallahatchie County, MS",Entered ICE Custody by Month,All,541
Mississippi,"Tallahatchie County, MS",Entered ICE Custody by Month,2018-07,495
Mississippi,"Tallahatchie County, MS",Entered ICE Custody by Month,2018-08,35
Mississippi,"Tallahatchie County, MS",Entered ICE Custody by Month,2018-06,9
Mississippi,"Tallahatchie County, MS",Entered ICE Custody by Month,2018-02,1
Mississippi,"Tallahatchie County, MS",Entered ICE Custody by Month,2018-05,1
Mississippi,"Tallahatchie County, MS",Time in U.S.,All,541
Mississippi,"Tallahatchie County, MS",Time in U.S.,Up to 1 year,538
Mississippi,"Tallahatchie County, MS",Time in U.S.,20 years or more,1
Mississippi,"Tallahatchie County, MS",Time in U.S.,Between 2 and 3 years,1
Mississippi,"Tallahatchie County, MS",Time in U.S.,Between 6 and 7 years,1
Mississippi,"Tallahatchie County, MS",Legal Permanent Resident,All,541
Mississippi,"Tallahatchie County, MS",Legal Permanent Resident,No,541
Mississippi,"Tallahatchie County, MS",Asylum Seeker/Refugee,All,541
Mississippi,"Tallahatchie County, MS",Asylum Seeker/Refugee,No,541
Mississippi,"Tallahatchie County, MS",Most Serious Criminal Conviction,All,541
Mississippi,"Tallahatchie County, MS",Most Serious Criminal Conviction,No Conviction,541
Mississippi,"Tallahatchie County, MS",Seriousness Level of MSCC,All,541
Mississippi,"Tallahatchie County, MS",Seriousness Level of MSCC,No Conviction,541
Mississippi,"Tallahatchie County, MS",Length of Time Since MSCC,All,541
Mississippi,"Tallahatchie County, MS",Length of Time Since MSCC,Not Known,541
Mississippi,"Tallahatchie County, MS",Gender,All,541
Mississippi,"Tallahatchie County, MS",Gender,Male,541
Mississippi,"Tallahatchie County, MS",Citizenship,All,541
Mississippi,"Tallahatchie County, MS",Citizenship,INDIA,197
Mississippi,"Tallahatchie County, MS",Citizenship,HONDURAS,54
Mississippi,"Tallahatchie County, MS",Citizenship,GUATEMALA,48
Mississippi,"Tallahatchie County, MS",Citizenship,EL SALVADOR,48
Mississippi,"Tallahatchie County, MS",Citizenship,CUBA,41
Mississippi,"Tallahatchie County, MS",Citizenship,NICARAGUA,34
Mississippi,"Tallahatchie County, MS",Citizenship,BANGLADESH,27
Mississippi,"Tallahatchie County, MS",Citizenship,"CHINA, PEOPLES REPUBLIC OF",22
Mississippi,"Tallahatchie County, MS",Citizenship,MEXICO,17
Mississippi,"Tallahatchie County, MS",Citizenship,NEPAL,15
Mississippi,"Tallahatchie County, MS",Citizenship,SRI LANKA,6
Mississippi,"Tallahatchie County, MS",Citizenship,BRAZIL,4
Mississippi,"Tallahatchie County, MS",Citizenship,PAKISTAN,4
Mississippi,"Tallahatchie County, MS",Citizenship,ERITREA,3
Mississippi,"Tallahatchie County, MS",Citizenship,ECUADOR,3
Mississippi,"Tallahatchie County, MS",Citizenship,DEM REP OF THE CONGO,2
Mississippi,"Tallahatchie County, MS",Citizenship,ALBANIA,2
Mississippi,"Tallahatchie County, MS",Citizenship,ANGOLA,2
Mississippi,"Tallahatchie County, MS",Citizenship,COSTA RICA,1
Mississippi,"Tallahatchie County, MS",Citizenship,YEMEN,1
Mississippi,"Tallahatchie County, MS",Citizenship,UKRAINE,1
Mississippi,"Tallahatchie County, MS",Citizenship,TURKEY,1
Mississippi,"Tallahatchie County, MS",Citizenship,UZBEKISTAN,1
Mississippi,"Tallahatchie County, MS",Citizenship,SYRIA,1
Mississippi,"Tallahatchie County, MS",Citizenship,RUSSIA,1
Mississippi,"Tallahatchie County, MS",Citizenship,UNITED KINGDOM,1
Mississippi,"Tallahatchie County, MS",Citizenship,GEORGIA,1
Mississippi,"Tallahatchie County, MS",Citizenship,VENEZUELA,1
Mississippi,"Tallahatchie County, MS",Citizenship,PERU,1
Mississippi,"Tallahatchie County, MS",Citizenship,EGYPT,1
Mississippi,"Tallahatchie County, MS",Age Group,All,541
Mississippi,"Tallahatchie County, MS",Age Group,Age information witheld by ICE,541
Nevada,"Clark County, NV",Facility Type,All,237
Nevada,"Clark County, NV",Facility Type,Local Facility,237
Nevada,"Clark County, NV",Facility Type (Detailed),All,237
Nevada,"Clark County, NV",Facility Type (Detailed),Intergovernment agreement with USMS which ICE utilizes,237
Nevada,"Clark County, NV",Facility Operator,All,237
Nevada,"Clark County, NV",Facility Operator,City or Municipality,237
Nevada,"Clark County, NV",Facility Owner,All,237
Nevada,"Clark County, NV",Facility Owner,City or Municipality,237
Nevada,"Clark County, NV",Entered ICE Custody by Month,All,237
Nevada,"Clark County, NV",Entered ICE Custody by Month,2018-07,92
Nevada,"Clark County, NV",Entered ICE Custody by Month,2018-06,45
Nevada,"Clark County, NV",Entered ICE Custody by Month,2018-05,33
Nevada,"Clark County, NV",Entered ICE Custody by Month,2018-08,18
Nevada,"Clark County, NV",Entered ICE Custody by Month,2018-04,16
Nevada,"Clark County, NV",Entered ICE Custody by Month,2018-03,11
Nevada,"Clark County, NV",Entered ICE Custody by Month,2018-01,9
Nevada,"Clark County, NV",Entered ICE Custody by Month,2018-02,5
Nevada,"Clark County, NV",Entered ICE Custody by Month,2017-03,2
Nevada,"Clark County, NV",Entered ICE Custody by Month,2017-12,1
Nevada,"Clark County, NV",Entered ICE Custody by Month,2017-11,1
Nevada,"Clark County, NV",Entered ICE Custody by Month,2017-10,1
Nevada,"Clark County, NV",Entered ICE Custody by Month,2017-09,1
Nevada,"Clark County, NV",Entered ICE Custody by Month,2017-07,1
Nevada,"Clark County, NV",Entered ICE Custody by Month,2017-05,1
Nevada,"Clark County, NV",Time in U.S.,All,237
Nevada,"Clark County, NV",Time in U.S.,Not Known,157
Nevada,"Clark County, NV",Time in U.S.,20 years or more,17
Nevada,"Clark County, NV",Time in U.S.,Between 15 and 20 years,14
Nevada,"Clark County, NV",Time in U.S.,Up to 1 year,10
Nevada,"Clark County, NV",Time in U.S.,Between 10 and 15 years,9
Nevada,"Clark County, NV",Time in U.S.,Between 3 and 4 years,8
Nevada,"Clark County, NV",Time in U.S.,Between 6 and 7 years,4
Nevada,"Clark County, NV",Time in U.S.,Between 2 and 3 years,4
Nevada,"Clark County, NV",Time in U.S.,Between 5 and 6 years,4
Nevada,"Clark County, NV",Time in U.S.,Between 9 and 10 years,3
Nevada,"Clark County, NV",Time in U.S.,Between 7 and 8 years,3
Nevada,"Clark County, NV",Time in U.S.,Between 1 and 2 years,2
Nevada,"Clark County, NV",Time in U.S.,Between 4 and 5 years,1
Nevada,"Clark County, NV",Time in U.S.,Between 8 and 9 years,1
Nevada,"Clark County, NV",Legal Permanent Resident,All,237
Nevada,"Clark County, NV",Legal Permanent Resident,No,237
Nevada,"Clark County, NV",Asylum Seeker/Refugee,All,237
Nevada,"Clark County, NV",Asylum Seeker/Refugee,No,237
Nevada,"Clark County, NV",Most Serious Criminal Conviction,All,237
Nevada,"Clark County, NV",Most Serious Criminal Conviction,No Conviction,237
Nevada,"Clark County, NV",Seriousness Level of MSCC,All,237
Nevada,"Clark County, NV",Seriousness Level of MSCC,No Conviction,237
Nevada,"Clark County, NV",Length of Time Since MSCC,All,237
Nevada,"Clark County, NV",Length of Time Since MSCC,Not Known,237
Nevada,"Clark County, NV",Gender,All,237
Nevada,"Clark County, NV",Gender,Male,212
Nevada,"Clark County, NV",Gender,Female,25
Nevada,"Clark County, NV",Citizenship,All,237
Nevada,"Clark County, NV",Citizenship,MEXICO,134
Nevada,"Clark County, NV",Citizenship,EL SALVADOR,32
Nevada,"Clark County, NV",Citizenship,GUATEMALA,15
Nevada,"Clark County, NV",Citizenship,HONDURAS,12
Nevada,"Clark County, NV",Citizenship,CUBA,8
Nevada,"Clark County, NV",Citizenship,"CHINA, PEOPLES REPUBLIC OF",5
Nevada,"Clark County, NV",Citizenship,UNITED KINGDOM,3
Nevada,"Clark County, NV",Citizenship,PHILIPPINES,3
Nevada,"Clark County, NV",Citizenship,AFGHANISTAN,2
Nevada,"Clark County, NV",Citizenship,PERU,2
Nevada,"Clark County, NV",Citizenship,INDIA,2
Nevada,"Clark County, NV",Citizenship,JAMAICA,2
Nevada,"Clark County, NV",Citizenship,BRAZIL,2
Nevada,"Clark County, NV",Citizenship,AUSTRALIA,1
Nevada,"Clark County, NV",Citizenship,HONG KONG,1
Nevada,"Clark County, NV",Citizenship,MALAWI,1
Nevada,"Clark County, NV",Citizenship,SAUDI ARABIA,1
Nevada,"Clark County, NV",Citizenship,RUSSIA,1
Nevada,"Clark County, NV",Citizenship,KENYA,1
Nevada,"Clark County, NV",Citizenship,VENEZUELA,1
Nevada,"Clark County, NV",Citizenship,TUNISIA,1
Nevada,"Clark County, NV",Citizenship,BELIZE,1
Nevada,"Clark County, NV",Citizenship,GHANA,1
Nevada,"Clark County, NV",Citizenship,UKRAINE,1
Nevada,"Clark County, NV",Citizenship,NIGERIA,1
Nevada,"Clark County, NV",Citizenship,NICARAGUA,1
Nevada,"Clark County, NV",Citizenship,ETHIOPIA,1
Nevada,"Clark County, NV",Citizenship,LATVIA,1
Nevada,"Clark County, NV",Age Group,All,237
Nevada,"Clark County, NV",Age Group,Age information witheld by ICE,237
Nevada,"Nye County, NV",Facility Type,All,208
Nevada,"Nye County, NV",Facility Type,Federal Facility,208
Nevada,"Nye County, NV",Facility Type (Detailed),All,208
Nevada,"Nye County, NV",Facility Type (Detailed),Intergovernment agreement with USMS which ICE utilizes,208
Nevada,"Nye County, NV",Facility Operator,All,208
Nevada,"Nye County, NV",Facility Operator,CORECIVIC,208
Nevada,"Nye County, NV",Facility Owner,All,208
Nevada,"Nye County, NV",Facility Owner,CoreCivic (formerly Corrections Corporation of America),208
Nevada,"Nye County, NV",Entered ICE Custody by Month,All,208
Nevada,"Nye County, NV",Entered ICE Custody by Month,2018-07,72
Nevada,"Nye County, NV",Entered ICE Custody by Month,2018-05,51
Nevada,"Nye County, NV",Entered ICE Custody by Month,2018-06,23
Nevada,"Nye County, NV",Entered ICE Custody by Month,2018-03,14
Nevada,"Nye County, NV",Entered ICE Custody by Month,2018-04,12
Nevada,"Nye County, NV",Entered ICE Custody by Month,2018-08,9
Nevada,"Nye County, NV",Entered ICE Custody by Month,2018-02,8
Nevada,"Nye County, NV",Entered ICE Custody by Month,2017-12,7
Nevada,"Nye County, NV",Entered ICE Custody by Month,2017-11,6
Nevada,"Nye County, NV",Entered ICE Custody by Month,2017-09,2
Nevada,"Nye County, NV",Entered ICE Custody by Month,2018-01,1
Nevada,"Nye County, NV",Entered ICE Custody by Month,2017-08,1
Nevada,"Nye County, NV",Entered ICE Custody by Month,2017-06,1
Nevada,"Nye County, NV",Entered ICE Custody by Month,2015-11,1
Nevada,"Nye County, NV",Time in U.S.,All,208
Nevada,"Nye County, NV",Time in U.S.,Not Known,116
Nevada,"Nye County, NV",Time in U.S.,Up to 1 year,37
Nevada,"Nye County, NV",Time in U.S.,Between 15 and 20 years,13
Nevada,"Nye County, NV",Time in U.S.,Between 10 and 15 years,9
Nevada,"Nye County, NV",Time in U.S.,20 years or more,8
Nevada,"Nye County, NV",Time in U.S.,Between 4 and 5 years,7
Nevada,"Nye County, NV",Time in U.S.,Between 2 and 3 years,4
Nevada,"Nye County, NV",Time in U.S.,Between 5 and 6 years,3
Nevada,"Nye County, NV",Time in U.S.,Between 6 and 7 years,3
Nevada,"Nye County, NV",Time in U.S.,Between 1 and 2 years,2
Nevada,"Nye County, NV",Time in U.S.,Between 3 and 4 years,2
Nevada,"Nye County, NV",Time in U.S.,Between 9 and 10 years,2
Nevada,"Nye County, NV",Time in U.S.,Between 7 and 8 years,2
Nevada,"Nye County, NV",Legal Permanent Resident,All,208
Nevada,"Nye County, NV",Legal Permanent Resident,No,208
Nevada,"Nye County, NV",Asylum Seeker/Refugee,All,208
Nevada,"Nye County, NV",Asylum Seeker/Refugee,No,208
Nevada,"Nye County, NV",Most Serious Criminal Conviction,All,208
Nevada,"Nye County, NV",Most Serious Criminal Conviction,No Conviction,208
Nevada,"Nye County, NV",Seriousness Level of MSCC,All,208
Nevada,"Nye County, NV",Seriousness Level of MSCC,No Conviction,208
Nevada,"Nye County, NV",Length of Time Since MSCC,All,208
Nevada,"Nye County, NV",Length of Time Since MSCC,Not Known,208
Nevada,"Nye County, NV",Gender,All,208
Nevada,"Nye County, NV",Gender,Male,167
Nevada,"Nye County, NV",Gender,Female,41
Nevada,"Nye County, NV",Citizenship,All,208
Nevada,"Nye County, NV",Citizenship,MEXICO,98
Nevada,"Nye County, NV",Citizenship,EL SALVADOR,27
Nevada,"Nye County, NV",Citizenship,GUATEMALA,22
Nevada,"Nye County, NV",Citizenship,HONDURAS,15
Nevada,"Nye County, NV",Citizenship,"CHINA, PEOPLES REPUBLIC OF",10
Nevada,"Nye County, NV",Citizenship,CUBA,7
Nevada,"Nye County, NV",Citizenship,INDIA,4
Nevada,"Nye County, NV",Citizenship,JAMAICA,2
Nevada,"Nye County, NV",Citizenship,PHILIPPINES,2
Nevada,"Nye County, NV",Citizenship,UKRAINE,2
Nevada,"Nye County, NV",Citizenship,RUSSIA,1
Nevada,"Nye County, NV",Citizenship,MOLDOVA,1
Nevada,"Nye County, NV",Citizenship,SAMOA,1
Nevada,"Nye County, NV",Citizenship,CHILE,1
Nevada,"Nye County, NV",Citizenship,ARMENIA,1
Nevada,"Nye County, NV",Citizenship,MARSHALL ISLANDS,1
Nevada,"Nye County, NV",Citizenship,SUDAN,1
Nevada,"Nye County, NV",Citizenship,HUNGARY,1
Nevada,"Nye County, NV",Citizenship,POLAND,1
Nevada,"Nye County, NV",Citizenship,SOUTH KOREA,1
Nevada,"Nye County, NV",Citizenship,NICARAGUA,1
Nevada,"Nye County, NV",Citizenship,ECUADOR,1
Nevada,"Nye County, NV",Citizenship,SOMALIA,1
Nevada,"Nye County, NV",Citizenship,UNITED KINGDOM,1
Nevada,"Nye County, NV",Citizenship,GHANA,1
Nevada,"Nye County, NV",Citizenship,BELIZE,1
Nevada,"Nye County, NV",Citizenship,ERITREA,1
Nevada,"Nye County, NV",Citizenship,VIETNAM,1
Nevada,"Nye County, NV",Citizenship,BURUNDI,1
Nevada,"Nye County, NV",Age Group,All,208
Nevada,"Nye County, NV",Age Group,Age information witheld by ICE,208
Nevada,"Washoe County, NV",Facility Type,All,19
Nevada,"Washoe County, NV",Facility Type,County Facility,19
Nevada,"Washoe County, NV",Facility Type (Detailed),All,19
Nevada,"Washoe County, NV",Facility Type (Detailed),Intergovernment agreement with USMS which ICE utilizes,19
Nevada,"Washoe County, NV",Facility Operator,All,19
Nevada,"Washoe County, NV",Facility Operator,County Sheriff Department,19
Nevada,"Washoe County, NV",Facility Owner,All,19
Nevada,"Washoe County, NV",Facility Owner,County,19
Nevada,"Washoe County, NV",Entered ICE Custody by Month,All,19
Nevada,"Washoe County, NV",Entered ICE Custody by Month,2018-07,13
Nevada,"Washoe County, NV",Entered ICE Custody by Month,2018-08,3
Nevada,"Washoe County, NV",Entered ICE Custody by Month,2018-06,2
Nevada,"Washoe County, NV",Entered ICE Custody by Month,2018-04,1
Nevada,"Washoe County, NV",Time in U.S.,All,19
Nevada,"Washoe County, NV",Time in U.S.,Not Known,11
Nevada,"Washoe County, NV",Time in U.S.,Between 10 and 15 years,2
Nevada,"Washoe County, NV",Time in U.S.,Between 2 and 3 years,2
Nevada,"Washoe County, NV",Time in U.S.,Between 3 and 4 years,2
Nevada,"Washoe County, NV",Time in U.S.,20 years or more,1
Nevada,"Washoe County, NV",Time in U.S.,Between 8 and 9 years,1
Nevada,"Washoe County, NV",Legal Permanent Resident,All,19
Nevada,"Washoe County, NV",Legal Permanent Resident,No,19
Nevada,"Washoe County, NV",Asylum Seeker/Refugee,All,19
Nevada,"Washoe County, NV",Asylum Seeker/Refugee,No,19
Nevada,"Washoe County, NV",Most Serious Criminal Conviction,All,19
Nevada,"Washoe County, NV",Most Serious Criminal Conviction,No Conviction,19
Nevada,"Washoe County, NV",Seriousness Level of MSCC,All,19
Nevada,"Washoe County, NV",Seriousness Level of MSCC,No Conviction,19
Nevada,"Washoe County, NV",Length of Time Since MSCC,All,19
Nevada,"Washoe County, NV",Length of Time Since MSCC,Not Known,19
Nevada,"Washoe County, NV",Gender,All,19
Nevada,"Washoe County, NV",Gender,Male,19
Nevada,"Washoe County, NV",Citizenship,All,19
Nevada,"Washoe County, NV",Citizenship,MEXICO,11
Nevada,"Washoe County, NV",Citizenship,HONDURAS,2
Nevada,"Washoe County, NV",Citizenship,NICARAGUA,1
Nevada,"Washoe County, NV",Citizenship,GUATEMALA,1
Nevada,"Washoe County, NV",Citizenship,INDIA,1
Nevada,"Washoe County, NV",Citizenship,GHANA,1
Nevada,"Washoe County, NV",Citizenship,KENYA,1
Nevada,"Washoe County, NV",Citizenship,LITHUANIA,1
Nevada,"Washoe County, NV",Age Group,All,19
Nevada,"Washoe County, NV",Age Group,Age information witheld by ICE,19
Minnesota,"Sherburne County, MN",Facility Type,All,306
Minnesota,"Sherburne County, MN",Facility Type,County Facility,306
Minnesota,"Sherburne County, MN",Facility Type (Detailed),All,306
Minnesota,"Sherburne County, MN",Facility Type (Detailed),Intergovernment agreement with USMS which ICE utilizes,306
Minnesota,"Sherburne County, MN",Facility Operator,All,306
Minnesota,"Sherburne County, MN",Facility Operator,County Sheriff Department,306
Minnesota,"Sherburne County, MN",Facility Owner,All,306
Minnesota,"Sherburne County, MN",Facility Owner,County,306
Minnesota,"Sherburne County, MN",Entered ICE Custody by Month,All,306
Minnesota,"Sherburne County, MN",Entered ICE Custody by Month,2018-07,101
Minnesota,"Sherburne County, MN",Entered ICE Custody by Month,2018-06,44
Minnesota,"Sherburne County, MN",Entered ICE Custody by Month,2018-05,29
Minnesota,"Sherburne County, MN",Entered ICE Custody by Month,2018-08,22
Minnesota,"Sherburne County, MN",Entered ICE Custody by Month,2018-02,20
Minnesota,"Sherburne County, MN",Entered ICE Custody by Month,2018-01,15
Minnesota,"Sherburne County, MN",Entered ICE Custody by Month,2018-03,15
Minnesota,"Sherburne County, MN",Entered ICE Custody by Month,2018-04,13
Minnesota,"Sherburne County, MN",Entered ICE Custody by Month,2017-12,11
Minnesota,"Sherburne County, MN",Entered ICE Custody by Month,2017-09,7
Minnesota,"Sherburne County, MN",Entered ICE Custody by Month,2017-10,5
Minnesota,"Sherburne County, MN",Entered ICE Custody by Month,2017-08,4
Minnesota,"Sherburne County, MN",Entered ICE Custody by Month,2017-11,4
Minnesota,"Sherburne County, MN",Entered ICE Custody by Month,2017-07,4
Minnesota,"Sherburne County, MN",Entered ICE Custody by Month,2017-06,3
Minnesota,"Sherburne County, MN",Entered ICE Custody by Month,2017-04,2
Minnesota,"Sherburne County, MN",Entered ICE Custody by Month,2017-05,2
Minnesota,"Sherburne County, MN",Entered ICE Custody by Month,2017-02,1
Minnesota,"Sherburne County, MN",Entered ICE Custody by Month,2017-01,1
Minnesota,"Sherburne County, MN",Entered ICE Custody by Month,2016-12,1
Minnesota,"Sherburne County, MN",Entered ICE Custody by Month,2016-10,1
Minnesota,"Sherburne County, MN",Entered ICE Custody by Month,2016-07,1
Minnesota,"Sherburne County, MN",Time in U.S.,All,306
Minnesota,"Sherburne County, MN",Time in U.S.,Not Known,127
Minnesota,"Sherburne County, MN",Time in U.S.,Between 15 and 20 years,46
Minnesota,"Sherburne County, MN",Time in U.S.,Between 10 and 15 years,37
Minnesota,"Sherburne County, MN",Time in U.S.,20 years or more,28
Minnesota,"Sherburne County, MN",Time in U.S.,Up to 1 year,12
Minnesota,"Sherburne County, MN",Time in U.S.,Between 4 and 5 years,9
Minnesota,"Sherburne County, MN",Time in U.S.,Between 1 and 2 years,9
Minnesota,"Sherburne County, MN",Time in U.S.,Between 3 and 4 years,8
Minnesota,"Sherburne County, MN",Time in U.S.,Between 2 and 3 years,7
Minnesota,"Sherburne County, MN",Time in U.S.,Between 5 and 6 years,7
Minnesota,"Sherburne County, MN",Time in U.S.,Between 7 and 8 years,7
Minnesota,"Sherburne County, MN",Time in U.S.,Between 8 and 9 years,5
Minnesota,"Sherburne County, MN",Time in U.S.,Between 6 and 7 years,2
Minnesota,"Sherburne County, MN",Time in U.S.,Between 9 and 10 years,2
Minnesota,"Sherburne County, MN",Legal Permanent Resident,All,306
Minnesota,"Sherburne County, MN",Legal Permanent Resident,No,306
Minnesota,"Sherburne County, MN",Asylum Seeker/Refugee,All,306
Minnesota,"Sherburne County, MN",Asylum Seeker/Refugee,No,306
Minnesota,"Sherburne County, MN",Most Serious Criminal Conviction,All,306
Minnesota,"Sherburne County, MN",Most Serious Criminal Conviction,No Conviction,306
Minnesota,"Sherburne County, MN",Seriousness Level of MSCC,All,306
Minnesota,"Sherburne County, MN",Seriousness Level of MSCC,No Conviction,306
Minnesota,"Sherburne County, MN",Length of Time Since MSCC,All,306
Minnesota,"Sherburne County, MN",Length of Time Since MSCC,Not Known,306
Minnesota,"Sherburne County, MN",Gender,All,306
Minnesota,"Sherburne County, MN",Gender,Male,294
Minnesota,"Sherburne County, MN",Gender,Female,12
Minnesota,"Sherburne County, MN",Citizenship,All,306
Minnesota,"Sherburne County, MN",Citizenship,MEXICO,106
Minnesota,"Sherburne County, MN",Citizenship,SOMALIA,25
Minnesota,"Sherburne County, MN",Citizenship,EL SALVADOR,22
Minnesota,"Sherburne County, MN",Citizenship,LIBERIA,21
Minnesota,"Sherburne County, MN",Citizenship,GUATEMALA,17
Minnesota,"Sherburne County, MN",Citizenship,ECUADOR,15
Minnesota,"Sherburne County, MN",Citizenship,SOUTH SUDAN,10
Minnesota,"Sherburne County, MN",Citizenship,HONDURAS,9
Minnesota,"Sherburne County, MN",Citizenship,GHANA,9
Minnesota,"Sherburne County, MN",Citizenship,KENYA,6
Minnesota,"Sherburne County, MN",Citizenship,GUYANA,5
Minnesota,"Sherburne County, MN",Citizenship,LAOS,5
Minnesota,"Sherburne County, MN",Citizenship,SUDAN,4
Minnesota,"Sherburne County, MN",Citizenship,NICARAGUA,3
Minnesota,"Sherburne County, MN",Citizenship,BURMA,3
Minnesota,"Sherburne County, MN",Citizenship,RUSSIA,3
Minnesota,"Sherburne County, MN",Citizenship,IRAQ,3
Minnesota,"Sherburne County, MN",Citizenship,CAMBODIA,3
Minnesota,"Sherburne County, MN",Citizenship,ERITREA,2
Minnesota,"Sherburne County, MN",Citizenship,COLOMBIA,2
Minnesota,"Sherburne County, MN",Citizenship,BHUTAN,2
Minnesota,"Sherburne County, MN",Citizenship,UNKNOWN,2
Minnesota,"Sherburne County, MN",Citizenship,NIGERIA,2
Minnesota,"Sherburne County, MN",Citizenship,JAMAICA,2
Minnesota,"Sherburne County, MN",Citizenship,INDIA,2
Minnesota,"Sherburne County, MN",Citizenship,ETHIOPIA,2
Minnesota,"Sherburne County, MN",Citizenship,MALAWI,1
Minnesota,"Sherburne County, MN",Citizenship,UZBEKISTAN,1
Minnesota,"Sherburne County, MN",Citizenship,FINLAND,1
Minnesota,"Sherburne County, MN",Citizenship,SAUDI ARABIA,1
Minnesota,"Sherburne County, MN",Citizenship,GABON,1
Minnesota,"Sherburne County, MN",Citizenship,URUGUAY,1
Minnesota,"Sherburne County, MN",Citizenship,TANZANIA,1
Minnesota,"Sherburne County, MN",Citizenship,BURUNDI,1
Minnesota,"Sherburne County, MN",Citizenship,BOLIVIA,1
Minnesota,"Sherburne County, MN",Citizenship,FIJI,1
Minnesota,"Sherburne County, MN",Citizenship,PHILIPPINES,1
Minnesota,"Sherburne County, MN",Citizenship,PERU,1
Minnesota,"Sherburne County, MN",Citizenship,KOREA,1
Minnesota,"Sherburne County, MN",Citizenship,ZIMBABWE,1
Minnesota,"Sherburne County, MN",Citizenship,CAMEROON,1
Minnesota,"Sherburne County, MN",Citizenship,GAMBIA,1
Minnesota,"Sherburne County, MN",Citizenship,"CHINA, PEOPLES REPUBLIC OF",1
Minnesota,"Sherburne County, MN",Citizenship,MOLDOVA,1
Minnesota,"Sherburne County, MN",Citizenship,SENEGAL,1
Minnesota,"Sherburne County, MN",Citizenship,CANADA,1
Minnesota,"Sherburne County, MN",Citizenship,CUBA,1
Minnesota,"Sherburne County, MN",Age Group,All,306
Minnesota,"Sherburne County, MN",Age Group,Age information witheld by ICE,306
Minnesota,"Freeborn County, MN",Facility Type,All,87
Minnesota,"Freeborn County, MN",Facility Type,County Facility,87
Minnesota,"Freeborn County, MN",Facility Type (Detailed),All,87
Minnesota,"Freeborn County, MN",Facility Type (Detailed),Intergovernmental Service Agreement: a facility operated by state/local govt,87
Minnesota,"Freeborn County, MN",Facility Operator,All,87
Minnesota,"Freeborn County, MN",Facility Operator,County Sheriff Department,87
Minnesota,"Freeborn County, MN",Facility Owner,All,87
Minnesota,"Freeborn County, MN",Facility Owner,County,87
Minnesota,"Freeborn County, MN",Entered ICE Custody by Month,All,87
Minnesota,"Freeborn County, MN",Entered ICE Custody by Month,2018-07,21
Minnesota,"Freeborn County, MN",Entered ICE Custody by Month,2018-05,11
Minnesota,"Freeborn County, MN",Entered ICE Custody by Month,2018-06,9
Minnesota,"Freeborn County, MN",Entered ICE Custody by Month,2018-03,8
Minnesota,"Freeborn County, MN",Entered ICE Custody by Month,2017-12,6
Minnesota,"Freeborn County, MN",Entered ICE Custody by Month,2018-04,6
Minnesota,"Freeborn County, MN",Entered ICE Custody by Month,2018-08,5
Minnesota,"Freeborn County, MN",Entered ICE Custody by Month,2017-11,4
Minnesota,"Freeborn County, MN",Entered ICE Custody by Month,2018-01,4
Minnesota,"Freeborn County, MN",Entered ICE Custody by Month,2018-02,3
Minnesota,"Freeborn County, MN",Entered ICE Custody by Month,2017-10,2
Minnesota,"Freeborn County, MN",Entered ICE Custody by Month,2017-09,2
Minnesota,"Freeborn County, MN",Entered ICE Custody by Month,2017-06,2
Minnesota,"Freeborn County, MN",Entered ICE Custody by Month,2017-03,1
Minnesota,"Freeborn County, MN",Entered ICE Custody by Month,2017-07,1
Minnesota,"Freeborn County, MN",Entered ICE Custody by Month,2017-08,1
Minnesota,"Freeborn County, MN",Entered ICE Custody by Month,2016-10,1
Minnesota,"Freeborn County, MN",Time in U.S.,All,87
Minnesota,"Freeborn County, MN",Time in U.S.,Not Known,34
Minnesota,"Freeborn County, MN",Time in U.S.,Between 15 and 20 years,17
Minnesota,"Freeborn County, MN",Time in U.S.,Between 10 and 15 years,10
Minnesota,"Freeborn County, MN",Time in U.S.,20 years or more,8
Minnesota,"Freeborn County, MN",Time in U.S.,Between 5 and 6 years,5
Minnesota,"Freeborn County, MN",Time in U.S.,Between 2 and 3 years,4
Minnesota,"Freeborn County, MN",Time in U.S.,Between 8 and 9 years,2
Minnesota,"Freeborn County, MN",Time in U.S.,Between 9 and 10 years,2
Minnesota,"Freeborn County, MN",Time in U.S.,Between 6 and 7 years,2
Minnesota,"Freeborn County, MN",Time in U.S.,Up to 1 year,2
Minnesota,"Freeborn County, MN",Time in U.S.,Between 4 and 5 years,1
Minnesota,"Freeborn County, MN",Legal Permanent Resident,All,87
Minnesota,"Freeborn County, MN",Legal Permanent Resident,No,87
Minnesota,"Freeborn County, MN",Asylum Seeker/Refugee,All,87
Minnesota,"Freeborn County, MN",Asylum Seeker/Refugee,No,87
Minnesota,"Freeborn County, MN",Most Serious Criminal Conviction,All,87
Minnesota,"Freeborn County, MN",Most Serious Criminal Conviction,No Conviction,87
Minnesota,"Freeborn County, MN",Seriousness Level of MSCC,All,87
Minnesota,"Freeborn County, MN",Seriousness Level of MSCC,No Conviction,87
Minnesota,"Freeborn County, MN",Length of Time Since MSCC,All,87
Minnesota,"Freeborn County, MN",Length of Time Since MSCC,Not Known,87
Minnesota,"Freeborn County, MN",Gender,All,87
Minnesota,"Freeborn County, MN",Gender,Male,87
Minnesota,"Freeborn County, MN",Citizenship,All,87
Minnesota,"Freeborn County, MN",Citizenship,MEXICO,25
Minnesota,"Freeborn County, MN",Citizenship,GUATEMALA,11
Minnesota,"Freeborn County, MN",Citizenship,SOUTH SUDAN,9
Minnesota,"Freeborn County, MN",Citizenship,SOMALIA,8
Minnesota,"Freeborn County, MN",Citizenship,HONDURAS,6
Minnesota,"Freeborn County, MN",Citizenship,LIBERIA,6
Minnesota,"Freeborn County, MN",Citizenship,SUDAN,4
Minnesota,"Freeborn County, MN",Citizenship,NIGERIA,4
Minnesota,"Freeborn County, MN",Citizenship,EL SALVADOR,3
Minnesota,"Freeborn County, MN",Citizenship,BURMA,2
Minnesota,"Freeborn County, MN",Citizenship,LAOS,2
Minnesota,"Freeborn County, MN",Citizenship,ERITREA,1
Minnesota,"Freeborn County, MN",Citizenship,VIETNAM,1
Minnesota,"Freeborn County, MN",Citizenship,TRINIDAD AND TOBAGO,1
Minnesota,"Freeborn County, MN",Citizenship,ECUADOR,1
Minnesota,"Freeborn County, MN",Citizenship,IVORY COAST,1
Minnesota,"Freeborn County, MN",Citizenship,ETHIOPIA,1
Minnesota,"Freeborn County, MN",Citizenship,"CHINA, PEOPLES REPUBLIC OF",1
Minnesota,"Freeborn County, MN",Age Group,All,87
Minnesota,"Freeborn County, MN",Age Group,Age information witheld by ICE,87
Minnesota,"Carver County, MN",Facility Type,All,27
Minnesota,"Carver County, MN",Facility Type,County Facility,27
Minnesota,"Carver County, MN",Facility Type (Detailed),All,27
Minnesota,"Carver County, MN",Facility Type (Detailed),Intergovernmental Service Agreement: a facility operated by state/local govt,27
Minnesota,"Carver County, MN",Facility Operator,All,27
Minnesota,"Carver County, MN",Facility Operator,County Sheriff Department,27
Minnesota,"Carver County, MN",Facility Owner,All,27
Minnesota,"Carver County, MN",Facility Owner,County,27
Minnesota,"Carver County, MN",Entered ICE Custody by Month,All,27
Minnesota,"Carver County, MN",Entered ICE Custody by Month,2018-07,5
Minnesota,"Carver County, MN",Entered ICE Custody by Month,2018-08,4
Minnesota,"Carver County, MN",Entered ICE Custody by Month,2018-05,3
Minnesota,"Carver County, MN",Entered ICE Custody by Month,2017-05,3
Minnesota,"Carver County, MN",Entered ICE Custody by Month,2018-04,2
Minnesota,"Carver County, MN",Entered ICE Custody by Month,2017-07,2
Minnesota,"Carver County, MN",Entered ICE Custody by Month,2018-06,2
Minnesota,"Carver County, MN",Entered ICE Custody by Month,2018-02,2
Minnesota,"Carver County, MN",Entered ICE Custody by Month,2017-12,1
Minnesota,"Carver County, MN",Entered ICE Custody by Month,2018-01,1
Minnesota,"Carver County, MN",Entered ICE Custody by Month,2017-10,1
Minnesota,"Carver County, MN",Entered ICE Custody by Month,2017-06,1
Minnesota,"Carver County, MN",Time in U.S.,All,27
Minnesota,"Carver County, MN",Time in U.S.,Between 15 and 20 years,7
Minnesota,"Carver County, MN",Time in U.S.,Not Known,6
Minnesota,"Carver County, MN",Time in U.S.,Between 10 and 15 years,6
Minnesota,"Carver County, MN",Time in U.S.,20 years or more,2
Minnesota,"Carver County, MN",Time in U.S.,Between 3 and 4 years,2
Minnesota,"Carver County, MN",Time in U.S.,Between 5 and 6 years,1
Minnesota,"Carver County, MN",Time in U.S.,Between 1 and 2 years,1
Minnesota,"Carver County, MN",Time in U.S.,Between 6 and 7 years,1
Minnesota,"Carver County, MN",Time in U.S.,Between 9 and 10 years,1
Minnesota,"Carver County, MN",Legal Permanent Resident,All,27
Minnesota,"Carver County, MN",Legal Permanent Resident,No,27
Minnesota,"Carver County, MN",Asylum Seeker/Refugee,All,27
Minnesota,"Carver County, MN",Asylum Seeker/Refugee,No,27
Minnesota,"Carver County, MN",Most Serious Criminal Conviction,All,27
Minnesota,"Carver County, MN",Most Serious Criminal Conviction,No Conviction,27
Minnesota,"Carver County, MN",Seriousness Level of MSCC,All,27
Minnesota,"Carver County, MN",Seriousness Level of MSCC,No Conviction,27
Minnesota,"Carver County, MN",Length of Time Since MSCC,All,27
Minnesota,"Carver County, MN",Length of Time Since MSCC,Not Known,27
Minnesota,"Carver County, MN",Gender,All,27
Minnesota,"Carver County, MN",Gender,Male,22
Minnesota,"Carver County, MN",Gender,Female,5
Minnesota,"Carver County, MN",Citizenship,All,27
Minnesota,"Carver County, MN",Citizenship,MEXICO,5
Minnesota,"Carver County, MN",Citizenship,SOMALIA,4
Minnesota,"Carver County, MN",Citizenship,LIBERIA,3
Minnesota,"Carver County, MN",Citizenship,GUATEMALA,3
Minnesota,"Carver County, MN",Citizenship,HONDURAS,2
Minnesota,"Carver County, MN",Citizenship,KENYA,2
Minnesota,"Carver County, MN",Citizenship,IRAQ,1
Minnesota,"Carver County, MN",Citizenship,BURKINA FASO,1
Minnesota,"Carver County, MN",Citizenship,SOUTH SUDAN,1
Minnesota,"Carver County, MN",Citizenship,RUSSIA,1
Minnesota,"Carver County, MN",Citizenship,BURMA,1
Minnesota,"Carver County, MN",Citizenship,EL SALVADOR,1
Minnesota,"Carver County, MN",Citizenship,DOMINICAN REPUBLIC,1
Minnesota,"Carver County, MN",Citizenship,LAOS,1
Minnesota,"Carver County, MN",Age Group,All,27
Minnesota,"Carver County, MN",Age Group,Age information witheld by ICE,27
Minnesota,"Kandiyohi County, MN",Facility Type,All,21
Minnesota,"Kandiyohi County, MN",Facility Type,County Facility,21
Minnesota,"Kandiyohi County, MN",Facility Type (Detailed),All,21
Minnesota,"Kandiyohi County, MN",Facility Type (Detailed),Intergovernmental Service Agreement: a facility operated by state/local govt,21
Minnesota,"Kandiyohi County, MN",Facility Operator,All,21
Minnesota,"Kandiyohi County, MN",Facility Operator,County Sheriff Department,21
Minnesota,"Kandiyohi County, MN",Facility Owner,All,21
Minnesota,"Kandiyohi County, MN",Facility Owner,County,21
Minnesota,"Kandiyohi County, MN",Entered ICE Custody by Month,All,21
Minnesota,"Kandiyohi County, MN",Entered ICE Custody by Month,2017-05,3
Minnesota,"Kandiyohi County, MN",Entered ICE Custody by Month,2017-03,2
Minnesota,"Kandiyohi County, MN",Entered ICE Custody by Month,2018-03,2
Minnesota,"Kandiyohi County, MN",Entered ICE Custody by Month,2017-12,2
Minnesota,"Kandiyohi County, MN",Entered ICE Custody by Month,2017-11,2
Minnesota,"Kandiyohi County, MN",Entered ICE Custody by Month,2017-09,2
Minnesota,"Kandiyohi County, MN",Entered ICE Custody by Month,2018-04,2
Minnesota,"Kandiyohi County, MN",Entered ICE Custody by Month,2017-08,1
Minnesota,"Kandiyohi County, MN",Entered ICE Custody by Month,2017-07,1
Minnesota,"Kandiyohi County, MN",Entered ICE Custody by Month,2017-06,1
Minnesota,"Kandiyohi County, MN",Entered ICE Custody by Month,2018-01,1
Minnesota,"Kandiyohi County, MN",Entered ICE Custody by Month,2018-02,1
Minnesota,"Kandiyohi County, MN",Entered ICE Custody by Month,2017-04,1
Minnesota,"Kandiyohi County, MN",Time in U.S.,All,21
Minnesota,"Kandiyohi County, MN",Time in U.S.,Between 10 and 15 years,6
Minnesota,"Kandiyohi County, MN",Time in U.S.,Between 15 and 20 years,5
Minnesota,"Kandiyohi County, MN",Time in U.S.,20 years or more,3
Minnesota,"Kandiyohi County, MN",Time in U.S.,Between 3 and 4 years,3
Minnesota,"Kandiyohi County, MN",Time in U.S.,Between 7 and 8 years,1
Minnesota,"Kandiyohi County, MN",Time in U.S.,Not Known,1
Minnesota,"Kandiyohi County, MN",Time in U.S.,Between 2 and 3 years,1
Minnesota,"Kandiyohi County, MN",Time in U.S.,Between 1 and 2 years,1
Minnesota,"Kandiyohi County, MN",Legal Permanent Resident,All,21
Minnesota,"Kandiyohi County, MN",Legal Permanent Resident,No,21
Minnesota,"Kandiyohi County, MN",Asylum Seeker/Refugee,All,21
Minnesota,"Kandiyohi County, MN",Asylum Seeker/Refugee,No,21
Minnesota,"Kandiyohi County, MN",Most Serious Criminal Conviction,All,21
Minnesota,"Kandiyohi County, MN",Most Serious Criminal Conviction,No Conviction,21
Minnesota,"Kandiyohi County, MN",Seriousness Level of MSCC,All,21
Minnesota,"Kandiyohi County, MN",Seriousness Level of MSCC,No Conviction,21
Minnesota,"Kandiyohi County, MN",Length of Time Since MSCC,All,21
Minnesota,"Kandiyohi County, MN",Length of Time Since MSCC,Not Known,21
Minnesota,"Kandiyohi County, MN",Gender,All,21
Minnesota,"Kandiyohi County, MN",Gender,Male,11
Minnesota,"Kandiyohi County, MN",Gender,Female,10
Minnesota,"Kandiyohi County, MN",Citizenship,All,21
Minnesota,"Kandiyohi County, MN",Citizenship,MEXICO,4
Minnesota,"Kandiyohi County, MN",Citizenship,LIBERIA,4
Minnesota,"Kandiyohi County, MN",Citizenship,SOMALIA,3
Minnesota,"Kandiyohi County, MN",Citizenship,SUDAN,1
Minnesota,"Kandiyohi County, MN",Citizenship,SOUTH SUDAN,1
Minnesota,"Kandiyohi County, MN",Citizenship,BURMA,1
Minnesota,"Kandiyohi County, MN",Citizenship,VIETNAM,1
Minnesota,"Kandiyohi County, MN",Citizenship,"CHINA, PEOPLES REPUBLIC OF",1
Minnesota,"Kandiyohi County, MN",Citizenship,UNITED KINGDOM,1
Minnesota,"Kandiyohi County, MN",Citizenship,NIGERIA,1
Minnesota,"Kandiyohi County, MN",Citizenship,GUATEMALA,1
Minnesota,"Kandiyohi County, MN",Citizenship,ETHIOPIA,1
Minnesota,"Kandiyohi County, MN",Citizenship,DEM REP OF THE CONGO,1
Minnesota,"Kandiyohi County, MN",Age Group,All,21
Minnesota,"Kandiyohi County, MN",Age Group,Age information witheld by ICE,21
Minnesota,"Hennepin County, MN",Facility Type,All,2
Minnesota,"Hennepin County, MN",Facility Type,INS Facility,2
Minnesota,"Hennepin County, MN",Facility Type (Detailed),All,2
Minnesota,"Hennepin County, MN",Facility Type (Detailed),Hold: a holding facility,2
Minnesota,"Hennepin County, MN",Facility Operator,All,2
Minnesota,"Hennepin County, MN",Facility Operator,Federal,2
Minnesota,"Hennepin County, MN",Facility Owner,All,2
Minnesota,"Hennepin County, MN",Facility Owner,Not defined,2
Minnesota,"Hennepin County, MN",Entered ICE Custody by Month,All,2
Minnesota,"Hennepin County, MN",Entered ICE Custody by Month,2018-08,2
Minnesota,"Hennepin County, MN",Time in U.S.,All,2
Minnesota,"Hennepin County, MN",Time in U.S.,Not Known,2
Minnesota,"Hennepin County, MN",Legal Permanent Resident,All,2
Minnesota,"Hennepin County, MN",Legal Permanent Resident,No,2
Minnesota,"Hennepin County, MN",Asylum Seeker/Refugee,All,2
Minnesota,"Hennepin County, MN",Asylum Seeker/Refugee,No,2
Minnesota,"Hennepin County, MN",Most Serious Criminal Conviction,All,2
Minnesota,"Hennepin County, MN",Most Serious Criminal Conviction,No Conviction,2
Minnesota,"Hennepin County, MN",Seriousness Level of MSCC,All,2
Minnesota,"Hennepin County, MN",Seriousness Level of MSCC,No Conviction,2
Minnesota,"Hennepin County, MN",Length of Time Since MSCC,All,2
Minnesota,"Hennepin County, MN",Length of Time Since MSCC,Not Known,2
Minnesota,"Hennepin County, MN",Gender,All,2
Minnesota,"Hennepin County, MN",Gender,Male,2
Minnesota,"Hennepin County, MN",Citizenship,All,2
Minnesota,"Hennepin County, MN",Citizenship,MEXICO,2
Minnesota,"Hennepin County, MN",Age Group,All,2
Minnesota,"Hennepin County, MN",Age Group,Age information witheld by ICE,2
Minnesota,"Nicollet County, MN",Facility Type,All,1
Minnesota,"Nicollet County, MN",Facility Type,County Facility,1
Minnesota,"Nicollet County, MN",Facility Type (Detailed),All,1
Minnesota,"Nicollet County, MN",Facility Type (Detailed),Intergovernmental Service Agreement: a facility operated by state/local govt,1
Minnesota,"Nicollet County, MN",Facility Operator,All,1
Minnesota,"Nicollet County, MN",Facility Operator,County Sheriff Department,1
Minnesota,"Nicollet County, MN",Facility Owner,All,1
Minnesota,"Nicollet County, MN",Facility Owner,County,1
Minnesota,"Nicollet County, MN",Entered ICE Custody by Month,All,1
Minnesota,"Nicollet County, MN",Entered ICE Custody by Month,2018-08,1
Minnesota,"Nicollet County, MN",Time in U.S.,All,1
Minnesota,"Nicollet County, MN",Time in U.S.,Not Known,1
Minnesota,"Nicollet County, MN",Legal Permanent Resident,All,1
Minnesota,"Nicollet County, MN",Legal Permanent Resident,No,1
Minnesota,"Nicollet County, MN",Asylum Seeker/Refugee,All,1
Minnesota,"Nicollet County, MN",Asylum Seeker/Refugee,No,1
Minnesota,"Nicollet County, MN",Most Serious Criminal Conviction,All,1
Minnesota,"Nicollet County, MN",Most Serious Criminal Conviction,No Conviction,1
Minnesota,"Nicollet County, MN",Seriousness Level of MSCC,All,1
Minnesota,"Nicollet County, MN",Seriousness Level of MSCC,No Conviction,1
Minnesota,"Nicollet County, MN",Length of Time Since MSCC,All,1
Minnesota,"Nicollet County, MN",Length of Time Since MSCC,Not Known,1
Minnesota,"Nicollet County, MN",Gender,All,1
Minnesota,"Nicollet County, MN",Gender,Male,1
Minnesota,"Nicollet County, MN",Citizenship,All,1
Minnesota,"Nicollet County, MN",Citizenship,MEXICO,1
Minnesota,"Nicollet County, MN",Age Group,All,1
Minnesota,"Nicollet County, MN",Age Group,Age information witheld by ICE,1
Michigan,"Branch County, MI",Facility Type,All,207
Michigan,"Branch County, MI",Facility Type,County Facility,207
Michigan,"Branch County, MI",Facility Type (Detailed),All,207
Michigan,"Branch County, MI",Facility Type (Detailed),Intergovernmental Service Agreement: a facility operated by state/local govt,207
Michigan,"Branch County, MI",Facility Operator,All,207
Michigan,"Branch County, MI",Facility Operator,County Sheriff Department,207
Michigan,"Branch County, MI",Facility Owner,All,207
Michigan,"Branch County, MI",Facility Owner,County,207
Michigan,"Branch County, MI",Entered ICE Custody by Month,All,207
Michigan,"Branch County, MI",Entered ICE Custody by Month,2018-07,85
Michigan,"Branch County, MI",Entered ICE Custody by Month,2018-06,22
Michigan,"Branch County, MI",Entered ICE Custody by Month,2018-08,17
Michigan,"Branch County, MI",Entered ICE Custody by Month,2018-05,16
Michigan,"Branch County, MI",Entered ICE Custody by Month,2017-06,15
Michigan,"Branch County, MI",Entered ICE Custody by Month,2018-03,8
Michigan,"Branch County, MI",Entered ICE Custody by Month,2018-04,7
Michigan,"Branch County, MI",Entered ICE Custody by Month,2018-02,6
Michigan,"Branch County, MI",Entered ICE Custody by Month,2017-07,6
Michigan,"Branch County, MI",Entered ICE Custody by Month,2018-01,6
Michigan,"Branch County, MI",Entered ICE Custody by Month,2017-11,5
Michigan,"Branch County, MI",Entered ICE Custody by Month,2017-12,3
Michigan,"Branch County, MI",Entered ICE Custody by Month,2017-05,2
Michigan,"Branch County, MI",Entered ICE Custody by Month,2017-04,2
Michigan,"Branch County, MI",Entered ICE Custody by Month,2016-05,2
Michigan,"Branch County, MI",Entered ICE Custody by Month,2017-10,1
Michigan,"Branch County, MI",Entered ICE Custody by Month,2017-03,1
Michigan,"Branch County, MI",Entered ICE Custody by Month,2017-01,1
Michigan,"Branch County, MI",Entered ICE Custody by Month,2016-11,1
Michigan,"Branch County, MI",Entered ICE Custody by Month,2016-10,1
Michigan,"Branch County, MI",Time in U.S.,All,207
Michigan,"Branch County, MI",Time in U.S.,Not Known,99
Michigan,"Branch County, MI",Time in U.S.,20 years or more,29
Michigan,"Branch County, MI",Time in U.S.,Up to 1 year,15
Michigan,"Branch County, MI",Time in U.S.,Between 15 and 20 years,12
Michigan,"Branch County, MI",Time in U.S.,Between 1 and 2 years,8
Michigan,"Branch County, MI",Time in U.S.,Between 10 and 15 years,7
Michigan,"Branch County, MI",Time in U.S.,Between 5 and 6 years,7
Michigan,"Branch County, MI",Time in U.S.,Between 3 and 4 years,7
Michigan,"Branch County, MI",Time in U.S.,Between 8 and 9 years,5
Michigan,"Branch County, MI",Time in U.S.,Between 9 and 10 years,4
Michigan,"Branch County, MI",Time in U.S.,Between 6 and 7 years,4
Michigan,"Branch County, MI",Time in U.S.,Between 7 and 8 years,4
Michigan,"Branch County, MI",Time in U.S.,Between 4 and 5 years,3
Michigan,"Branch County, MI",Time in U.S.,Between 2 and 3 years,3
Michigan,"Branch County, MI",Legal Permanent Resident,All,207
Michigan,"Branch County, MI",Legal Permanent Resident,No,207
Michigan,"Branch County, MI",Asylum Seeker/Refugee,All,207
Michigan,"Branch County, MI",Asylum Seeker/Refugee,No,207
Michigan,"Branch County, MI",Most Serious Criminal Conviction,All,207
Michigan,"Branch County, MI",Most Serious Criminal Conviction,No Conviction,207
Michigan,"Branch County, MI",Seriousness Level of MSCC,All,207
Michigan,"Branch County, MI",Seriousness Level of MSCC,No Conviction,207
Michigan,"Branch County, MI",Length of Time Since MSCC,All,207
Michigan,"Branch County, MI",Length of Time Since MSCC,Not Known,207
Michigan,"Branch County, MI",Gender,All,207
Michigan,"Branch County, MI",Gender,Male,180
Michigan,"Branch County, MI",Gender,Female,27
Michigan,"Branch County, MI",Citizenship,All,207
Michigan,"Branch County, MI",Citizenship,MEXICO,67
Michigan,"Branch County, MI",Citizenship,IRAQ,35
Michigan,"Branch County, MI",Citizenship,GUATEMALA,32
Michigan,"Branch County, MI",Citizenship,HONDURAS,13
Michigan,"Branch County, MI",Citizenship,EL SALVADOR,5
Michigan,"Branch County, MI",Citizenship,INDIA,4
Michigan,"Branch County, MI",Citizenship,NIGERIA,4
Michigan,"Branch County, MI",Citizenship,LIBERIA,3
Michigan,"Branch County, MI",Citizenship,ALBANIA,3
Michigan,"Branch County, MI",Citizenship,YEMEN,3
Michigan,"Branch County, MI",Citizenship,COLOMBIA,3
Michigan,"Branch County, MI",Citizenship,SOMALIA,2
Michigan,"Branch County, MI",Citizenship,KOSOVO,2
Michigan,"Branch County, MI",Citizenship,AFGHANISTAN,2
Michigan,"Branch County, MI",Citizenship,ETHIOPIA,2
Michigan,"Branch County, MI",Citizenship,BURUNDI,2
Michigan,"Branch County, MI",Citizenship,GHANA,2
Michigan,"Branch County, MI",Citizenship,LEBANON,2
Michigan,"Branch County, MI",Citizenship,BAHAMAS,1
Michigan,"Branch County, MI",Citizenship,SOUTH SUDAN,1
Michigan,"Branch County, MI",Citizenship,CANADA,1
Michigan,"Branch County, MI",Citizenship,RWANDA,1
Michigan,"Branch County, MI",Citizenship,SUDAN,1
Michigan,"Branch County, MI",Citizenship,JAMAICA,1
Michigan,"Branch County, MI",Citizenship,LAOS,1
Michigan,"Branch County, MI",Citizenship,NETHERLANDS,1
Michigan,"Branch County, MI",Citizenship,HAITI,1
Michigan,"Branch County, MI",Citizenship,PERU,1
Michigan,"Branch County, MI",Citizenship,SENEGAL,1
Michigan,"Branch County, MI",Citizenship,RUSSIA,1
Michigan,"Branch County, MI",Citizenship,JORDAN,1
Michigan,"Branch County, MI",Citizenship,CROATIA,1
Michigan,"Branch County, MI",Citizenship,"CHINA, PEOPLES REPUBLIC OF",1
Michigan,"Branch County, MI",Citizenship,NICARAGUA,1
Michigan,"Branch County, MI",Citizenship,BANGLADESH,1
Michigan,"Branch County, MI",Citizenship,KENYA,1
Michigan,"Branch County, MI",Citizenship,UNKNOWN,1
Michigan,"Branch County, MI",Citizenship,ANGOLA,1
Michigan,"Branch County, MI",Citizenship,POLAND,1
Michigan,"Branch County, MI",Age Group,All,207
Michigan,"Branch County, MI",Age Group,Age information witheld by ICE,207
Michigan,"Monroe County, MI",Facility Type,All,88
Michigan,"Monroe County, MI",Facility Type,County Facility,88
Michigan,"Monroe County, MI",Facility Type (Detailed),All,88
Michigan,"Monroe County, MI",Facility Type (Detailed),Intergovernmental Service Agreement: a facility operated by state/local govt,88
Michigan,"Monroe County, MI",Facility Operator,All,88
Michigan,"Monroe County, MI",Facility Operator,County Sheriff Department,88
Michigan,"Monroe County, MI",Facility Owner,All,88
Michigan,"Monroe County, MI",Facility Owner,County,88
Michigan,"Monroe County, MI",Entered ICE Custody by Month,All,88
Michigan,"Monroe County, MI",Entered ICE Custody by Month,2018-07,49
Michigan,"Monroe County, MI",Entered ICE Custody by Month,2018-06,14
Michigan,"Monroe County, MI",Entered ICE Custody by Month,2018-08,11
Michigan,"Monroe County, MI",Entered ICE Custody by Month,2018-05,7
Michigan,"Monroe County, MI",Entered ICE Custody by Month,2018-03,3
Michigan,"Monroe County, MI",Entered ICE Custody by Month,2016-06,1
Michigan,"Monroe County, MI",Entered ICE Custody by Month,2017-06,1
Michigan,"Monroe County, MI",Entered ICE Custody by Month,2018-02,1
Michigan,"Monroe County, MI",Entered ICE Custody by Month,2018-04,1
Michigan,"Monroe County, MI",Time in U.S.,All,88
Michigan,"Monroe County, MI",Time in U.S.,Not Known,61
Michigan,"Monroe County, MI",Time in U.S.,Up to 1 year,6
Michigan,"Monroe County, MI",Time in U.S.,Between 15 and 20 years,6
Michigan,"Monroe County, MI",Time in U.S.,20 years or more,4
Michigan,"Monroe County, MI",Time in U.S.,Between 2 and 3 years,4
Michigan,"Monroe County, MI",Time in U.S.,Between 3 and 4 years,2
Michigan,"Monroe County, MI",Time in U.S.,Between 7 and 8 years,2
Michigan,"Monroe County, MI",Time in U.S.,Between 5 and 6 years,1
Michigan,"Monroe County, MI",Time in U.S.,Between 8 and 9 years,1
Michigan,"Monroe County, MI",Time in U.S.,Between 10 and 15 years,1
Michigan,"Monroe County, MI",Legal Permanent Resident,All,88
Michigan,"Monroe County, MI",Legal Permanent Resident,No,88
Michigan,"Monroe County, MI",Asylum Seeker/Refugee,All,88
Michigan,"Monroe County, MI",Asylum Seeker/Refugee,No,88
Michigan,"Monroe County, MI",Most Serious Criminal Conviction,All,88
Michigan,"Monroe County, MI",Most Serious Criminal Conviction,No Conviction,88
Michigan,"Monroe County, MI",Seriousness Level of MSCC,All,88
Michigan,"Monroe County, MI",Seriousness Level of MSCC,No Conviction,88
Michigan,"Monroe County, MI",Length of Time Since MSCC,All,88
Michigan,"Monroe County, MI",Length of Time Since MSCC,Not Known,88
Michigan,"Monroe County, MI",Gender,All,88
Michigan,"Monroe County, MI",Gender,Male,88
Michigan,"Monroe County, MI",Citizenship,All,88
Michigan,"Monroe County, MI",Citizenship,MEXICO,42
Michigan,"Monroe County, MI",Citizenship,GUATEMALA,11
Michigan,"Monroe County, MI",Citizenship,HONDURAS,10
Michigan,"Monroe County, MI",Citizenship,EL SALVADOR,5
Michigan,"Monroe County, MI",Citizenship,LEBANON,3
Michigan,"Monroe County, MI",Citizenship,CHILE,1
Michigan,"Monroe County, MI",Citizenship,IVORY COAST,1
Michigan,"Monroe County, MI",Citizenship,IRAN,1
Michigan,"Monroe County, MI",Citizenship,ROMANIA,1
Michigan,"Monroe County, MI",Citizenship,MAURITANIA,1
Michigan,"Monroe County, MI",Citizenship,KOSOVO,1
Michigan,"Monroe County, MI",Citizenship,SPAIN,1
Michigan,"Monroe County, MI",Citizenship,RUSSIA,1
Michigan,"Monroe County, MI",Citizenship,ZIMBABWE,1
Michigan,"Monroe County, MI",Citizenship,GHANA,1
Michigan,"Monroe County, MI",Citizenship,UKRAINE,1
Michigan,"Monroe County, MI",Citizenship,NIGERIA,1
Michigan,"Monroe County, MI",Citizenship,HAITI,1
Michigan,"Monroe County, MI",Citizenship,IRAQ,1
Michigan,"Monroe County, MI",Citizenship,NICARAGUA,1
Michigan,"Monroe County, MI",Citizenship,JAMAICA,1
Michigan,"Monroe County, MI",Citizenship,SAUDI ARABIA,1
Michigan,"Monroe County, MI",Age Group,All,88
Michigan,"Monroe County, MI",Age Group,Age information witheld by ICE,88
Michigan,"St. Clair County, MI",Facility Type,All,80
Michigan,"St. Clair County, MI",Facility Type,County Facility,80
Michigan,"St. Clair County, MI",Facility Type (Detailed),All,80
Michigan,"St. Clair County, MI",Facility Type (Detailed),Intergovernmental Service Agreement: a facility operated by state/local govt,80
Michigan,"St. Clair County, MI",Facility Operator,All,80
Michigan,"St. Clair County, MI",Facility Operator,County Sheriff Department,80
Michigan,"St. Clair County, MI",Facility Owner,All,80
Michigan,"St. Clair County, MI",Facility Owner,County,80
Michigan,"St. Clair County, MI",Entered ICE Custody by Month,All,80
Michigan,"St. Clair County, MI",Entered ICE Custody by Month,2018-07,49
Michigan,"St. Clair County, MI",Entered ICE Custody by Month,2018-06,13
Michigan,"St. Clair County, MI",Entered ICE Custody by Month,2018-08,6
Michigan,"St. Clair County, MI",Entered ICE Custody by Month,2018-04,3
Michigan,"St. Clair County, MI",Entered ICE Custody by Month,2018-02,2
Michigan,"St. Clair County, MI",Entered ICE Custody by Month,2018-01,2
Michigan,"St. Clair County, MI",Entered ICE Custody by Month,2017-06,2
Michigan,"St. Clair County, MI",Entered ICE Custody by Month,2018-03,1
Michigan,"St. Clair County, MI",Entered ICE Custody by Month,2018-05,1
Michigan,"St. Clair County, MI",Entered ICE Custody by Month,2016-12,1
Michigan,"St. Clair County, MI",Time in U.S.,All,80
Michigan,"St. Clair County, MI",Time in U.S.,Not Known,42
Michigan,"St. Clair County, MI",Time in U.S.,Up to 1 year,9
Michigan,"St. Clair County, MI",Time in U.S.,Between 10 and 15 years,8
Michigan,"St. Clair County, MI",Time in U.S.,Between 15 and 20 years,8
Michigan,"St. Clair County, MI",Time in U.S.,20 years or more,5
Michigan,"St. Clair County, MI",Time in U.S.,Between 1 and 2 years,3
Michigan,"St. Clair County, MI",Time in U.S.,Between 5 and 6 years,1
Michigan,"St. Clair County, MI",Time in U.S.,Between 4 and 5 years,1
Michigan,"St. Clair County, MI",Time in U.S.,Between 2 and 3 years,1
Michigan,"St. Clair County, MI",Time in U.S.,Between 8 and 9 years,1
Michigan,"St. Clair County, MI",Time in U.S.,Between 7 and 8 years,1
Michigan,"St. Clair County, MI",Legal Permanent Resident,All,80
Michigan,"St. Clair County, MI",Legal Permanent Resident,No,80
Michigan,"St. Clair County, MI",Asylum Seeker/Refugee,All,80
Michigan,"St. Clair County, MI",Asylum Seeker/Refugee,No,80
Michigan,"St. Clair County, MI",Most Serious Criminal Conviction,All,80
Michigan,"St. Clair County, MI",Most Serious Criminal Conviction,No Conviction,80
Michigan,"St. Clair County, MI",Seriousness Level of MSCC,All,80
Michigan,"St. Clair County, MI",Seriousness Level of MSCC,No Conviction,80
Michigan,"St. Clair County, MI",Length of Time Since MSCC,All,80
Michigan,"St. Clair County, MI",Length of Time Since MSCC,Not Known,80
Michigan,"St. Clair County, MI",Gender,All,80
Michigan,"St. Clair County, MI",Gender,Male,79
Michigan,"St. Clair County, MI",Gender,Female,1
Michigan,"St. Clair County, MI",Citizenship,All,80
Michigan,"St. Clair County, MI",Citizenship,MEXICO,45
Michigan,"St. Clair County, MI",Citizenship,IRAQ,7
Michigan,"St. Clair County, MI",Citizenship,HONDURAS,4
Michigan,"St. Clair County, MI",Citizenship,GUATEMALA,3
Michigan,"St. Clair County, MI",Citizenship,CHILE,2
Michigan,"St. Clair County, MI",Citizenship,VENEZUELA,2
Michigan,"St. Clair County, MI",Citizenship,LEBANON,2
Michigan,"St. Clair County, MI",Citizenship,JORDAN,2
Michigan,"St. Clair County, MI",Citizenship,EL SALVADOR,2
Michigan,"St. Clair County, MI",Citizenship,ITALY,1
Michigan,"St. Clair County, MI",Citizenship,ALBANIA,1
Michigan,"St. Clair County, MI",Citizenship,SIERRA LEONE,1
Michigan,"St. Clair County, MI",Citizenship,JAMAICA,1
Michigan,"St. Clair County, MI",Citizenship,VIETNAM,1
Michigan,"St. Clair County, MI",Citizenship,ERITREA,1
Michigan,"St. Clair County, MI",Citizenship,COLOMBIA,1
Michigan,"St. Clair County, MI",Citizenship,CUBA,1
Michigan,"St. Clair County, MI",Citizenship,"CHINA, PEOPLES REPUBLIC OF",1
Michigan,"St. Clair County, MI",Citizenship,SOMALIA,1
Michigan,"St. Clair County, MI",Citizenship,KOSOVO,1
Michigan,"St. Clair County, MI",Age Group,All,80
Michigan,"St. Clair County, MI",Age Group,Age information witheld by ICE,80
Michigan,"Chippewa County, MI",Facility Type,All,35
Michigan,"Chippewa County, MI",Facility Type,County Facility,35
Michigan,"Chippewa County, MI",Facility Type (Detailed),All,35
Michigan,"Chippewa County, MI",Facility Type (Detailed),Intergovernmental Service Agreement: a facility operated by state/local govt,35
Michigan,"Chippewa County, MI",Facility Operator,All,35
Michigan,"Chippewa County, MI",Facility Operator,County Sheriff Department,35
Michigan,"Chippewa County, MI",Facility Owner,All,35
Michigan,"Chippewa County, MI",Facility Owner,County,35
Michigan,"Chippewa County, MI",Entered ICE Custody by Month,All,35
Michigan,"Chippewa County, MI",Entered ICE Custody by Month,2018-07,14
Michigan,"Chippewa County, MI",Entered ICE Custody by Month,2018-06,4
Michigan,"Chippewa County, MI",Entered ICE Custody by Month,2017-06,3
Michigan,"Chippewa County, MI",Entered ICE Custody by Month,2018-05,3
Michigan,"Chippewa County, MI",Entered ICE Custody by Month,2018-04,3
Michigan,"Chippewa County, MI",Entered ICE Custody by Month,2018-03,3
Michigan,"Chippewa County, MI",Entered ICE Custody by Month,2018-02,2
Michigan,"Chippewa County, MI",Entered ICE Custody by Month,2018-01,1
Michigan,"Chippewa County, MI",Entered ICE Custody by Month,2017-08,1
Michigan,"Chippewa County, MI",Entered ICE Custody by Month,2018-08,1
Michigan,"Chippewa County, MI",Time in U.S.,All,35
Michigan,"Chippewa County, MI",Time in U.S.,Not Known,16
Michigan,"Chippewa County, MI",Time in U.S.,20 years or more,7
Michigan,"Chippewa County, MI",Time in U.S.,Between 15 and 20 years,3
Michigan,"Chippewa County, MI",Time in U.S.,Between 10 and 15 years,3
Michigan,"Chippewa County, MI",Time in U.S.,Between 4 and 5 years,2
Michigan,"Chippewa County, MI",Time in U.S.,Up to 1 year,2
Michigan,"Chippewa County, MI",Time in U.S.,Between 7 and 8 years,1
Michigan,"Chippewa County, MI",Time in U.S.,Between 3 and 4 years,1
Michigan,"Chippewa County, MI",Legal Permanent Resident,All,35
Michigan,"Chippewa County, MI",Legal Permanent Resident,No,35
Michigan,"Chippewa County, MI",Asylum Seeker/Refugee,All,35
Michigan,"Chippewa County, MI",Asylum Seeker/Refugee,No,35
Michigan,"Chippewa County, MI",Most Serious Criminal Conviction,All,35
Michigan,"Chippewa County, MI",Most Serious Criminal Conviction,No Conviction,35
Michigan,"Chippewa County, MI",Seriousness Level of MSCC,All,35
Michigan,"Chippewa County, MI",Seriousness Level of MSCC,No Conviction,35
Michigan,"Chippewa County, MI",Length of Time Since MSCC,All,35
Michigan,"Chippewa County, MI",Length of Time Since MSCC,Not Known,35
Michigan,"Chippewa County, MI",Gender,All,35
Michigan,"Chippewa County, MI",Gender,Male,32
Michigan,"Chippewa County, MI",Gender,Female,3
Michigan,"Chippewa County, MI",Citizenship,All,35
Michigan,"Chippewa County, MI",Citizenship,MEXICO,14
Michigan,"Chippewa County, MI",Citizenship,IRAQ,9
Michigan,"Chippewa County, MI",Citizenship,HONDURAS,2
Michigan,"Chippewa County, MI",Citizenship,TAIWAN,1
Michigan,"Chippewa County, MI",Citizenship,DEM REP OF THE CONGO,1
Michigan,"Chippewa County, MI",Citizenship,MAURITANIA,1
Michigan,"Chippewa County, MI",Citizenship,RUSSIA,1
Michigan,"Chippewa County, MI",Citizenship,BURMA,1
Michigan,"Chippewa County, MI",Citizenship,PANAMA,1
Michigan,"Chippewa County, MI",Citizenship,UNITED KINGDOM,1
Michigan,"Chippewa County, MI",Citizenship,INDIA,1
Michigan,"Chippewa County, MI",Citizenship,CUBA,1
Michigan,"Chippewa County, MI",Citizenship,LIBYA,1
Michigan,"Chippewa County, MI",Age Group,All,35
Michigan,"Chippewa County, MI",Age Group,Age information witheld by ICE,35
Michigan,"Wayne County, MI",Facility Type,All,7
Michigan,"Wayne County, MI",Facility Type,Local Facility,7
Michigan,"Wayne County, MI",Facility Type (Detailed),All,7
Michigan,"Wayne County, MI",Facility Type (Detailed),Intergovernmental Service Agreement: a facility operated by state/local govt,7
Michigan,"Wayne County, MI",Facility Operator,All,7
Michigan,"Wayne County, MI",Facility Operator,City or Municipality,7
Michigan,"Wayne County, MI",Facility Owner,All,7
Michigan,"Wayne County, MI",Facility Owner,City or Municipality,7
Michigan,"Wayne County, MI",Entered ICE Custody by Month,All,7
Michigan,"Wayne County, MI",Entered ICE Custody by Month,2018-08,3
Michigan,"Wayne County, MI",Entered ICE Custody by Month,2018-06,2
Michigan,"Wayne County, MI",Entered ICE Custody by Month,2017-06,1
Michigan,"Wayne County, MI",Entered ICE Custody by Month,2018-07,1
Michigan,"Wayne County, MI",Time in U.S.,All,7
Michigan,"Wayne County, MI",Time in U.S.,Not Known,3
Michigan,"Wayne County, MI",Time in U.S.,Between 10 and 15 years,1
Michigan,"Wayne County, MI",Time in U.S.,Between 1 and 2 years,1
Michigan,"Wayne County, MI",Time in U.S.,Between 3 and 4 years,1
Michigan,"Wayne County, MI",Time in U.S.,Up to 1 year,1
Michigan,"Wayne County, MI",Legal Permanent Resident,All,7
Michigan,"Wayne County, MI",Legal Permanent Resident,No,7
Michigan,"Wayne County, MI",Asylum Seeker/Refugee,All,7
Michigan,"Wayne County, MI",Asylum Seeker/Refugee,No,7
Michigan,"Wayne County, MI",Most Serious Criminal Conviction,All,7
Michigan,"Wayne County, MI",Most Serious Criminal Conviction,No Conviction,7
Michigan,"Wayne County, MI",Seriousness Level of MSCC,All,7
Michigan,"Wayne County, MI",Seriousness Level of MSCC,No Conviction,7
Michigan,"Wayne County, MI",Length of Time Since MSCC,All,7
Michigan,"Wayne County, MI",Length of Time Since MSCC,Not Known,7
Michigan,"Wayne County, MI",Gender,All,7
Michigan,"Wayne County, MI",Gender,Male,5
Michigan,"Wayne County, MI",Gender,Female,2
Michigan,"Wayne County, MI",Citizenship,All,7
Michigan,"Wayne County, MI",Citizenship,MEXICO,4
Michigan,"Wayne County, MI",Citizenship,IRAQ,1
Michigan,"Wayne County, MI",Citizenship,VENEZUELA,1
Michigan,"Wayne County, MI",Citizenship,CHILE,1
Michigan,"Wayne County, MI",Age Group,All,7
Michigan,"Wayne County, MI",Age Group,Age information witheld by ICE,7
Michigan,"Kent County, MI",Facility Type,All,1
Michigan,"Kent County, MI",Facility Type,County Facility,1
Michigan,"Kent County, MI",Facility Type (Detailed),All,1
Michigan,"Kent County, MI",Facility Type (Detailed),Intergovernmental Service Agreement: a facility operated by state/local govt,1
Michigan,"Kent County, MI",Facility Operator,All,1
Michigan,"Kent County, MI",Facility Operator,County Sheriff Department,1
Michigan,"Kent County, MI",Facility Owner,All,1
Michigan,"Kent County, MI",Facility Owner,County,1
Michigan,"Kent County, MI",Entered ICE Custody by Month,All,1
Michigan,"Kent County, MI",Entered ICE Custody by Month,2018-07,1
Michigan,"Kent County, MI",Time in U.S.,All,1
Michigan,"Kent County, MI",Time in U.S.,Not Known,1
Michigan,"Kent County, MI",Legal Permanent Resident,All,1
Michigan,"Kent County, MI",Legal Permanent Resident,No,1
Michigan,"Kent County, MI",Asylum Seeker/Refugee,All,1
Michigan,"Kent County, MI",Asylum Seeker/Refugee,No,1
Michigan,"Kent County, MI",Most Serious Criminal Conviction,All,1
Michigan,"Kent County, MI",Most Serious Criminal Conviction,No Conviction,1
Michigan,"Kent County, MI",Seriousness Level of MSCC,All,1
Michigan,"Kent County, MI",Seriousness Level of MSCC,No Conviction,1
Michigan,"Kent County, MI",Length of Time Since MSCC,All,1
Michigan,"Kent County, MI",Length of Time Since MSCC,Not Known,1
Michigan,"Kent County, MI",Gender,All,1
Michigan,"Kent County, MI",Gender,Male,1
Michigan,"Kent County, MI",Citizenship,All,1
Michigan,"Kent County, MI",Citizenship,MEXICO,1
Michigan,"Kent County, MI",Age Group,All,1
Michigan,"Kent County, MI",Age Group,Age information witheld by ICE,1
Maryland,"Worcester County, MD",Facility Type,All,169
Maryland,"Worcester County, MD",Facility Type,County Facility,169
Maryland,"Worcester County, MD",Facility Type (Detailed),All,169
Maryland,"Worcester County, MD",Facility Type (Detailed),Intergovernmental Service Agreement: a facility operated by state/local govt,169
Maryland,"Worcester County, MD",Facility Operator,All,169
Maryland,"Worcester County, MD",Facility Operator,County Sheriff Department,169
Maryland,"Worcester County, MD",Facility Owner,All,169
Maryland,"Worcester County, MD",Facility Owner,County,169
Maryland,"Worcester County, MD",Entered ICE Custody by Month,All,169
Maryland,"Worcester County, MD",Entered ICE Custody by Month,2018-07,55
Maryland,"Worcester County, MD",Entered ICE Custody by Month,2018-06,33
Maryland,"Worcester County, MD",Entered ICE Custody by Month,2018-05,27
Maryland,"Worcester County, MD",Entered ICE Custody by Month,2018-04,12
Maryland,"Worcester County, MD",Entered ICE Custody by Month,2018-03,9
Maryland,"Worcester County, MD",Entered ICE Custody by Month,2018-08,5
Maryland,"Worcester County, MD",Entered ICE Custody by Month,2017-07,4
Maryland,"Worcester County, MD",Entered ICE Custody by Month,2017-06,4
Maryland,"Worcester County, MD",Entered ICE Custody by Month,2018-01,4
Maryland,"Worcester County, MD",Entered ICE Custody by Month,2018-02,3
Maryland,"Worcester County, MD",Entered ICE Custody by Month,2016-12,2
Maryland,"Worcester County, MD",Entered ICE Custody by Month,2017-11,2
Maryland,"Worcester County, MD",Entered ICE Custody by Month,2017-10,2
Maryland,"Worcester County, MD",Entered ICE Custody by Month,2017-09,2
Maryland,"Worcester County, MD",Entered ICE Custody by Month,2017-08,2
Maryland,"Worcester County, MD",Entered ICE Custody by Month,2017-05,1
Maryland,"Worcester County, MD",Entered ICE Custody by Month,2017-01,1
Maryland,"Worcester County, MD",Entered ICE Custody by Month,2017-12,1
Maryland,"Worcester County, MD",Time in U.S.,All,169
Maryland,"Worcester County, MD",Time in U.S.,Not Known,86
Maryland,"Worcester County, MD",Time in U.S.,Between 15 and 20 years,15
Maryland,"Worcester County, MD",Time in U.S.,Between 10 and 15 years,13
Maryland,"Worcester County, MD",Time in U.S.,20 years or more,10
Maryland,"Worcester County, MD",Time in U.S.,Between 6 and 7 years,8
Maryland,"Worcester County, MD",Time in U.S.,Between 2 and 3 years,7
Maryland,"Worcester County, MD",Time in U.S.,Between 4 and 5 years,7
Maryland,"Worcester County, MD",Time in U.S.,Between 3 and 4 years,6
Maryland,"Worcester County, MD",Time in U.S.,Between 1 and 2 years,5
Maryland,"Worcester County, MD",Time in U.S.,Up to 1 year,5
Maryland,"Worcester County, MD",Time in U.S.,Between 5 and 6 years,4
Maryland,"Worcester County, MD",Time in U.S.,Between 9 and 10 years,3
Maryland,"Worcester County, MD",Legal Permanent Resident,All,169
Maryland,"Worcester County, MD",Legal Permanent Resident,No,169
Maryland,"Worcester County, MD",Asylum Seeker/Refugee,All,169
Maryland,"Worcester County, MD",Asylum Seeker/Refugee,No,169
Maryland,"Worcester County, MD",Most Serious Criminal Conviction,All,169
Maryland,"Worcester County, MD",Most Serious Criminal Conviction,No Conviction,169
Maryland,"Worcester County, MD",Seriousness Level of MSCC,All,169
Maryland,"Worcester County, MD",Seriousness Level of MSCC,No Conviction,169
Maryland,"Worcester County, MD",Length of Time Since MSCC,All,169
Maryland,"Worcester County, MD",Length of Time Since MSCC,Not Known,169
Maryland,"Worcester County, MD",Gender,All,169
Maryland,"Worcester County, MD",Gender,Male,158
Maryland,"Worcester County, MD",Gender,Female,11
Maryland,"Worcester County, MD",Citizenship,All,169
Maryland,"Worcester County, MD",Citizenship,EL SALVADOR,54
Maryland,"Worcester County, MD",Citizenship,GUATEMALA,24
Maryland,"Worcester County, MD",Citizenship,HONDURAS,24
Maryland,"Worcester County, MD",Citizenship,MEXICO,21
Maryland,"Worcester County, MD",Citizenship,JAMAICA,8
Maryland,"Worcester County, MD",Citizenship,LIBERIA,4
Maryland,"Worcester County, MD",Citizenship,PERU,2
Maryland,"Worcester County, MD",Citizenship,HAITI,2
Maryland,"Worcester County, MD",Citizenship,TANZANIA,2
Maryland,"Worcester County, MD",Citizenship,BURMA,1
Maryland,"Worcester County, MD",Citizenship,KENYA,1
Maryland,"Worcester County, MD",Citizenship,GUINEA,1
Maryland,"Worcester County, MD",Citizenship,ST. LUCIA,1
Maryland,"Worcester County, MD",Citizenship,RUSSIA,1
Maryland,"Worcester County, MD",Citizenship,CANADA,1
Maryland,"Worcester County, MD",Citizenship,ROMANIA,1
Maryland,"Worcester County, MD",Citizenship,UZBEKISTAN,1
Maryland,"Worcester County, MD",Citizenship,BURKINA FASO,1
Maryland,"Worcester County, MD",Citizenship,BENIN,1
Maryland,"Worcester County, MD",Citizenship,GABON,1
Maryland,"Worcester County, MD",Citizenship,GUINEA-BISSAU,1
Maryland,"Worcester County, MD",Citizenship,NIGER,1
Maryland,"Worcester County, MD",Citizenship,SOUTH KOREA,1
Maryland,"Worcester County, MD",Citizenship,ETHIOPIA,1
Maryland,"Worcester County, MD",Citizenship,NICARAGUA,1
Maryland,"Worcester County, MD",Citizenship,BRAZIL,1
Maryland,"Worcester County, MD",Citizenship,SOMALIA,1
Maryland,"Worcester County, MD",Citizenship,NIGERIA,1
Maryland,"Worcester County, MD",Citizenship,UKRAINE,1
Maryland,"Worcester County, MD",Citizenship,DOMINICAN REPUBLIC,1
Maryland,"Worcester County, MD",Citizenship,"CHINA, PEOPLES REPUBLIC OF",1
Maryland,"Worcester County, MD",Citizenship,GHANA,1
Maryland,"Worcester County, MD",Citizenship,BELIZE,1
Maryland,"Worcester County, MD",Citizenship,COLOMBIA,1
Maryland,"Worcester County, MD",Citizenship,PAKISTAN,1
Maryland,"Worcester County, MD",Citizenship,BANGLADESH,1
Maryland,"Worcester County, MD",Citizenship,URUGUAY,1
Maryland,"Worcester County, MD",Age Group,All,169
Maryland,"Worcester County, MD",Age Group,Age information witheld by ICE,169
Maryland,"Anne Arundel County, MD",Facility Type,All,110
Maryland,"Anne Arundel County, MD",Facility Type,County Facility,110
Maryland,"Anne Arundel County, MD",Facility Type (Detailed),All,110
Maryland,"Anne Arundel County, MD",Facility Type (Detailed),Intergovernmental Service Agreement: a facility operated by state/local govt,110
Maryland,"Anne Arundel County, MD",Facility Operator,All,110
Maryland,"Anne Arundel County, MD",Facility Operator,County Corrections Office,110
Maryland,"Anne Arundel County, MD",Facility Owner,All,110
Maryland,"Anne Arundel County, MD",Facility Owner,County,110
Maryland,"Anne Arundel County, MD",Entered ICE Custody by Month,All,110
Maryland,"Anne Arundel County, MD",Entered ICE Custody by Month,2018-06,31
Maryland,"Anne Arundel County, MD",Entered ICE Custody by Month,2018-05,25
Maryland,"Anne Arundel County, MD",Entered ICE Custody by Month,2018-07,18
Maryland,"Anne Arundel County, MD",Entered ICE Custody by Month,2018-03,11
Maryland,"Anne Arundel County, MD",Entered ICE Custody by Month,2018-04,10
Maryland,"Anne Arundel County, MD",Entered ICE Custody by Month,2018-02,6
Maryland,"Anne Arundel County, MD",Entered ICE Custody by Month,2018-08,3
Maryland,"Anne Arundel County, MD",Entered ICE Custody by Month,2018-01,1
Maryland,"Anne Arundel County, MD",Entered ICE Custody by Month,2017-12,1
Maryland,"Anne Arundel County, MD",Entered ICE Custody by Month,2017-10,1
Maryland,"Anne Arundel County, MD",Entered ICE Custody by Month,2017-09,1
Maryland,"Anne Arundel County, MD",Entered ICE Custody by Month,2017-08,1
Maryland,"Anne Arundel County, MD",Entered ICE Custody by Month,2017-04,1
Maryland,"Anne Arundel County, MD",Time in U.S.,All,110
Maryland,"Anne Arundel County, MD",Time in U.S.,Up to 1 year,35
Maryland,"Anne Arundel County, MD",Time in U.S.,Not Known,29
Maryland,"Anne Arundel County, MD",Time in U.S.,Between 10 and 15 years,18
Maryland,"Anne Arundel County, MD",Time in U.S.,Between 2 and 3 years,9
Maryland,"Anne Arundel County, MD",Time in U.S.,Between 15 and 20 years,6
Maryland,"Anne Arundel County, MD",Time in U.S.,Between 1 and 2 years,3
Maryland,"Anne Arundel County, MD",Time in U.S.,Between 4 and 5 years,3
Maryland,"Anne Arundel County, MD",Time in U.S.,Between 5 and 6 years,2
Maryland,"Anne Arundel County, MD",Time in U.S.,Between 6 and 7 years,2
Maryland,"Anne Arundel County, MD",Time in U.S.,Between 3 and 4 years,1
Maryland,"Anne Arundel County, MD",Time in U.S.,Between 8 and 9 years,1
Maryland,"Anne Arundel County, MD",Time in U.S.,20 years or more,1
Maryland,"Anne Arundel County, MD",Legal Permanent Resident,All,110
Maryland,"Anne Arundel County, MD",Legal Permanent Resident,No,110
Maryland,"Anne Arundel County, MD",Asylum Seeker/Refugee,All,110
Maryland,"Anne Arundel County, MD",Asylum Seeker/Refugee,No,110
Maryland,"Anne Arundel County, MD",Most Serious Criminal Conviction,All,110
Maryland,"Anne Arundel County, MD",Most Serious Criminal Conviction,No Conviction,110
Maryland,"Anne Arundel County, MD",Seriousness Level of MSCC,All,110
Maryland,"Anne Arundel County, MD",Seriousness Level of MSCC,No Conviction,110
Maryland,"Anne Arundel County, MD",Length of Time Since MSCC,All,110
Maryland,"Anne Arundel County, MD",Length of Time Since MSCC,Not Known,110
Maryland,"Anne Arundel County, MD",Gender,All,110
Maryland,"Anne Arundel County, MD",Gender,Male,110
Maryland,"Anne Arundel County, MD",Citizenship,All,110
Maryland,"Anne Arundel County, MD",Citizenship,EL SALVADOR,37
Maryland,"Anne Arundel County, MD",Citizenship,HONDURAS,31
Maryland,"Anne Arundel County, MD",Citizenship,GUATEMALA,15
Maryland,"Anne Arundel County, MD",Citizenship,CUBA,9
Maryland,"Anne Arundel County, MD",Citizenship,MEXICO,3
Maryland,"Anne Arundel County, MD",Citizenship,JAMAICA,3
Maryland,"Anne Arundel County, MD",Citizenship,VENEZUELA,2
Maryland,"Anne Arundel County, MD",Citizenship,INDONESIA,1
Maryland,"Anne Arundel County, MD",Citizenship,ROMANIA,1
Maryland,"Anne Arundel County, MD",Citizenship,SIERRA LEONE,1
Maryland,"Anne Arundel County, MD",Citizenship,GAMBIA,1
Maryland,"Anne Arundel County, MD",Citizenship,"CHINA, PEOPLES REPUBLIC OF",1
Maryland,"Anne Arundel County, MD",Citizenship,DOMINICAN REPUBLIC,1
Maryland,"Anne Arundel County, MD",Citizenship,NIGERIA,1
Maryland,"Anne Arundel County, MD",Citizenship,HAITI,1
Maryland,"Anne Arundel County, MD",Citizenship,INDIA,1
Maryland,"Anne Arundel County, MD",Citizenship,UGANDA,1
Maryland,"Anne Arundel County, MD",Age Group,All,110
Maryland,"Anne Arundel County, MD",Age Group,Age information witheld by ICE,110
Maryland,"Howard County, MD",Facility Type,All,83
Maryland,"Howard County, MD",Facility Type,County Facility,83
Maryland,"Howard County, MD",Facility Type (Detailed),All,83
Maryland,"Howard County, MD",Facility Type (Detailed),Intergovernmental Service Agreement: a facility operated by state/local govt,83
Maryland,"Howard County, MD",Facility Operator,All,83
Maryland,"Howard County, MD",Facility Operator,County Corrections Office,83
Maryland,"Howard County, MD",Facility Owner,All,83
Maryland,"Howard County, MD",Facility Owner,County,83
Maryland,"Howard County, MD",Entered ICE Custody by Month,All,83
Maryland,"Howard County, MD",Entered ICE Custody by Month,2018-07,25
Maryland,"Howard County, MD",Entered ICE Custody by Month,2018-06,15
Maryland,"Howard County, MD",Entered ICE Custody by Month,2018-05,12
Maryland,"Howard County, MD",Entered ICE Custody by Month,2018-04,12
Maryland,"Howard County, MD",Entered ICE Custody by Month,2018-02,7
Maryland,"Howard County, MD",Entered ICE Custody by Month,2017-12,4
Maryland,"Howard County, MD",Entered ICE Custody by Month,2018-03,2
Maryland,"Howard County, MD",Entered ICE Custody by Month,2017-07,2
Maryland,"Howard County, MD",Entered ICE Custody by Month,2017-11,1
Maryland,"Howard County, MD",Entered ICE Custody by Month,2017-09,1
Maryland,"Howard County, MD",Entered ICE Custody by Month,2017-06,1
Maryland,"Howard County, MD",Entered ICE Custody by Month,2015-07,1
Maryland,"Howard County, MD",Time in U.S.,All,83
Maryland,"Howard County, MD",Time in U.S.,Not Known,40
Maryland,"Howard County, MD",Time in U.S.,Between 4 and 5 years,9
Maryland,"Howard County, MD",Time in U.S.,20 years or more,8
Maryland,"Howard County, MD",Time in U.S.,Between 10 and 15 years,6
Maryland,"Howard County, MD",Time in U.S.,Between 2 and 3 years,4
Maryland,"Howard County, MD",Time in U.S.,Between 5 and 6 years,4
Maryland,"Howard County, MD",Time in U.S.,Between 15 and 20 years,3
Maryland,"Howard County, MD",Time in U.S.,Between 3 and 4 years,2
Maryland,"Howard County, MD",Time in U.S.,Between 6 and 7 years,2
Maryland,"Howard County, MD",Time in U.S.,Between 8 and 9 years,2
Maryland,"Howard County, MD",Time in U.S.,Between 1 and 2 years,1
Maryland,"Howard County, MD",Time in U.S.,Between 9 and 10 years,1
Maryland,"Howard County, MD",Time in U.S.,Up to 1 year,1
Maryland,"Howard County, MD",Legal Permanent Resident,All,83
Maryland,"Howard County, MD",Legal Permanent Resident,No,83
Maryland,"Howard County, MD",Asylum Seeker/Refugee,All,83
Maryland,"Howard County, MD",Asylum Seeker/Refugee,No,83
Maryland,"Howard County, MD",Most Serious Criminal Conviction,All,83
Maryland,"Howard County, MD",Most Serious Criminal Conviction,No Conviction,83
Maryland,"Howard County, MD",Seriousness Level of MSCC,All,83
Maryland,"Howard County, MD",Seriousness Level of MSCC,No Conviction,83
Maryland,"Howard County, MD",Length of Time Since MSCC,All,83
Maryland,"Howard County, MD",Length of Time Since MSCC,Not Known,83
Maryland,"Howard County, MD",Gender,All,83
Maryland,"Howard County, MD",Gender,Male,83
Maryland,"Howard County, MD",Citizenship,All,83
Maryland,"Howard County, MD",Citizenship,EL SALVADOR,32
Maryland,"Howard County, MD",Citizenship,GUATEMALA,12
Maryland,"Howard County, MD",Citizenship,MEXICO,8
Maryland,"Howard County, MD",Citizenship,HONDURAS,8
Maryland,"Howard County, MD",Citizenship,SIERRA LEONE,2
Maryland,"Howard County, MD",Citizenship,CAMEROON,2
Maryland,"Howard County, MD",Citizenship,DOMINICAN REPUBLIC,2
Maryland,"Howard County, MD",Citizenship,TRINIDAD AND TOBAGO,2
Maryland,"Howard County, MD",Citizenship,NIGERIA,2
Maryland,"Howard County, MD",Citizenship,INDIA,2
Maryland,"Howard County, MD",Citizenship,CONGO,1
Maryland,"Howard County, MD",Citizenship,ZAMBIA,1
Maryland,"Howard County, MD",Citizenship,SENEGAL,1
Maryland,"Howard County, MD",Citizenship,JAMAICA,1
Maryland,"Howard County, MD",Citizenship,GAMBIA,1
Maryland,"Howard County, MD",Citizenship,NICARAGUA,1
Maryland,"Howard County, MD",Citizenship,COLOMBIA,1
Maryland,"Howard County, MD",Citizenship,LIBERIA,1
Maryland,"Howard County, MD",Citizenship,"CHINA, PEOPLES REPUBLIC OF",1
Maryland,"Howard County, MD",Citizenship,ECUADOR,1
Maryland,"Howard County, MD",Citizenship,UZBEKISTAN,1
Maryland,"Howard County, MD",Age Group,All,83
Maryland,"Howard County, MD",Age Group,Age information witheld by ICE,83
Maryland,"Frederick County, MD",Facility Type,All,51
Maryland,"Frederick County, MD",Facility Type,County Facility,51
Maryland,"Frederick County, MD",Facility Type (Detailed),All,51
Maryland,"Frederick County, MD",Facility Type (Detailed),Intergovernmental Service Agreement: a facility operated by state/local govt,51
Maryland,"Frederick County, MD",Facility Operator,All,51
Maryland,"Frederick County, MD",Facility Operator,County Sheriff Department,51
Maryland,"Frederick County, MD",Facility Owner,All,51
Maryland,"Frederick County, MD",Facility Owner,County,51
Maryland,"Frederick County, MD",Entered ICE Custody by Month,All,51
Maryland,"Frederick County, MD",Entered ICE Custody by Month,2018-06,17
Maryland,"Frederick County, MD",Entered ICE Custody by Month,2018-07,12
Maryland,"Frederick County, MD",Entered ICE Custody by Month,2017-10,5
Maryland,"Frederick County, MD",Entered ICE Custody by Month,2018-05,5
Maryland,"Frederick County, MD",Entered ICE Custody by Month,2018-04,4
Maryland,"Frederick County, MD",Entered ICE Custody by Month,2018-01,2
Maryland,"Frederick County, MD",Entered ICE Custody by Month,2017-09,1
Maryland,"Frederick County, MD",Entered ICE Custody by Month,2018-03,1
Maryland,"Frederick County, MD",Entered ICE Custody by Month,2018-02,1
Maryland,"Frederick County, MD",Entered ICE Custody by Month,2017-12,1
Maryland,"Frederick County, MD",Entered ICE Custody by Month,2017-11,1
Maryland,"Frederick County, MD",Entered ICE Custody by Month,2018-08,1
Maryland,"Frederick County, MD",Time in U.S.,All,51
Maryland,"Frederick County, MD",Time in U.S.,Up to 1 year,18
Maryland,"Frederick County, MD",Time in U.S.,Not Known,14
Maryland,"Frederick County, MD",Time in U.S.,Between 10 and 15 years,8
Maryland,"Frederick County, MD",Time in U.S.,Between 2 and 3 years,3
Maryland,"Frederick County, MD",Time in U.S.,20 years or more,2
Maryland,"Frederick County, MD",Time in U.S.,Between 5 and 6 years,2
Maryland,"Frederick County, MD",Time in U.S.,Between 15 and 20 years,1
Maryland,"Frederick County, MD",Time in U.S.,Between 6 and 7 years,1
Maryland,"Frederick County, MD",Time in U.S.,Between 9 and 10 years,1
Maryland,"Frederick County, MD",Time in U.S.,Between 4 and 5 years,1
Maryland,"Frederick County, MD",Legal Permanent Resident,All,51
Maryland,"Frederick County, MD",Legal Permanent Resident,No,51
Maryland,"Frederick County, MD",Asylum Seeker/Refugee,All,51
Maryland,"Frederick County, MD",Asylum Seeker/Refugee,No,51
Maryland,"Frederick County, MD",Most Serious Criminal Conviction,All,51
Maryland,"Frederick County, MD",Most Serious Criminal Conviction,No Conviction,51
Maryland,"Frederick County, MD",Seriousness Level of MSCC,All,51
Maryland,"Frederick County, MD",Seriousness Level of MSCC,No Conviction,51
Maryland,"Frederick County, MD",Length of Time Since MSCC,All,51
Maryland,"Frederick County, MD",Length of Time Since MSCC,Not Known,51
Maryland,"Frederick County, MD",Gender,All,51
Maryland,"Frederick County, MD",Gender,Male,51
Maryland,"Frederick County, MD",Citizenship,All,51
Maryland,"Frederick County, MD",Citizenship,EL SALVADOR,20
Maryland,"Frederick County, MD",Citizenship,HONDURAS,8
Maryland,"Frederick County, MD",Citizenship,MEXICO,4
Maryland,"Frederick County, MD",Citizenship,INDIA,4
Maryland,"Frederick County, MD",Citizenship,GUATEMALA,3
Maryland,"Frederick County, MD",Citizenship,BRAZIL,2
Maryland,"Frederick County, MD",Citizenship,BANGLADESH,2
Maryland,"Frederick County, MD",Citizenship,MOLDOVA,1
Maryland,"Frederick County, MD",Citizenship,COSTA RICA,1
Maryland,"Frederick County, MD",Citizenship,PAKISTAN,1
Maryland,"Frederick County, MD",Citizenship,TRINIDAD AND TOBAGO,1
Maryland,"Frederick County, MD",Citizenship,JAMAICA,1
Maryland,"Frederick County, MD",Citizenship,CUBA,1
Maryland,"Frederick County, MD",Citizenship,ECUADOR,1
Maryland,"Frederick County, MD",Citizenship,CENTRAL AFRICAN REPUBLIC,1
Maryland,"Frederick County, MD",Age Group,All,51
Maryland,"Frederick County, MD",Age Group,Age information witheld by ICE,51
Wisconsin,"Dodge County, WI",Facility Type,All,196
Wisconsin,"Dodge County, WI",Facility Type,County Facility,196
Wisconsin,"Dodge County, WI",Facility Type (Detailed),All,196
Wisconsin,"Dodge County, WI",Facility Type (Detailed),Intergovernment agreement with USMS which ICE utilizes,196
Wisconsin,"Dodge County, WI",Facility Operator,All,196
Wisconsin,"Dodge County, WI",Facility Operator,County Sheriff Department,196
Wisconsin,"Dodge County, WI",Facility Owner,All,196
Wisconsin,"Dodge County, WI",Facility Owner,County,196
Wisconsin,"Dodge County, WI",Entered ICE Custody by Month,All,196
Wisconsin,"Dodge County, WI",Entered ICE Custody by Month,2018-07,63
Wisconsin,"Dodge County, WI",Entered ICE Custody by Month,2018-06,47
Wisconsin,"Dodge County, WI",Entered ICE Custody by Month,2018-08,15
Wisconsin,"Dodge County, WI",Entered ICE Custody by Month,2018-03,14
Wisconsin,"Dodge County, WI",Entered ICE Custody by Month,2018-04,10
Wisconsin,"Dodge County, WI",Entered ICE Custody by Month,2018-05,8
Wisconsin,"Dodge County, WI",Entered ICE Custody by Month,2018-02,6
Wisconsin,"Dodge County, WI",Entered ICE Custody by Month,2018-01,6
Wisconsin,"Dodge County, WI",Entered ICE Custody by Month,2017-11,6
Wisconsin,"Dodge County, WI",Entered ICE Custody by Month,2017-10,4
Wisconsin,"Dodge County, WI",Entered ICE Custody by Month,2017-05,3
Wisconsin,"Dodge County, WI",Entered ICE Custody by Month,2017-06,2
Wisconsin,"Dodge County, WI",Entered ICE Custody by Month,2017-07,2
Wisconsin,"Dodge County, WI",Entered ICE Custody by Month,2017-08,2
Wisconsin,"Dodge County, WI",Entered ICE Custody by Month,2017-12,2
Wisconsin,"Dodge County, WI",Entered ICE Custody by Month,2017-09,2
Wisconsin,"Dodge County, WI",Entered ICE Custody by Month,2017-01,1
Wisconsin,"Dodge County, WI",Entered ICE Custody by Month,2016-11,1
Wisconsin,"Dodge County, WI",Entered ICE Custody by Month,2016-09,1
Wisconsin,"Dodge County, WI",Entered ICE Custody by Month,2016-06,1
Wisconsin,"Dodge County, WI",Time in U.S.,All,196
Wisconsin,"Dodge County, WI",Time in U.S.,Not Known,105
Wisconsin,"Dodge County, WI",Time in U.S.,Up to 1 year,44
Wisconsin,"Dodge County, WI",Time in U.S.,20 years or more,15
Wisconsin,"Dodge County, WI",Time in U.S.,Between 15 and 20 years,6
Wisconsin,"Dodge County, WI",Time in U.S.,Between 2 and 3 years,6
Wisconsin,"Dodge County, WI",Time in U.S.,Between 10 and 15 years,5
Wisconsin,"Dodge County, WI",Time in U.S.,Between 1 and 2 years,3
Wisconsin,"Dodge County, WI",Time in U.S.,Between 4 and 5 years,3
Wisconsin,"Dodge County, WI",Time in U.S.,Between 5 and 6 years,3
Wisconsin,"Dodge County, WI",Time in U.S.,Between 3 and 4 years,2
Wisconsin,"Dodge County, WI",Time in U.S.,Between 9 and 10 years,2
Wisconsin,"Dodge County, WI",Time in U.S.,Between 6 and 7 years,1
Wisconsin,"Dodge County, WI",Time in U.S.,Between 7 and 8 years,1
Wisconsin,"Dodge County, WI",Legal Permanent Resident,All,196
Wisconsin,"Dodge County, WI",Legal Permanent Resident,No,196
Wisconsin,"Dodge County, WI",Asylum Seeker/Refugee,All,196
Wisconsin,"Dodge County, WI",Asylum Seeker/Refugee,No,196
Wisconsin,"Dodge County, WI",Most Serious Criminal Conviction,All,196
Wisconsin,"Dodge County, WI",Most Serious Criminal Conviction,No Conviction,196
Wisconsin,"Dodge County, WI",Seriousness Level of MSCC,All,196
Wisconsin,"Dodge County, WI",Seriousness Level of MSCC,No Conviction,196
Wisconsin,"Dodge County, WI",Length of Time Since MSCC,All,196
Wisconsin,"Dodge County, WI",Length of Time Since MSCC,Not Known,196
Wisconsin,"Dodge County, WI",Gender,All,196
Wisconsin,"Dodge County, WI",Gender,Male,178
Wisconsin,"Dodge County, WI",Gender,Female,18
Wisconsin,"Dodge County, WI",Citizenship,All,196
Wisconsin,"Dodge County, WI",Citizenship,MEXICO,102
Wisconsin,"Dodge County, WI",Citizenship,CUBA,15
Wisconsin,"Dodge County, WI",Citizenship,EL SALVADOR,12
Wisconsin,"Dodge County, WI",Citizenship,HONDURAS,10
Wisconsin,"Dodge County, WI",Citizenship,GUATEMALA,5
Wisconsin,"Dodge County, WI",Citizenship,"CHINA, PEOPLES REPUBLIC OF",4
Wisconsin,"Dodge County, WI",Citizenship,UNKNOWN,3
Wisconsin,"Dodge County, WI",Citizenship,PERU,3
Wisconsin,"Dodge County, WI",Citizenship,NICARAGUA,3
Wisconsin,"Dodge County, WI",Citizenship,JORDAN,2
Wisconsin,"Dodge County, WI",Citizenship,BELIZE,2
Wisconsin,"Dodge County, WI",Citizenship,MONGOLIA,2
Wisconsin,"Dodge County, WI",Citizenship,UKRAINE,2
Wisconsin,"Dodge County, WI",Citizenship,BRAZIL,2
Wisconsin,"Dodge County, WI",Citizenship,IRAQ,2
Wisconsin,"Dodge County, WI",Citizenship,INDIA,2
Wisconsin,"Dodge County, WI",Citizenship,LAOS,2
Wisconsin,"Dodge County, WI",Citizenship,RWANDA,1
Wisconsin,"Dodge County, WI",Citizenship,ROMANIA,1
Wisconsin,"Dodge County, WI",Citizenship,AZERBAIJAN,1
Wisconsin,"Dodge County, WI",Citizenship,SUDAN,1
Wisconsin,"Dodge County, WI",Citizenship,GREECE,1
Wisconsin,"Dodge County, WI",Citizenship,BULGARIA,1
Wisconsin,"Dodge County, WI",Citizenship,LITHUANIA,1
Wisconsin,"Dodge County, WI",Citizenship,KYRGYZSTAN,1
Wisconsin,"Dodge County, WI",Citizenship,BHUTAN,1
Wisconsin,"Dodge County, WI",Citizenship,MOROCCO,1
Wisconsin,"Dodge County, WI",Citizenship,SERBIA,1
Wisconsin,"Dodge County, WI",Citizenship,ECUADOR,1
Wisconsin,"Dodge County, WI",Citizenship,SOMALIA,1
Wisconsin,"Dodge County, WI",Citizenship,ARGENTINA,1
Wisconsin,"Dodge County, WI",Citizenship,LIBERIA,1
Wisconsin,"Dodge County, WI",Citizenship,COLOMBIA,1
Wisconsin,"Dodge County, WI",Citizenship,TUNISIA,1
Wisconsin,"Dodge County, WI",Citizenship,CAMEROON,1
Wisconsin,"Dodge County, WI",Citizenship,PAKISTAN,1
Wisconsin,"Dodge County, WI",Citizenship,VENEZUELA,1
Wisconsin,"Dodge County, WI",Citizenship,NIGER,1
Wisconsin,"Dodge County, WI",Citizenship,BELARUS,1
Wisconsin,"Dodge County, WI",Citizenship,CZECH REPUBLIC,1
Wisconsin,"Dodge County, WI",Age Group,All,196
Wisconsin,"Dodge County, WI",Age Group,Age information witheld by ICE,196
Wisconsin,"Kenosha County, WI",Facility Type,All,181
Wisconsin,"Kenosha County, WI",Facility Type,County Facility,181
Wisconsin,"Kenosha County, WI",Facility Type (Detailed),All,181
Wisconsin,"Kenosha County, WI",Facility Type (Detailed),Intergovernment agreement with USMS which ICE utilizes,181
Wisconsin,"Kenosha County, WI",Facility Operator,All,181
Wisconsin,"Kenosha County, WI",Facility Operator,County Sheriff Department,181
Wisconsin,"Kenosha County, WI",Facility Owner,All,181
Wisconsin,"Kenosha County, WI",Facility Owner,County,181
Wisconsin,"Kenosha County, WI",Entered ICE Custody by Month,All,181
Wisconsin,"Kenosha County, WI",Entered ICE Custody by Month,2018-07,55
Wisconsin,"Kenosha County, WI",Entered ICE Custody by Month,2018-06,46
Wisconsin,"Kenosha County, WI",Entered ICE Custody by Month,2018-04,21
Wisconsin,"Kenosha County, WI",Entered ICE Custody by Month,2018-05,15
Wisconsin,"Kenosha County, WI",Entered ICE Custody by Month,2018-08,9
Wisconsin,"Kenosha County, WI",Entered ICE Custody by Month,2018-03,6
Wisconsin,"Kenosha County, WI",Entered ICE Custody by Month,2018-01,4
Wisconsin,"Kenosha County, WI",Entered ICE Custody by Month,2017-11,4
Wisconsin,"Kenosha County, WI",Entered ICE Custody by Month,2017-12,3
Wisconsin,"Kenosha County, WI",Entered ICE Custody by Month,2017-07,3
Wisconsin,"Kenosha County, WI",Entered ICE Custody by Month,2018-02,3
Wisconsin,"Kenosha County, WI",Entered ICE Custody by Month,2017-05,2
Wisconsin,"Kenosha County, WI",Entered ICE Custody by Month,2017-10,2
Wisconsin,"Kenosha County, WI",Entered ICE Custody by Month,2017-08,2
Wisconsin,"Kenosha County, WI",Entered ICE Custody by Month,2016-07,1
Wisconsin,"Kenosha County, WI",Entered ICE Custody by Month,2016-09,1
Wisconsin,"Kenosha County, WI",Entered ICE Custody by Month,2017-02,1
Wisconsin,"Kenosha County, WI",Entered ICE Custody by Month,2017-03,1
Wisconsin,"Kenosha County, WI",Entered ICE Custody by Month,2017-09,1
Wisconsin,"Kenosha County, WI",Entered ICE Custody by Month,2016-05,1
Wisconsin,"Kenosha County, WI",Time in U.S.,All,181
Wisconsin,"Kenosha County, WI",Time in U.S.,Up to 1 year,68
Wisconsin,"Kenosha County, WI",Time in U.S.,Not Known,57
Wisconsin,"Kenosha County, WI",Time in U.S.,20 years or more,16
Wisconsin,"Kenosha County, WI",Time in U.S.,Between 10 and 15 years,7
Wisconsin,"Kenosha County, WI",Time in U.S.,Between 4 and 5 years,6
Wisconsin,"Kenosha County, WI",Time in U.S.,Between 3 and 4 years,5
Wisconsin,"Kenosha County, WI",Time in U.S.,Between 1 and 2 years,5
Wisconsin,"Kenosha County, WI",Time in U.S.,Between 15 and 20 years,5
Wisconsin,"Kenosha County, WI",Time in U.S.,Between 5 and 6 years,5
Wisconsin,"Kenosha County, WI",Time in U.S.,Between 2 and 3 years,3
Wisconsin,"Kenosha County, WI",Time in U.S.,Between 6 and 7 years,2
Wisconsin,"Kenosha County, WI",Time in U.S.,Between 8 and 9 years,2
Wisconsin,"Kenosha County, WI",Legal Permanent Resident,All,181
Wisconsin,"Kenosha County, WI",Legal Permanent Resident,No,181
Wisconsin,"Kenosha County, WI",Asylum Seeker/Refugee,All,181
Wisconsin,"Kenosha County, WI",Asylum Seeker/Refugee,No,181
Wisconsin,"Kenosha County, WI",Most Serious Criminal Conviction,All,181
Wisconsin,"Kenosha County, WI",Most Serious Criminal Conviction,No Conviction,181
Wisconsin,"Kenosha County, WI",Seriousness Level of MSCC,All,181
Wisconsin,"Kenosha County, WI",Seriousness Level of MSCC,No Conviction,181
Wisconsin,"Kenosha County, WI",Length of Time Since MSCC,All,181
Wisconsin,"Kenosha County, WI",Length of Time Since MSCC,Not Known,181
Wisconsin,"Kenosha County, WI",Gender,All,181
Wisconsin,"Kenosha County, WI",Gender,Male,173
Wisconsin,"Kenosha County, WI",Gender,Female,8
Wisconsin,"Kenosha County, WI",Citizenship,All,181
Wisconsin,"Kenosha County, WI",Citizenship,MEXICO,61
Wisconsin,"Kenosha County, WI",Citizenship,CUBA,22
Wisconsin,"Kenosha County, WI",Citizenship,HONDURAS,21
Wisconsin,"Kenosha County, WI",Citizenship,EL SALVADOR,10
Wisconsin,"Kenosha County, WI",Citizenship,GUATEMALA,9
Wisconsin,"Kenosha County, WI",Citizenship,LAOS,6
Wisconsin,"Kenosha County, WI",Citizenship,INDIA,6
Wisconsin,"Kenosha County, WI",Citizenship,NIGERIA,5
Wisconsin,"Kenosha County, WI",Citizenship,BRAZIL,4
Wisconsin,"Kenosha County, WI",Citizenship,JORDAN,3
Wisconsin,"Kenosha County, WI",Citizenship,ROMANIA,2
Wisconsin,"Kenosha County, WI",Citizenship,MONGOLIA,2
Wisconsin,"Kenosha County, WI",Citizenship,GHANA,2
Wisconsin,"Kenosha County, WI",Citizenship,POLAND,2
Wisconsin,"Kenosha County, WI",Citizenship,IRAQ,2
Wisconsin,"Kenosha County, WI",Citizenship,ECUADOR,2
Wisconsin,"Kenosha County, WI",Citizenship,NICARAGUA,2
Wisconsin,"Kenosha County, WI",Citizenship,BULGARIA,1
Wisconsin,"Kenosha County, WI",Citizenship,MOLDOVA,1
Wisconsin,"Kenosha County, WI",Citizenship,TAIWAN,1
Wisconsin,"Kenosha County, WI",Citizenship,TURKEY,1
Wisconsin,"Kenosha County, WI",Citizenship,BENIN,1
Wisconsin,"Kenosha County, WI",Citizenship,YEMEN,1
Wisconsin,"Kenosha County, WI",Citizenship,MACEDONIA,1
Wisconsin,"Kenosha County, WI",Citizenship,CZECH REPUBLIC,1
Wisconsin,"Kenosha County, WI",Citizenship,BOSNIA-HERZEGOVINA,1
Wisconsin,"Kenosha County, WI",Citizenship,JAMAICA,1
Wisconsin,"Kenosha County, WI",Citizenship,PHILIPPINES,1
Wisconsin,"Kenosha County, WI",Citizenship,THAILAND,1
Wisconsin,"Kenosha County, WI",Citizenship,SOMALIA,1
Wisconsin,"Kenosha County, WI",Citizenship,PERU,1
Wisconsin,"Kenosha County, WI",Citizenship,UKRAINE,1
Wisconsin,"Kenosha County, WI",Citizenship,DOMINICAN REPUBLIC,1
Wisconsin,"Kenosha County, WI",Citizenship,"CHINA, PEOPLES REPUBLIC OF",1
Wisconsin,"Kenosha County, WI",Citizenship,COLOMBIA,1
Wisconsin,"Kenosha County, WI",Citizenship,VENEZUELA,1
Wisconsin,"Kenosha County, WI",Citizenship,NAMIBIA,1
Wisconsin,"Kenosha County, WI",Age Group,All,181
Wisconsin,"Kenosha County, WI",Age Group,Age information witheld by ICE,181
Oklahoma,"Okmulgee County, OK",Facility Type,All,184
Oklahoma,"Okmulgee County, OK",Facility Type,County Facility,184
Oklahoma,"Okmulgee County, OK",Facility Type (Detailed),All,184
Oklahoma,"Okmulgee County, OK",Facility Type (Detailed),Intergovernment agreement with USMS which ICE utilizes,184
Oklahoma,"Okmulgee County, OK",Facility Operator,All,184
Oklahoma,"Okmulgee County, OK",Facility Operator,County,184
Oklahoma,"Okmulgee County, OK",Facility Owner,All,184
Oklahoma,"Okmulgee County, OK",Facility Owner,Not defined,184
Oklahoma,"Okmulgee County, OK",Entered ICE Custody by Month,All,184
Oklahoma,"Okmulgee County, OK",Entered ICE Custody by Month,2018-07,75
Oklahoma,"Okmulgee County, OK",Entered ICE Custody by Month,2018-06,40
Oklahoma,"Okmulgee County, OK",Entered ICE Custody by Month,2018-04,27
Oklahoma,"Okmulgee County, OK",Entered ICE Custody by Month,2018-05,20
Oklahoma,"Okmulgee County, OK",Entered ICE Custody by Month,2018-03,17
Oklahoma,"Okmulgee County, OK",Entered ICE Custody by Month,2017-11,2
Oklahoma,"Okmulgee County, OK",Entered ICE Custody by Month,2017-01,1
Oklahoma,"Okmulgee County, OK",Entered ICE Custody by Month,2017-08,1
Oklahoma,"Okmulgee County, OK",Entered ICE Custody by Month,2017-12,1
Oklahoma,"Okmulgee County, OK",Time in U.S.,All,184
Oklahoma,"Okmulgee County, OK",Time in U.S.,Up to 1 year,72
Oklahoma,"Okmulgee County, OK",Time in U.S.,Not Known,58
Oklahoma,"Okmulgee County, OK",Time in U.S.,20 years or more,14
Oklahoma,"Okmulgee County, OK",Time in U.S.,Between 15 and 20 years,10
Oklahoma,"Okmulgee County, OK",Time in U.S.,Between 4 and 5 years,7
Oklahoma,"Okmulgee County, OK",Time in U.S.,Between 10 and 15 years,6
Oklahoma,"Okmulgee County, OK",Time in U.S.,Between 2 and 3 years,6
Oklahoma,"Okmulgee County, OK",Time in U.S.,Between 1 and 2 years,6
Oklahoma,"Okmulgee County, OK",Time in U.S.,Between 7 and 8 years,3
Oklahoma,"Okmulgee County, OK",Time in U.S.,Between 9 and 10 years,2
Oklahoma,"Okmulgee County, OK",Legal Permanent Resident,All,184
Oklahoma,"Okmulgee County, OK",Legal Permanent Resident,No,184
Oklahoma,"Okmulgee County, OK",Asylum Seeker/Refugee,All,184
Oklahoma,"Okmulgee County, OK",Asylum Seeker/Refugee,No,184
Oklahoma,"Okmulgee County, OK",Most Serious Criminal Conviction,All,184
Oklahoma,"Okmulgee County, OK",Most Serious Criminal Conviction,No Conviction,184
Oklahoma,"Okmulgee County, OK",Seriousness Level of MSCC,All,184
Oklahoma,"Okmulgee County, OK",Seriousness Level of MSCC,No Conviction,184
Oklahoma,"Okmulgee County, OK",Length of Time Since MSCC,All,184
Oklahoma,"Okmulgee County, OK",Length of Time Since MSCC,Not Known,184
Oklahoma,"Okmulgee County, OK",Gender,All,184
Oklahoma,"Okmulgee County, OK",Gender,Male,184
Oklahoma,"Okmulgee County, OK",Citizenship,All,184
Oklahoma,"Okmulgee County, OK",Citizenship,MEXICO,58
Oklahoma,"Okmulgee County, OK",Citizenship,HONDURAS,29
Oklahoma,"Okmulgee County, OK",Citizenship,EL SALVADOR,26
Oklahoma,"Okmulgee County, OK",Citizenship,GUATEMALA,20
Oklahoma,"Okmulgee County, OK",Citizenship,NICARAGUA,10
Oklahoma,"Okmulgee County, OK",Citizenship,CUBA,7
Oklahoma,"Okmulgee County, OK",Citizenship,BANGLADESH,7
Oklahoma,"Okmulgee County, OK",Citizenship,COLOMBIA,5
Oklahoma,"Okmulgee County, OK",Citizenship,NIGERIA,3
Oklahoma,"Okmulgee County, OK",Citizenship,PAKISTAN,3
Oklahoma,"Okmulgee County, OK",Citizenship,INDIA,2
Oklahoma,"Okmulgee County, OK",Citizenship,VIETNAM,2
Oklahoma,"Okmulgee County, OK",Citizenship,ECUADOR,2
Oklahoma,"Okmulgee County, OK",Citizenship,BRAZIL,2
Oklahoma,"Okmulgee County, OK",Citizenship,ROMANIA,1
Oklahoma,"Okmulgee County, OK",Citizenship,CAPE VERDE,1
Oklahoma,"Okmulgee County, OK",Citizenship,CAMEROON,1
Oklahoma,"Okmulgee County, OK",Citizenship,ZIMBABWE,1
Oklahoma,"Okmulgee County, OK",Citizenship,PANAMA,1
Oklahoma,"Okmulgee County, OK",Citizenship,"CHINA, PEOPLES REPUBLIC OF",1
Oklahoma,"Okmulgee County, OK",Citizenship,JAMAICA,1
Oklahoma,"Okmulgee County, OK",Citizenship,SRI LANKA,1
Oklahoma,"Okmulgee County, OK",Age Group,All,184
Oklahoma,"Okmulgee County, OK",Age Group,Age information witheld by ICE,184
Oklahoma,"Tulsa County, OK",Facility Type,All,173
Oklahoma,"Tulsa County, OK",Facility Type,County Facility,173
Oklahoma,"Tulsa County, OK",Facility Type (Detailed),All,173
Oklahoma,"Tulsa County, OK",Facility Type (Detailed),Intergovernmental Service Agreement: a facility operated by state/local govt,173
Oklahoma,"Tulsa County, OK",Facility Operator,All,173
Oklahoma,"Tulsa County, OK",Facility Operator,County Sheriff Department,173
Oklahoma,"Tulsa County, OK",Facility Owner,All,173
Oklahoma,"Tulsa County, OK",Facility Owner,County,173
Oklahoma,"Tulsa County, OK",Entered ICE Custody by Month,All,173
Oklahoma,"Tulsa County, OK",Entered ICE Custody by Month,2018-07,47
Oklahoma,"Tulsa County, OK",Entered ICE Custody by Month,2018-05,46
Oklahoma,"Tulsa County, OK",Entered ICE Custody by Month,2018-08,22
Oklahoma,"Tulsa County, OK",Entered ICE Custody by Month,2018-06,11
Oklahoma,"Tulsa County, OK",Entered ICE Custody by Month,2018-01,10
Oklahoma,"Tulsa County, OK",Entered ICE Custody by Month,2018-02,9
Oklahoma,"Tulsa County, OK",Entered ICE Custody by Month,2018-04,6
Oklahoma,"Tulsa County, OK",Entered ICE Custody by Month,2018-03,5
Oklahoma,"Tulsa County, OK",Entered ICE Custody by Month,2017-08,5
Oklahoma,"Tulsa County, OK",Entered ICE Custody by Month,2017-11,4
Oklahoma,"Tulsa County, OK",Entered ICE Custody by Month,2017-12,3
Oklahoma,"Tulsa County, OK",Entered ICE Custody by Month,2017-05,1
Oklahoma,"Tulsa County, OK",Entered ICE Custody by Month,2017-07,1
Oklahoma,"Tulsa County, OK",Entered ICE Custody by Month,2017-10,1
Oklahoma,"Tulsa County, OK",Entered ICE Custody by Month,2017-09,1
Oklahoma,"Tulsa County, OK",Entered ICE Custody by Month,2017-01,1
Oklahoma,"Tulsa County, OK",Time in U.S.,All,173
Oklahoma,"Tulsa County, OK",Time in U.S.,Not Known,65
Oklahoma,"Tulsa County, OK",Time in U.S.,Up to 1 year,39
Oklahoma,"Tulsa County, OK",Time in U.S.,20 years or more,18
Oklahoma,"Tulsa County, OK",Time in U.S.,Between 15 and 20 years,13
Oklahoma,"Tulsa County, OK",Time in U.S.,Between 10 and 15 years,10
Oklahoma,"Tulsa County, OK",Time in U.S.,Between 4 and 5 years,6
Oklahoma,"Tulsa County, OK",Time in U.S.,Between 5 and 6 years,5
Oklahoma,"Tulsa County, OK",Time in U.S.,Between 3 and 4 years,5
Oklahoma,"Tulsa County, OK",Time in U.S.,Between 1 and 2 years,3
Oklahoma,"Tulsa County, OK",Time in U.S.,Between 8 and 9 years,3
Oklahoma,"Tulsa County, OK",Time in U.S.,Between 2 and 3 years,2
Oklahoma,"Tulsa County, OK",Time in U.S.,Between 9 and 10 years,2
Oklahoma,"Tulsa County, OK",Time in U.S.,Between 7 and 8 years,2
Oklahoma,"Tulsa County, OK",Legal Permanent Resident,All,173
Oklahoma,"Tulsa County, OK",Legal Permanent Resident,No,173
Oklahoma,"Tulsa County, OK",Asylum Seeker/Refugee,All,173
Oklahoma,"Tulsa County, OK",Asylum Seeker/Refugee,No,173
Oklahoma,"Tulsa County, OK",Most Serious Criminal Conviction,All,173
Oklahoma,"Tulsa County, OK",Most Serious Criminal Conviction,No Conviction,173
Oklahoma,"Tulsa County, OK",Seriousness Level of MSCC,All,173
Oklahoma,"Tulsa County, OK",Seriousness Level of MSCC,No Conviction,173
Oklahoma,"Tulsa County, OK",Length of Time Since MSCC,All,173
Oklahoma,"Tulsa County, OK",Length of Time Since MSCC,Not Known,173
Oklahoma,"Tulsa County, OK",Gender,All,173
Oklahoma,"Tulsa County, OK",Gender,Male,161
Oklahoma,"Tulsa County, OK",Gender,Female,12
Oklahoma,"Tulsa County, OK",Citizenship,All,173
Oklahoma,"Tulsa County, OK",Citizenship,MEXICO,81
Oklahoma,"Tulsa County, OK",Citizenship,HONDURAS,19
Oklahoma,"Tulsa County, OK",Citizenship,EL SALVADOR,16
Oklahoma,"Tulsa County, OK",Citizenship,GUATEMALA,10
Oklahoma,"Tulsa County, OK",Citizenship,CUBA,5
Oklahoma,"Tulsa County, OK",Citizenship,SRI LANKA,4
Oklahoma,"Tulsa County, OK",Citizenship,"CHINA, PEOPLES REPUBLIC OF",4
Oklahoma,"Tulsa County, OK",Citizenship,COLOMBIA,3
Oklahoma,"Tulsa County, OK",Citizenship,INDIA,3
Oklahoma,"Tulsa County, OK",Citizenship,NIGERIA,3
Oklahoma,"Tulsa County, OK",Citizenship,NICARAGUA,3
Oklahoma,"Tulsa County, OK",Citizenship,JAMAICA,2
Oklahoma,"Tulsa County, OK",Citizenship,KENYA,2
Oklahoma,"Tulsa County, OK",Citizenship,LAOS,2
Oklahoma,"Tulsa County, OK",Citizenship,GHANA,2
Oklahoma,"Tulsa County, OK",Citizenship,BRAZIL,2
Oklahoma,"Tulsa County, OK",Citizenship,IRAQ,2
Oklahoma,"Tulsa County, OK",Citizenship,BAHAMAS,1
Oklahoma,"Tulsa County, OK",Citizenship,"MICRONESIA, FEDERATED STATES OF",1
Oklahoma,"Tulsa County, OK",Citizenship,SUDAN,1
Oklahoma,"Tulsa County, OK",Citizenship,CONGO,1
Oklahoma,"Tulsa County, OK",Citizenship,MARSHALL ISLANDS,1
Oklahoma,"Tulsa County, OK",Citizenship,GERMANY,1
Oklahoma,"Tulsa County, OK",Citizenship,CAMEROON,1
Oklahoma,"Tulsa County, OK",Citizenship,DOMINICAN REPUBLIC,1
Oklahoma,"Tulsa County, OK",Citizenship,BELIZE,1
Oklahoma,"Tulsa County, OK",Citizenship,ECUADOR,1
Oklahoma,"Tulsa County, OK",Age Group,All,173
Oklahoma,"Tulsa County, OK",Age Group,Age information witheld by ICE,173
Oklahoma,"Grady County, OK",Facility Type,All,19
Oklahoma,"Grady County, OK",Facility Type,County Facility,19
Oklahoma,"Grady County, OK",Facility Type (Detailed),All,19
Oklahoma,"Grady County, OK",Facility Type (Detailed),Intergovernment agreement with USMS which ICE utilizes,19
Oklahoma,"Grady County, OK",Facility Operator,All,19
Oklahoma,"Grady County, OK",Facility Operator,County,19
Oklahoma,"Grady County, OK",Facility Owner,All,19
Oklahoma,"Grady County, OK",Facility Owner,County,19
Oklahoma,"Grady County, OK",Entered ICE Custody by Month,All,19
Oklahoma,"Grady County, OK",Entered ICE Custody by Month,2018-06,19
Oklahoma,"Grady County, OK",Time in U.S.,All,19
Oklahoma,"Grady County, OK",Time in U.S.,Up to 1 year,19
Oklahoma,"Grady County, OK",Legal Permanent Resident,All,19
Oklahoma,"Grady County, OK",Legal Permanent Resident,No,19
Oklahoma,"Grady County, OK",Asylum Seeker/Refugee,All,19
Oklahoma,"Grady County, OK",Asylum Seeker/Refugee,No,19
Oklahoma,"Grady County, OK",Most Serious Criminal Conviction,All,19
Oklahoma,"Grady County, OK",Most Serious Criminal Conviction,No Conviction,19
Oklahoma,"Grady County, OK",Seriousness Level of MSCC,All,19
Oklahoma,"Grady County, OK",Seriousness Level of MSCC,No Conviction,19
Oklahoma,"Grady County, OK",Length of Time Since MSCC,All,19
Oklahoma,"Grady County, OK",Length of Time Since MSCC,Not Known,19
Oklahoma,"Grady County, OK",Gender,All,19
Oklahoma,"Grady County, OK",Gender,Female,19
Oklahoma,"Grady County, OK",Citizenship,All,19
Oklahoma,"Grady County, OK",Citizenship,EL SALVADOR,8
Oklahoma,"Grady County, OK",Citizenship,HONDURAS,5
Oklahoma,"Grady County, OK",Citizenship,GUATEMALA,3
Oklahoma,"Grady County, OK",Citizenship,ECUADOR,2
Oklahoma,"Grady County, OK",Citizenship,NICARAGUA,1
Oklahoma,"Grady County, OK",Age Group,All,19
Oklahoma,"Grady County, OK",Age Group,Age information witheld by ICE,19
Alabama,"Etowah County, AL",Facility Type,All,269
Alabama,"Etowah County, AL",Facility Type,County Facility,269
Alabama,"Etowah County, AL",Facility Type (Detailed),All,269
Alabama,"Etowah County, AL",Facility Type (Detailed),Intergovernment agreement with USMS which ICE utilizes,269
Alabama,"Etowah County, AL",Facility Operator,All,269
Alabama,"Etowah County, AL",Facility Operator,County Sheriff Department,269
Alabama,"Etowah County, AL",Facility Owner,All,269
Alabama,"Etowah County, AL",Facility Owner,County,269
Alabama,"Etowah County, AL",Entered ICE Custody by Month,All,269
Alabama,"Etowah County, AL",Entered ICE Custody by Month,2017-08,22
Alabama,"Etowah County, AL",Entered ICE Custody by Month,2017-10,17
Alabama,"Etowah County, AL",Entered ICE Custody by Month,2017-11,17
Alabama,"Etowah County, AL",Entered ICE Custody by Month,2017-12,17
Alabama,"Etowah County, AL",Entered ICE Custody by Month,2017-03,13
Alabama,"Etowah County, AL",Entered ICE Custody by Month,2018-02,11
Alabama,"Etowah County, AL",Entered ICE Custody by Month,2017-02,11
Alabama,"Etowah County, AL",Entered ICE Custody by Month,2016-11,11
Alabama,"Etowah County, AL",Entered ICE Custody by Month,2017-09,11
Alabama,"Etowah County, AL",Entered ICE Custody by Month,2018-07,10
Alabama,"Etowah County, AL",Entered ICE Custody by Month,2017-06,9
Alabama,"Etowah County, AL",Entered ICE Custody by Month,2017-01,9
Alabama,"Etowah County, AL",Entered ICE Custody by Month,2018-01,9
Alabama,"Etowah County, AL",Entered ICE Custody by Month,2017-07,8
Alabama,"Etowah County, AL",Entered ICE Custody by Month,2017-04,7
Alabama,"Etowah County, AL",Entered ICE Custody by Month,2016-12,6
Alabama,"Etowah County, AL",Entered ICE Custody by Month,2017-05,6
Alabama,"Etowah County, AL",Entered ICE Custody by Month,2016-10,6
Alabama,"Etowah County, AL",Entered ICE Custody by Month,2018-04,6
Alabama,"Etowah County, AL",Entered ICE Custody by Month,2018-05,5
Alabama,"Etowah County, AL",Entered ICE Custody by Month,2018-06,5
Alabama,"Etowah County, AL",Entered ICE Custody by Month,2018-03,4
Alabama,"Etowah County, AL",Entered ICE Custody by Month,2016-03,4
Alabama,"Etowah County, AL",Entered ICE Custody by Month,2016-07,4
Alabama,"Etowah County, AL",Entered ICE Custody by Month,2018-08,3
Alabama,"Etowah County, AL",Entered ICE Custody by Month,2016-09,3
Alabama,"Etowah County, AL",Entered ICE Custody by Month,2016-08,3
Alabama,"Etowah County, AL",Entered ICE Custody by Month,2016-06,3
Alabama,"Etowah County, AL",Entered ICE Custody by Month,2015-12,3
Alabama,"Etowah County, AL",Entered ICE Custody by Month,2013-11,2
Alabama,"Etowah County, AL",Entered ICE Custody by Month,2014-07,2
Alabama,"Etowah County, AL",Entered ICE Custody by Month,2015-08,2
Alabama,"Etowah County, AL",Entered ICE Custody by Month,2015-09,2
Alabama,"Etowah County, AL",Entered ICE Custody by Month,2015-10,2
Alabama,"Etowah County, AL",Entered ICE Custody by Month,2015-11,2
Alabama,"Etowah County, AL",Entered ICE Custody by Month,2016-05,2
Alabama,"Etowah County, AL",Entered ICE Custody by Month,2014-01,1
Alabama,"Etowah County, AL",Entered ICE Custody by Month,2016-01,1
Alabama,"Etowah County, AL",Entered ICE Custody by Month,2014-08,1
Alabama,"Etowah County, AL",Entered ICE Custody by Month,2014-10,1
Alabama,"Etowah County, AL",Entered ICE Custody by Month,2014-11,1
Alabama,"Etowah County, AL",Entered ICE Custody by Month,2015-01,1
Alabama,"Etowah County, AL",Entered ICE Custody by Month,2015-02,1
Alabama,"Etowah County, AL",Entered ICE Custody by Month,2015-03,1
Alabama,"Etowah County, AL",Entered ICE Custody by Month,2015-04,1
Alabama,"Etowah County, AL",Entered ICE Custody by Month,2016-02,1
Alabama,"Etowah County, AL",Entered ICE Custody by Month,2011-06,1
Alabama,"Etowah County, AL",Entered ICE Custody by Month,2015-06,1
Alabama,"Etowah County, AL",Time in U.S.,All,269
Alabama,"Etowah County, AL",Time in U.S.,Not Known,65
Alabama,"Etowah County, AL",Time in U.S.,Up to 1 year,46
Alabama,"Etowah County, AL",Time in U.S.,Between 1 and 2 years,40
Alabama,"Etowah County, AL",Time in U.S.,20 years or more,39
Alabama,"Etowah County, AL",Time in U.S.,Between 15 and 20 years,26
Alabama,"Etowah County, AL",Time in U.S.,Between 10 and 15 years,19
Alabama,"Etowah County, AL",Time in U.S.,Between 2 and 3 years,9
Alabama,"Etowah County, AL",Time in U.S.,Between 4 and 5 years,5
Alabama,"Etowah County, AL",Time in U.S.,Between 3 and 4 years,5
Alabama,"Etowah County, AL",Time in U.S.,Between 6 and 7 years,5
Alabama,"Etowah County, AL",Time in U.S.,Between 8 and 9 years,3
Alabama,"Etowah County, AL",Time in U.S.,Between 7 and 8 years,3
Alabama,"Etowah County, AL",Time in U.S.,Between 5 and 6 years,2
Alabama,"Etowah County, AL",Time in U.S.,Between 9 and 10 years,2
Alabama,"Etowah County, AL",Legal Permanent Resident,All,269
Alabama,"Etowah County, AL",Legal Permanent Resident,No,269
Alabama,"Etowah County, AL",Asylum Seeker/Refugee,All,269
Alabama,"Etowah County, AL",Asylum Seeker/Refugee,No,269
Alabama,"Etowah County, AL",Most Serious Criminal Conviction,All,269
Alabama,"Etowah County, AL",Most Serious Criminal Conviction,No Conviction,269
Alabama,"Etowah County, AL",Seriousness Level of MSCC,All,269
Alabama,"Etowah County, AL",Seriousness Level of MSCC,No Conviction,269
Alabama,"Etowah County, AL",Length of Time Since MSCC,All,269
Alabama,"Etowah County, AL",Length of Time Since MSCC,Not Known,269
Alabama,"Etowah County, AL",Gender,All,269
Alabama,"Etowah County, AL",Gender,Male,269
Alabama,"Etowah County, AL",Citizenship,All,269
Alabama,"Etowah County, AL",Citizenship,MEXICO,31
Alabama,"Etowah County, AL",Citizenship,JAMAICA,20
Alabama,"Etowah County, AL",Citizenship,EL SALVADOR,18
Alabama,"Etowah County, AL",Citizenship,INDIA,16
Alabama,"Etowah County, AL",Citizenship,GUATEMALA,15
Alabama,"Etowah County, AL",Citizenship,ERITREA,11
Alabama,"Etowah County, AL",Citizenship,GAMBIA,10
Alabama,"Etowah County, AL",Citizenship,"CHINA, PEOPLES REPUBLIC OF",10
Alabama,"Etowah County, AL",Citizenship,ECUADOR,10
Alabama,"Etowah County, AL",Citizenship,HAITI,8
Alabama,"Etowah County, AL",Citizenship,DEM REP OF THE CONGO,8
Alabama,"Etowah County, AL",Citizenship,BANGLADESH,8
Alabama,"Etowah County, AL",Citizenship,CAMEROON,8
Alabama,"Etowah County, AL",Citizenship,HONDURAS,6
Alabama,"Etowah County, AL",Citizenship,GUINEA,6
Alabama,"Etowah County, AL",Citizenship,PAKISTAN,5
Alabama,"Etowah County, AL",Citizenship,VIETNAM,5
Alabama,"Etowah County, AL",Citizenship,LIBERIA,4
Alabama,"Etowah County, AL",Citizenship,NIGERIA,4
Alabama,"Etowah County, AL",Citizenship,IRAQ,4
Alabama,"Etowah County, AL",Citizenship,NICARAGUA,4
Alabama,"Etowah County, AL",Citizenship,ETHIOPIA,3
Alabama,"Etowah County, AL",Citizenship,SRI LANKA,3
Alabama,"Etowah County, AL",Citizenship,BAHAMAS,3
Alabama,"Etowah County, AL",Citizenship,NEPAL,3
Alabama,"Etowah County, AL",Citizenship,BRAZIL,3
Alabama,"Etowah County, AL",Citizenship,VENEZUELA,3
Alabama,"Etowah County, AL",Citizenship,RUSSIA,2
Alabama,"Etowah County, AL",Citizenship,LAOS,2
Alabama,"Etowah County, AL",Citizenship,CAPE VERDE,2
Alabama,"Etowah County, AL",Citizenship,GUYANA,2
Alabama,"Etowah County, AL",Citizenship,ANGOLA,2
Alabama,"Etowah County, AL",Citizenship,SOMALIA,2
Alabama,"Etowah County, AL",Citizenship,PHILIPPINES,2
Alabama,"Etowah County, AL",Citizenship,DOMINICAN REPUBLIC,2
Alabama,"Etowah County, AL",Citizenship,CUBA,2
Alabama,"Etowah County, AL",Citizenship,GHANA,2
Alabama,"Etowah County, AL",Citizenship,YEMEN,1
Alabama,"Etowah County, AL",Citizenship,CANADA,1
Alabama,"Etowah County, AL",Citizenship,CONGO,1
Alabama,"Etowah County, AL",Citizenship,BOLIVIA,1
Alabama,"Etowah County, AL",Citizenship,UZBEKISTAN,1
Alabama,"Etowah County, AL",Citizenship,TURKEY,1
Alabama,"Etowah County, AL",Citizenship,GRENADA,1
Alabama,"Etowah County, AL",Citizenship,PARAGUAY,1
Alabama,"Etowah County, AL",Citizenship,COLOMBIA,1
Alabama,"Etowah County, AL",Citizenship,SOUTH SUDAN,1
Alabama,"Etowah County, AL",Citizenship,MALI,1
Alabama,"Etowah County, AL",Citizenship,LEBANON,1
Alabama,"Etowah County, AL",Citizenship,UNITED KINGDOM,1
Alabama,"Etowah County, AL",Citizenship,TRINIDAD AND TOBAGO,1
Alabama,"Etowah County, AL",Citizenship,PERU,1
Alabama,"Etowah County, AL",Citizenship,CHAD,1
Alabama,"Etowah County, AL",Citizenship,JORDAN,1
Alabama,"Etowah County, AL",Citizenship,MOLDOVA,1
Alabama,"Etowah County, AL",Citizenship,AFGHANISTAN,1
Alabama,"Etowah County, AL",Citizenship,GUINEA-BISSAU,1
Alabama,"Etowah County, AL",Age Group,All,269
Alabama,"Etowah County, AL",Age Group,Age information witheld by ICE,269
Alabama,"DeKalb County, AL",Facility Type,All,25
Alabama,"DeKalb County, AL",Facility Type,County Facility,25
Alabama,"DeKalb County, AL",Facility Type (Detailed),All,25
Alabama,"DeKalb County, AL",Facility Type (Detailed),Intergovernment agreement with USMS which ICE utilizes,25
Alabama,"DeKalb County, AL",Facility Operator,All,25
Alabama,"DeKalb County, AL",Facility Operator,County Sheriff Department,25
Alabama,"DeKalb County, AL",Facility Owner,All,25
Alabama,"DeKalb County, AL",Facility Owner,County,25
Alabama,"DeKalb County, AL",Entered ICE Custody by Month,All,25
Alabama,"DeKalb County, AL",Entered ICE Custody by Month,2018-08,22
Alabama,"DeKalb County, AL",Entered ICE Custody by Month,2018-07,3
Alabama,"DeKalb County, AL",Time in U.S.,All,25
Alabama,"DeKalb County, AL",Time in U.S.,Not Known,23
Alabama,"DeKalb County, AL",Time in U.S.,Between 5 and 6 years,1
Alabama,"DeKalb County, AL",Time in U.S.,Between 2 and 3 years,1
Alabama,"DeKalb County, AL",Legal Permanent Resident,All,25
Alabama,"DeKalb County, AL",Legal Permanent Resident,No,25
Alabama,"DeKalb County, AL",Asylum Seeker/Refugee,All,25
Alabama,"DeKalb County, AL",Asylum Seeker/Refugee,No,25
Alabama,"DeKalb County, AL",Most Serious Criminal Conviction,All,25
Alabama,"DeKalb County, AL",Most Serious Criminal Conviction,No Conviction,25
Alabama,"DeKalb County, AL",Seriousness Level of MSCC,All,25
Alabama,"DeKalb County, AL",Seriousness Level of MSCC,No Conviction,25
Alabama,"DeKalb County, AL",Length of Time Since MSCC,All,25
Alabama,"DeKalb County, AL",Length of Time Since MSCC,Not Known,25
Alabama,"DeKalb County, AL",Gender,All,25
Alabama,"DeKalb County, AL",Gender,Male,25
Alabama,"DeKalb County, AL",Citizenship,All,25
Alabama,"DeKalb County, AL",Citizenship,MEXICO,20
Alabama,"DeKalb County, AL",Citizenship,HONDURAS,2
Alabama,"DeKalb County, AL",Citizenship,GUATEMALA,2
Alabama,"DeKalb County, AL",Citizenship,EL SALVADOR,1
Alabama,"DeKalb County, AL",Age Group,All,25
Alabama,"DeKalb County, AL",Age Group,Age information witheld by ICE,25
Alabama,"Montgomery County, AL",Facility Type,All,5
Alabama,"Montgomery County, AL",Facility Type,Local Facility,5
Alabama,"Montgomery County, AL",Facility Type (Detailed),All,5
Alabama,"Montgomery County, AL",Facility Type (Detailed),Intergovernmental Service Agreement: a facility operated by state/local govt,5
Alabama,"Montgomery County, AL",Facility Operator,All,5
Alabama,"Montgomery County, AL",Facility Operator,City or Municipality,5
Alabama,"Montgomery County, AL",Facility Owner,All,5
Alabama,"Montgomery County, AL",Facility Owner,City or Municipality,5
Alabama,"Montgomery County, AL",Entered ICE Custody by Month,All,5
Alabama,"Montgomery County, AL",Entered ICE Custody by Month,2018-08,5
Alabama,"Montgomery County, AL",Time in U.S.,All,5
Alabama,"Montgomery County, AL",Time in U.S.,Not Known,5
Alabama,"Montgomery County, AL",Legal Permanent Resident,All,5
Alabama,"Montgomery County, AL",Legal Permanent Resident,No,5
Alabama,"Montgomery County, AL",Asylum Seeker/Refugee,All,5
Alabama,"Montgomery County, AL",Asylum Seeker/Refugee,No,5
Alabama,"Montgomery County, AL",Most Serious Criminal Conviction,All,5
Alabama,"Montgomery County, AL",Most Serious Criminal Conviction,No Conviction,5
Alabama,"Montgomery County, AL",Seriousness Level of MSCC,All,5
Alabama,"Montgomery County, AL",Seriousness Level of MSCC,No Conviction,5
Alabama,"Montgomery County, AL",Length of Time Since MSCC,All,5
Alabama,"Montgomery County, AL",Length of Time Since MSCC,Not Known,5
Alabama,"Montgomery County, AL",Gender,All,5
Alabama,"Montgomery County, AL",Gender,Male,5
Alabama,"Montgomery County, AL",Citizenship,All,5
Alabama,"Montgomery County, AL",Citizenship,MEXICO,3
Alabama,"Montgomery County, AL",Citizenship,EL SALVADOR,1
Alabama,"Montgomery County, AL",Citizenship,GUATEMALA,1
Alabama,"Montgomery County, AL",Age Group,All,5
Alabama,"Montgomery County, AL",Age Group,Age information witheld by ICE,5
Alabama,"Baldwin County, AL",Facility Type,All,4
Alabama,"Baldwin County, AL",Facility Type,County Facility,4
Alabama,"Baldwin County, AL",Facility Type (Detailed),All,4
Alabama,"Baldwin County, AL",Facility Type (Detailed),Intergovernmental Service Agreement: a facility operated by state/local govt,4
Alabama,"Baldwin County, AL",Facility Operator,All,4
Alabama,"Baldwin County, AL",Facility Operator,County Sheriff Department,4
Alabama,"Baldwin County, AL",Facility Owner,All,4
Alabama,"Baldwin County, AL",Facility Owner,County,4
Alabama,"Baldwin County, AL",Entered ICE Custody by Month,All,4
Alabama,"Baldwin County, AL",Entered ICE Custody by Month,2018-08,4
Alabama,"Baldwin County, AL",Time in U.S.,All,4
Alabama,"Baldwin County, AL",Time in U.S.,Not Known,1
Alabama,"Baldwin County, AL",Time in U.S.,20 years or more,1
Alabama,"Baldwin County, AL",Time in U.S.,Between 4 and 5 years,1
Alabama,"Baldwin County, AL",Time in U.S.,Between 2 and 3 years,1
Alabama,"Baldwin County, AL",Legal Permanent Resident,All,4
Alabama,"Baldwin County, AL",Legal Permanent Resident,No,4
Alabama,"Baldwin County, AL",Asylum Seeker/Refugee,All,4
Alabama,"Baldwin County, AL",Asylum Seeker/Refugee,No,4
Alabama,"Baldwin County, AL",Most Serious Criminal Conviction,All,4
Alabama,"Baldwin County, AL",Most Serious Criminal Conviction,No Conviction,4
Alabama,"Baldwin County, AL",Seriousness Level of MSCC,All,4
Alabama,"Baldwin County, AL",Seriousness Level of MSCC,No Conviction,4
Alabama,"Baldwin County, AL",Length of Time Since MSCC,All,4
Alabama,"Baldwin County, AL",Length of Time Since MSCC,Not Known,4
Alabama,"Baldwin County, AL",Gender,All,4
Alabama,"Baldwin County, AL",Gender,Male,4
Alabama,"Baldwin County, AL",Citizenship,All,4
Alabama,"Baldwin County, AL",Citizenship,MEXICO,1
Alabama,"Baldwin County, AL",Citizenship,HONDURAS,1
Alabama,"Baldwin County, AL",Citizenship,GUATEMALA,1
Alabama,"Baldwin County, AL",Citizenship,DEM REP OF THE CONGO,1
Alabama,"Baldwin County, AL",Age Group,All,4
Alabama,"Baldwin County, AL",Age Group,Age information witheld by ICE,4
Iowa,"Marshall County, IA",Facility Type,All,67
Iowa,"Marshall County, IA",Facility Type,County Facility,67
Iowa,"Marshall County, IA",Facility Type (Detailed),All,67
Iowa,"Marshall County, IA",Facility Type (Detailed),Intergovernment agreement with USMS which ICE utilizes,67
Iowa,"Marshall County, IA",Facility Operator,All,67
Iowa,"Marshall County, IA",Facility Operator,County Sheriff Department,67
Iowa,"Marshall County, IA",Facility Owner,All,67
Iowa,"Marshall County, IA",Facility Owner,County,67
Iowa,"Marshall County, IA",Entered ICE Custody by Month,All,67
Iowa,"Marshall County, IA",Entered ICE Custody by Month,2018-07,24
Iowa,"Marshall County, IA",Entered ICE Custody by Month,2018-06,13
Iowa,"Marshall County, IA",Entered ICE Custody by Month,2018-05,13
Iowa,"Marshall County, IA",Entered ICE Custody by Month,2018-08,6
Iowa,"Marshall County, IA",Entered ICE Custody by Month,2018-04,3
Iowa,"Marshall County, IA",Entered ICE Custody by Month,2018-03,3
Iowa,"Marshall County, IA",Entered ICE Custody by Month,2018-02,1
Iowa,"Marshall County, IA",Entered ICE Custody by Month,2018-01,1
Iowa,"Marshall County, IA",Entered ICE Custody by Month,2017-12,1
Iowa,"Marshall County, IA",Entered ICE Custody by Month,2017-08,1
Iowa,"Marshall County, IA",Entered ICE Custody by Month,2017-07,1
Iowa,"Marshall County, IA",Time in U.S.,All,67
Iowa,"Marshall County, IA",Time in U.S.,Not Known,40
Iowa,"Marshall County, IA",Time in U.S.,Between 10 and 15 years,6
Iowa,"Marshall County, IA",Time in U.S.,Between 2 and 3 years,4
Iowa,"Marshall County, IA",Time in U.S.,Up to 1 year,3
Iowa,"Marshall County, IA",Time in U.S.,20 years or more,3
Iowa,"Marshall County, IA",Time in U.S.,Between 15 and 20 years,3
Iowa,"Marshall County, IA",Time in U.S.,Between 3 and 4 years,2
Iowa,"Marshall County, IA",Time in U.S.,Between 6 and 7 years,2
Iowa,"Marshall County, IA",Time in U.S.,Between 5 and 6 years,1
Iowa,"Marshall County, IA",Time in U.S.,Between 1 and 2 years,1
Iowa,"Marshall County, IA",Time in U.S.,Between 8 and 9 years,1
Iowa,"Marshall County, IA",Time in U.S.,Between 7 and 8 years,1
Iowa,"Marshall County, IA",Legal Permanent Resident,All,67
Iowa,"Marshall County, IA",Legal Permanent Resident,No,67
Iowa,"Marshall County, IA",Asylum Seeker/Refugee,All,67
Iowa,"Marshall County, IA",Asylum Seeker/Refugee,No,67
Iowa,"Marshall County, IA",Most Serious Criminal Conviction,All,67
Iowa,"Marshall County, IA",Most Serious Criminal Conviction,No Conviction,67
Iowa,"Marshall County, IA",Seriousness Level of MSCC,All,67
Iowa,"Marshall County, IA",Seriousness Level of MSCC,No Conviction,67
Iowa,"Marshall County, IA",Length of Time Since MSCC,All,67
Iowa,"Marshall County, IA",Length of Time Since MSCC,Not Known,67
Iowa,"Marshall County, IA",Gender,All,67
Iowa,"Marshall County, IA",Gender,Male,62
Iowa,"Marshall County, IA",Gender,Female,5
Iowa,"Marshall County, IA",Citizenship,All,67
Iowa,"Marshall County, IA",Citizenship,MEXICO,24
Iowa,"Marshall County, IA",Citizenship,GUATEMALA,16
Iowa,"Marshall County, IA",Citizenship,HONDURAS,7
Iowa,"Marshall County, IA",Citizenship,EL SALVADOR,5
Iowa,"Marshall County, IA",Citizenship,SOUTH SUDAN,4
Iowa,"Marshall County, IA",Citizenship,SUDAN,3
Iowa,"Marshall County, IA",Citizenship,BURMA,1
Iowa,"Marshall County, IA",Citizenship,KENYA,1
Iowa,"Marshall County, IA",Citizenship,ERITREA,1
Iowa,"Marshall County, IA",Citizenship,LIBERIA,1
Iowa,"Marshall County, IA",Citizenship,PERU,1
Iowa,"Marshall County, IA",Citizenship,SOMALIA,1
Iowa,"Marshall County, IA",Citizenship,INDIA,1
Iowa,"Marshall County, IA",Citizenship,LAOS,1
Iowa,"Marshall County, IA",Age Group,All,67
Iowa,"Marshall County, IA",Age Group,Age information witheld by ICE,67
Iowa,"Hardin County, IA",Facility Type,All,58
Iowa,"Hardin County, IA",Facility Type,County Facility,58
Iowa,"Hardin County, IA",Facility Type (Detailed),All,58
Iowa,"Hardin County, IA",Facility Type (Detailed),Intergovernmental Service Agreement: a facility operated by state/local govt,58
Iowa,"Hardin County, IA",Facility Operator,All,58
Iowa,"Hardin County, IA",Facility Operator,County Sheriff Department,58
Iowa,"Hardin County, IA",Facility Owner,All,58
Iowa,"Hardin County, IA",Facility Owner,County,58
Iowa,"Hardin County, IA",Entered ICE Custody by Month,All,58
Iowa,"Hardin County, IA",Entered ICE Custody by Month,2018-07,25
Iowa,"Hardin County, IA",Entered ICE Custody by Month,2018-06,16
Iowa,"Hardin County, IA",Entered ICE Custody by Month,2018-03,4
Iowa,"Hardin County, IA",Entered ICE Custody by Month,2018-05,4
Iowa,"Hardin County, IA",Entered ICE Custody by Month,2018-04,3
Iowa,"Hardin County, IA",Entered ICE Custody by Month,2018-08,3
Iowa,"Hardin County, IA",Entered ICE Custody by Month,2017-11,1
Iowa,"Hardin County, IA",Entered ICE Custody by Month,2017-12,1
Iowa,"Hardin County, IA",Entered ICE Custody by Month,2018-01,1
Iowa,"Hardin County, IA",Time in U.S.,All,58
Iowa,"Hardin County, IA",Time in U.S.,Not Known,32
Iowa,"Hardin County, IA",Time in U.S.,Between 10 and 15 years,8
Iowa,"Hardin County, IA",Time in U.S.,20 years or more,6
Iowa,"Hardin County, IA",Time in U.S.,Between 15 and 20 years,4
Iowa,"Hardin County, IA",Time in U.S.,Between 3 and 4 years,2
Iowa,"Hardin County, IA",Time in U.S.,Between 2 and 3 years,2
Iowa,"Hardin County, IA",Time in U.S.,Between 5 and 6 years,1
Iowa,"Hardin County, IA",Time in U.S.,Between 6 and 7 years,1
Iowa,"Hardin County, IA",Time in U.S.,Between 9 and 10 years,1
Iowa,"Hardin County, IA",Time in U.S.,Between 8 and 9 years,1
Iowa,"Hardin County, IA",Legal Permanent Resident,All,58
Iowa,"Hardin County, IA",Legal Permanent Resident,No,58
Iowa,"Hardin County, IA",Asylum Seeker/Refugee,All,58
Iowa,"Hardin County, IA",Asylum Seeker/Refugee,No,58
Iowa,"Hardin County, IA",Most Serious Criminal Conviction,All,58
Iowa,"Hardin County, IA",Most Serious Criminal Conviction,No Conviction,58
Iowa,"Hardin County, IA",Seriousness Level of MSCC,All,58
Iowa,"Hardin County, IA",Seriousness Level of MSCC,No Conviction,58
Iowa,"Hardin County, IA",Length of Time Since MSCC,All,58
Iowa,"Hardin County, IA",Length of Time Since MSCC,Not Known,58
Iowa,"Hardin County, IA",Gender,All,58
Iowa,"Hardin County, IA",Gender,Male,56
Iowa,"Hardin County, IA",Gender,Female,2
Iowa,"Hardin County, IA",Citizenship,All,58
Iowa,"Hardin County, IA",Citizenship,GUATEMALA,13
Iowa,"Hardin County, IA",Citizenship,MEXICO,11
Iowa,"Hardin County, IA",Citizenship,HONDURAS,8
Iowa,"Hardin County, IA",Citizenship,EL SALVADOR,5
Iowa,"Hardin County, IA",Citizenship,SOUTH SUDAN,3
Iowa,"Hardin County, IA",Citizenship,BURUNDI,3
Iowa,"Hardin County, IA",Citizenship,BURMA,2
Iowa,"Hardin County, IA",Citizenship,LIBERIA,1
Iowa,"Hardin County, IA",Citizenship,LAOS,1
Iowa,"Hardin County, IA",Citizenship,SUDAN,1
Iowa,"Hardin County, IA",Citizenship,CANADA,1
Iowa,"Hardin County, IA",Citizenship,MARSHALL ISLANDS,1
Iowa,"Hardin County, IA",Citizenship,IVORY COAST,1
Iowa,"Hardin County, IA",Citizenship,INDIA,1
Iowa,"Hardin County, IA",Citizenship,SIERRA LEONE,1
Iowa,"Hardin County, IA",Citizenship,SOMALIA,1
Iowa,"Hardin County, IA",Citizenship,BOSNIA-HERZEGOVINA,1
Iowa,"Hardin County, IA",Citizenship,VIETNAM,1
Iowa,"Hardin County, IA",Citizenship,PAKISTAN,1
Iowa,"Hardin County, IA",Citizenship,KENYA,1
Iowa,"Hardin County, IA",Age Group,All,58
Iowa,"Hardin County, IA",Age Group,Age information witheld by ICE,58
Iowa,"Polk County, IA",Facility Type,All,33
Iowa,"Polk County, IA",Facility Type,County Facility,33
Iowa,"Polk County, IA",Facility Type (Detailed),All,33
Iowa,"Polk County, IA",Facility Type (Detailed),Intergovernment agreement with USMS which ICE utilizes,33
Iowa,"Polk County, IA",Facility Operator,All,33
Iowa,"Polk County, IA",Facility Operator,County Sheriff Department,33
Iowa,"Polk County, IA",Facility Owner,All,33
Iowa,"Polk County, IA",Facility Owner,County,33
Iowa,"Polk County, IA",Entered ICE Custody by Month,All,33
Iowa,"Polk County, IA",Entered ICE Custody by Month,2018-07,15
Iowa,"Polk County, IA",Entered ICE Custody by Month,2018-08,8
Iowa,"Polk County, IA",Entered ICE Custody by Month,2018-06,7
Iowa,"Polk County, IA",Entered ICE Custody by Month,2018-05,3
Iowa,"Polk County, IA",Time in U.S.,All,33
Iowa,"Polk County, IA",Time in U.S.,Not Known,26
Iowa,"Polk County, IA",Time in U.S.,Between 15 and 20 years,2
Iowa,"Polk County, IA",Time in U.S.,Between 10 and 15 years,2
Iowa,"Polk County, IA",Time in U.S.,20 years or more,1
Iowa,"Polk County, IA",Time in U.S.,Between 5 and 6 years,1
Iowa,"Polk County, IA",Time in U.S.,Up to 1 year,1
Iowa,"Polk County, IA",Legal Permanent Resident,All,33
Iowa,"Polk County, IA",Legal Permanent Resident,No,33
Iowa,"Polk County, IA",Asylum Seeker/Refugee,All,33
Iowa,"Polk County, IA",Asylum Seeker/Refugee,No,33
Iowa,"Polk County, IA",Most Serious Criminal Conviction,All,33
Iowa,"Polk County, IA",Most Serious Criminal Conviction,No Conviction,33
Iowa,"Polk County, IA",Seriousness Level of MSCC,All,33
Iowa,"Polk County, IA",Seriousness Level of MSCC,No Conviction,33
Iowa,"Polk County, IA",Length of Time Since MSCC,All,33
Iowa,"Polk County, IA",Length of Time Since MSCC,Not Known,33
Iowa,"Polk County, IA",Gender,All,33
Iowa,"Polk County, IA",Gender,Male,33
Iowa,"Polk County, IA",Citizenship,All,33
Iowa,"Polk County, IA",Citizenship,MEXICO,23
Iowa,"Polk County, IA",Citizenship,GUATEMALA,3
Iowa,"Polk County, IA",Citizenship,EL SALVADOR,2
Iowa,"Polk County, IA",Citizenship,HONDURAS,2
Iowa,"Polk County, IA",Citizenship,SOUTH AFRICA,1
Iowa,"Polk County, IA",Citizenship,LIBERIA,1
Iowa,"Polk County, IA",Citizenship,LAOS,1
Iowa,"Polk County, IA",Age Group,All,33
Iowa,"Polk County, IA",Age Group,Age information witheld by ICE,33
Iowa,"Pottawattamie County, IA",Facility Type,All,14
Iowa,"Pottawattamie County, IA",Facility Type,County Facility,14
Iowa,"Pottawattamie County, IA",Facility Type (Detailed),All,14
Iowa,"Pottawattamie County, IA",Facility Type (Detailed),Intergovernment agreement with USMS which ICE utilizes,14
Iowa,"Pottawattamie County, IA",Facility Operator,All,14
Iowa,"Pottawattamie County, IA",Facility Operator,County Sheriff Department,14
Iowa,"Pottawattamie County, IA",Facility Owner,All,14
Iowa,"Pottawattamie County, IA",Facility Owner,County,14
Iowa,"Pottawattamie County, IA",Entered ICE Custody by Month,All,14
Iowa,"Pottawattamie County, IA",Entered ICE Custody by Month,2018-06,4
Iowa,"Pottawattamie County, IA",Entered ICE Custody by Month,2018-07,3
Iowa,"Pottawattamie County, IA",Entered ICE Custody by Month,2018-05,2
Iowa,"Pottawattamie County, IA",Entered ICE Custody by Month,2017-01,1
Iowa,"Pottawattamie County, IA",Entered ICE Custody by Month,2018-01,1
Iowa,"Pottawattamie County, IA",Entered ICE Custody by Month,2018-02,1
Iowa,"Pottawattamie County, IA",Entered ICE Custody by Month,2018-03,1
Iowa,"Pottawattamie County, IA",Entered ICE Custody by Month,2018-08,1
Iowa,"Pottawattamie County, IA",Time in U.S.,All,14
Iowa,"Pottawattamie County, IA",Time in U.S.,Not Known,5
Iowa,"Pottawattamie County, IA",Time in U.S.,Between 9 and 10 years,2
Iowa,"Pottawattamie County, IA",Time in U.S.,Between 15 and 20 years,1
Iowa,"Pottawattamie County, IA",Time in U.S.,20 years or more,1
Iowa,"Pottawattamie County, IA",Time in U.S.,Between 5 and 6 years,1
Iowa,"Pottawattamie County, IA",Time in U.S.,Between 10 and 15 years,1
Iowa,"Pottawattamie County, IA",Time in U.S.,Between 2 and 3 years,1
Iowa,"Pottawattamie County, IA",Time in U.S.,Between 8 and 9 years,1
Iowa,"Pottawattamie County, IA",Time in U.S.,Up to 1 year,1
Iowa,"Pottawattamie County, IA",Legal Permanent Resident,All,14
Iowa,"Pottawattamie County, IA",Legal Permanent Resident,No,14
Iowa,"Pottawattamie County, IA",Asylum Seeker/Refugee,All,14
Iowa,"Pottawattamie County, IA",Asylum Seeker/Refugee,No,14
Iowa,"Pottawattamie County, IA",Most Serious Criminal Conviction,All,14
Iowa,"Pottawattamie County, IA",Most Serious Criminal Conviction,No Conviction,14
Iowa,"Pottawattamie County, IA",Seriousness Level of MSCC,All,14
Iowa,"Pottawattamie County, IA",Seriousness Level of MSCC,No Conviction,14
Iowa,"Pottawattamie County, IA",Length of Time Since MSCC,All,14
Iowa,"Pottawattamie County, IA",Length of Time Since MSCC,Not Known,14
Iowa,"Pottawattamie County, IA",Gender,All,14
Iowa,"Pottawattamie County, IA",Gender,Male,13
Iowa,"Pottawattamie County, IA",Gender,Female,1
Iowa,"Pottawattamie County, IA",Citizenship,All,14
Iowa,"Pottawattamie County, IA",Citizenship,MEXICO,10
Iowa,"Pottawattamie County, IA",Citizenship,CUBA,1
Iowa,"Pottawattamie County, IA",Citizenship,COLOMBIA,1
Iowa,"Pottawattamie County, IA",Citizenship,RUSSIA,1
Iowa,"Pottawattamie County, IA",Citizenship,ISRAEL,1
Iowa,"Pottawattamie County, IA",Age Group,All,14
Iowa,"Pottawattamie County, IA",Age Group,Age information witheld by ICE,14
Iowa,"Linn County, IA",Facility Type,All,13
Iowa,"Linn County, IA",Facility Type,County Facility,13
Iowa,"Linn County, IA",Facility Type (Detailed),All,13
Iowa,"Linn County, IA",Facility Type (Detailed),Intergovernment agreement with USMS which ICE utilizes,13
Iowa,"Linn County, IA",Facility Operator,All,13
Iowa,"Linn County, IA",Facility Operator,County Sheriff Department,13
Iowa,"Linn County, IA",Facility Owner,All,13
Iowa,"Linn County, IA",Facility Owner,County,13
Iowa,"Linn County, IA",Entered ICE Custody by Month,All,13
Iowa,"Linn County, IA",Entered ICE Custody by Month,2018-07,5
Iowa,"Linn County, IA",Entered ICE Custody by Month,2018-08,5
Iowa,"Linn County, IA",Entered ICE Custody by Month,2018-01,2
Iowa,"Linn County, IA",Entered ICE Custody by Month,2017-12,1
Iowa,"Linn County, IA",Time in U.S.,All,13
Iowa,"Linn County, IA",Time in U.S.,Not Known,8
Iowa,"Linn County, IA",Time in U.S.,Between 2 and 3 years,2
Iowa,"Linn County, IA",Time in U.S.,20 years or more,1
Iowa,"Linn County, IA",Time in U.S.,Between 3 and 4 years,1
Iowa,"Linn County, IA",Time in U.S.,Between 9 and 10 years,1
Iowa,"Linn County, IA",Legal Permanent Resident,All,13
Iowa,"Linn County, IA",Legal Permanent Resident,No,13
Iowa,"Linn County, IA",Asylum Seeker/Refugee,All,13
Iowa,"Linn County, IA",Asylum Seeker/Refugee,No,13
Iowa,"Linn County, IA",Most Serious Criminal Conviction,All,13
Iowa,"Linn County, IA",Most Serious Criminal Conviction,No Conviction,13
Iowa,"Linn County, IA",Seriousness Level of MSCC,All,13
Iowa,"Linn County, IA",Seriousness Level of MSCC,No Conviction,13
Iowa,"Linn County, IA",Length of Time Since MSCC,All,13
Iowa,"Linn County, IA",Length of Time Since MSCC,Not Known,13
Iowa,"Linn County, IA",Gender,All,13
Iowa,"Linn County, IA",Gender,Male,10
Iowa,"Linn County, IA",Gender,Female,3
Iowa,"Linn County, IA",Citizenship,All,13
Iowa,"Linn County, IA",Citizenship,MEXICO,5
Iowa,"Linn County, IA",Citizenship,GUATEMALA,3
Iowa,"Linn County, IA",Citizenship,EL SALVADOR,1
Iowa,"Linn County, IA",Citizenship,IRAQ,1
Iowa,"Linn County, IA",Citizenship,PAKISTAN,1
Iowa,"Linn County, IA",Citizenship,BURMA,1
Iowa,"Linn County, IA",Citizenship,BHUTAN,1
Iowa,"Linn County, IA",Age Group,All,13
Iowa,"Linn County, IA",Age Group,Age information witheld by ICE,13
Kentucky,"Boone County, KY",Facility Type,All,155
Kentucky,"Boone County, KY",Facility Type,County Facility,155
Kentucky,"Boone County, KY",Facility Type (Detailed),All,155
Kentucky,"Boone County, KY",Facility Type (Detailed),Intergovernment agreement with USMS which ICE utilizes,155
Kentucky,"Boone County, KY",Facility Operator,All,155
Kentucky,"Boone County, KY",Facility Operator,County Regional Jail Authority,155
Kentucky,"Boone County, KY",Facility Owner,All,155
Kentucky,"Boone County, KY",Facility Owner,County,155
Kentucky,"Boone County, KY",Entered ICE Custody by Month,All,155
Kentucky,"Boone County, KY",Entered ICE Custody by Month,2018-07,73
Kentucky,"Boone County, KY",Entered ICE Custody by Month,2018-06,43
Kentucky,"Boone County, KY",Entered ICE Custody by Month,2018-08,20
Kentucky,"Boone County, KY",Entered ICE Custody by Month,2018-05,13
Kentucky,"Boone County, KY",Entered ICE Custody by Month,2018-04,4
Kentucky,"Boone County, KY",Entered ICE Custody by Month,2017-12,1
Kentucky,"Boone County, KY",Entered ICE Custody by Month,2018-02,1
Kentucky,"Boone County, KY",Time in U.S.,All,155
Kentucky,"Boone County, KY",Time in U.S.,Not Known,114
Kentucky,"Boone County, KY",Time in U.S.,Between 3 and 4 years,8
Kentucky,"Boone County, KY",Time in U.S.,Up to 1 year,8
Kentucky,"Boone County, KY",Time in U.S.,Between 5 and 6 years,5
Kentucky,"Boone County, KY",Time in U.S.,Between 15 and 20 years,4
Kentucky,"Boone County, KY",Time in U.S.,Between 8 and 9 years,4
Kentucky,"Boone County, KY",Time in U.S.,Between 10 and 15 years,3
Kentucky,"Boone County, KY",Time in U.S.,Between 1 and 2 years,3
Kentucky,"Boone County, KY",Time in U.S.,Between 4 and 5 years,3
Kentucky,"Boone County, KY",Time in U.S.,20 years or more,2
Kentucky,"Boone County, KY",Time in U.S.,Between 9 and 10 years,1
Kentucky,"Boone County, KY",Legal Permanent Resident,All,155
Kentucky,"Boone County, KY",Legal Permanent Resident,No,155
Kentucky,"Boone County, KY",Asylum Seeker/Refugee,All,155
Kentucky,"Boone County, KY",Asylum Seeker/Refugee,No,155
Kentucky,"Boone County, KY",Most Serious Criminal Conviction,All,155
Kentucky,"Boone County, KY",Most Serious Criminal Conviction,No Conviction,155
Kentucky,"Boone County, KY",Seriousness Level of MSCC,All,155
Kentucky,"Boone County, KY",Seriousness Level of MSCC,No Conviction,155
Kentucky,"Boone County, KY",Length of Time Since MSCC,All,155
Kentucky,"Boone County, KY",Length of Time Since MSCC,Not Known,155
Kentucky,"Boone County, KY",Gender,All,155
Kentucky,"Boone County, KY",Gender,Male,146
Kentucky,"Boone County, KY",Gender,Female,9
Kentucky,"Boone County, KY",Citizenship,All,155
Kentucky,"Boone County, KY",Citizenship,MEXICO,100
Kentucky,"Boone County, KY",Citizenship,GUATEMALA,29
Kentucky,"Boone County, KY",Citizenship,HONDURAS,11
Kentucky,"Boone County, KY",Citizenship,CUBA,7
Kentucky,"Boone County, KY",Citizenship,EL SALVADOR,3
Kentucky,"Boone County, KY",Citizenship,BOSNIA-HERZEGOVINA,1
Kentucky,"Boone County, KY",Citizenship,IRAQ,1
Kentucky,"Boone County, KY",Citizenship,JORDAN,1
Kentucky,"Boone County, KY",Citizenship,NICARAGUA,1
Kentucky,"Boone County, KY",Citizenship,USSR,1
Kentucky,"Boone County, KY",Age Group,All,155
Kentucky,"Boone County, KY",Age Group,Age information witheld by ICE,155
Kentucky,"Fayette County, KY",Facility Type,All,6
Kentucky,"Fayette County, KY",Facility Type,County Facility,6
Kentucky,"Fayette County, KY",Facility Type (Detailed),All,6
Kentucky,"Fayette County, KY",Facility Type (Detailed),Intergovernment agreement with USMS which ICE utilizes,6
Kentucky,"Fayette County, KY",Facility Operator,All,6
Kentucky,"Fayette County, KY",Facility Operator,County,6
Kentucky,"Fayette County, KY",Facility Owner,All,6
Kentucky,"Fayette County, KY",Facility Owner,County,6
Kentucky,"Fayette County, KY",Entered ICE Custody by Month,All,6
Kentucky,"Fayette County, KY",Entered ICE Custody by Month,2018-08,6
Kentucky,"Fayette County, KY",Time in U.S.,All,6
Kentucky,"Fayette County, KY",Time in U.S.,Not Known,5
Kentucky,"Fayette County, KY",Time in U.S.,20 years or more,1
Kentucky,"Fayette County, KY",Legal Permanent Resident,All,6
Kentucky,"Fayette County, KY",Legal Permanent Resident,No,6
Kentucky,"Fayette County, KY",Asylum Seeker/Refugee,All,6
Kentucky,"Fayette County, KY",Asylum Seeker/Refugee,No,6
Kentucky,"Fayette County, KY",Most Serious Criminal Conviction,All,6
Kentucky,"Fayette County, KY",Most Serious Criminal Conviction,No Conviction,6
Kentucky,"Fayette County, KY",Seriousness Level of MSCC,All,6
Kentucky,"Fayette County, KY",Seriousness Level of MSCC,No Conviction,6
Kentucky,"Fayette County, KY",Length of Time Since MSCC,All,6
Kentucky,"Fayette County, KY",Length of Time Since MSCC,Not Known,6
Kentucky,"Fayette County, KY",Gender,All,6
Kentucky,"Fayette County, KY",Gender,Male,6
Kentucky,"Fayette County, KY",Citizenship,All,6
Kentucky,"Fayette County, KY",Citizenship,MEXICO,6
Kentucky,"Fayette County, KY",Age Group,All,6
Kentucky,"Fayette County, KY",Age Group,Age information witheld by ICE,6
Kentucky,"Oldham County, KY",Facility Type,All,1
Kentucky,"Oldham County, KY",Facility Type,County Facility,1
Kentucky,"Oldham County, KY",Facility Type (Detailed),All,1
Kentucky,"Oldham County, KY",Facility Type (Detailed),Intergovernmental Service Agreement: a facility operated by state/local govt,1
Kentucky,"Oldham County, KY",Facility Operator,All,1
Kentucky,"Oldham County, KY",Facility Operator,County Regional Jail Authority,1
Kentucky,"Oldham County, KY",Facility Owner,All,1
Kentucky,"Oldham County, KY",Facility Owner,County,1
Kentucky,"Oldham County, KY",Entered ICE Custody by Month,All,1
Kentucky,"Oldham County, KY",Entered ICE Custody by Month,2018-07,1
Kentucky,"Oldham County, KY",Time in U.S.,All,1
Kentucky,"Oldham County, KY",Time in U.S.,Not Known,1
Kentucky,"Oldham County, KY",Legal Permanent Resident,All,1
Kentucky,"Oldham County, KY",Legal Permanent Resident,No,1
Kentucky,"Oldham County, KY",Asylum Seeker/Refugee,All,1
Kentucky,"Oldham County, KY",Asylum Seeker/Refugee,No,1
Kentucky,"Oldham County, KY",Most Serious Criminal Conviction,All,1
Kentucky,"Oldham County, KY",Most Serious Criminal Conviction,No Conviction,1
Kentucky,"Oldham County, KY",Seriousness Level of MSCC,All,1
Kentucky,"Oldham County, KY",Seriousness Level of MSCC,No Conviction,1
Kentucky,"Oldham County, KY",Length of Time Since MSCC,All,1
Kentucky,"Oldham County, KY",Length of Time Since MSCC,Not Known,1
Kentucky,"Oldham County, KY",Gender,All,1
Kentucky,"Oldham County, KY",Gender,Male,1
Kentucky,"Oldham County, KY",Citizenship,All,1
Kentucky,"Oldham County, KY",Citizenship,MEXICO,1
Kentucky,"Oldham County, KY",Age Group,All,1
Kentucky,"Oldham County, KY",Age Group,Age information witheld by ICE,1
Kentucky,"Grayson County, KY",Facility Type,All,1
Kentucky,"Grayson County, KY",Facility Type,County Facility,1
Kentucky,"Grayson County, KY",Facility Type (Detailed),All,1
Kentucky,"Grayson County, KY",Facility Type (Detailed),Intergovernment agreement with USMS which ICE utilizes,1
Kentucky,"Grayson County, KY",Facility Operator,All,1
Kentucky,"Grayson County, KY",Facility Operator,County Regional Jail Authority,1
Kentucky,"Grayson County, KY",Facility Owner,All,1
Kentucky,"Grayson County, KY",Facility Owner,County,1
Kentucky,"Grayson County, KY",Entered ICE Custody by Month,All,1
Kentucky,"Grayson County, KY",Entered ICE Custody by Month,2018-07,1
Kentucky,"Grayson County, KY",Time in U.S.,All,1
Kentucky,"Grayson County, KY",Time in U.S.,Not Known,1
Kentucky,"Grayson County, KY",Legal Permanent Resident,All,1
Kentucky,"Grayson County, KY",Legal Permanent Resident,No,1
Kentucky,"Grayson County, KY",Asylum Seeker/Refugee,All,1
Kentucky,"Grayson County, KY",Asylum Seeker/Refugee,No,1
Kentucky,"Grayson County, KY",Most Serious Criminal Conviction,All,1
Kentucky,"Grayson County, KY",Most Serious Criminal Conviction,No Conviction,1
Kentucky,"Grayson County, KY",Seriousness Level of MSCC,All,1
Kentucky,"Grayson County, KY",Seriousness Level of MSCC,No Conviction,1
Kentucky,"Grayson County, KY",Length of Time Since MSCC,All,1
Kentucky,"Grayson County, KY",Length of Time Since MSCC,Not Known,1
Kentucky,"Grayson County, KY",Gender,All,1
Kentucky,"Grayson County, KY",Gender,Male,1
Kentucky,"Grayson County, KY",Citizenship,All,1
Kentucky,"Grayson County, KY",Citizenship,MEXICO,1
Kentucky,"Grayson County, KY",Age Group,All,1
Kentucky,"Grayson County, KY",Age Group,Age information witheld by ICE,1
Missouri,"Morgan County, MO",Facility Type,All,66
Missouri,"Morgan County, MO",Facility Type,County Facility,66
Missouri,"Morgan County, MO",Facility Type (Detailed),All,66
Missouri,"Morgan County, MO",Facility Type (Detailed),Intergovernmental Service Agreement: a facility operated by state/local govt,66
Missouri,"Morgan County, MO",Facility Operator,All,66
Missouri,"Morgan County, MO",Facility Operator,County Sheriff Department,66
Missouri,"Morgan County, MO",Facility Owner,All,66
Missouri,"Morgan County, MO",Facility Owner,County,66
Missouri,"Morgan County, MO",Entered ICE Custody by Month,All,66
Missouri,"Morgan County, MO",Entered ICE Custody by Month,2018-07,29
Missouri,"Morgan County, MO",Entered ICE Custody by Month,2018-06,12
Missouri,"Morgan County, MO",Entered ICE Custody by Month,2018-08,10
Missouri,"Morgan County, MO",Entered ICE Custody by Month,2018-05,7
Missouri,"Morgan County, MO",Entered ICE Custody by Month,2017-06,2
Missouri,"Morgan County, MO",Entered ICE Custody by Month,2018-01,2
Missouri,"Morgan County, MO",Entered ICE Custody by Month,2018-02,2
Missouri,"Morgan County, MO",Entered ICE Custody by Month,2017-10,1
Missouri,"Morgan County, MO",Entered ICE Custody by Month,2018-04,1
Missouri,"Morgan County, MO",Time in U.S.,All,66
Missouri,"Morgan County, MO",Time in U.S.,Not Known,48
Missouri,"Morgan County, MO",Time in U.S.,20 years or more,6
Missouri,"Morgan County, MO",Time in U.S.,Between 15 and 20 years,3
Missouri,"Morgan County, MO",Time in U.S.,Between 9 and 10 years,2
Missouri,"Morgan County, MO",Time in U.S.,Between 3 and 4 years,2
Missouri,"Morgan County, MO",Time in U.S.,Between 1 and 2 years,1
Missouri,"Morgan County, MO",Time in U.S.,Between 2 and 3 years,1
Missouri,"Morgan County, MO",Time in U.S.,Between 4 and 5 years,1
Missouri,"Morgan County, MO",Time in U.S.,Between 5 and 6 years,1
Missouri,"Morgan County, MO",Time in U.S.,Up to 1 year,1
Missouri,"Morgan County, MO",Legal Permanent Resident,All,66
Missouri,"Morgan County, MO",Legal Permanent Resident,No,66
Missouri,"Morgan County, MO",Asylum Seeker/Refugee,All,66
Missouri,"Morgan County, MO",Asylum Seeker/Refugee,No,66
Missouri,"Morgan County, MO",Most Serious Criminal Conviction,All,66
Missouri,"Morgan County, MO",Most Serious Criminal Conviction,No Conviction,66
Missouri,"Morgan County, MO",Seriousness Level of MSCC,All,66
Missouri,"Morgan County, MO",Seriousness Level of MSCC,No Conviction,66
Missouri,"Morgan County, MO",Length of Time Since MSCC,All,66
Missouri,"Morgan County, MO",Length of Time Since MSCC,Not Known,66
Missouri,"Morgan County, MO",Gender,All,66
Missouri,"Morgan County, MO",Gender,Male,66
Missouri,"Morgan County, MO",Citizenship,All,66
Missouri,"Morgan County, MO",Citizenship,MEXICO,37
Missouri,"Morgan County, MO",Citizenship,GUATEMALA,8
Missouri,"Morgan County, MO",Citizenship,HONDURAS,5
Missouri,"Morgan County, MO",Citizenship,EL SALVADOR,4
Missouri,"Morgan County, MO",Citizenship,IRAQ,2
Missouri,"Morgan County, MO",Citizenship,LIBERIA,2
Missouri,"Morgan County, MO",Citizenship,"MICRONESIA, FEDERATED STATES OF",1
Missouri,"Morgan County, MO",Citizenship,SUDAN,1
Missouri,"Morgan County, MO",Citizenship,SOUTH SUDAN,1
Missouri,"Morgan County, MO",Citizenship,GAMBIA,1
Missouri,"Morgan County, MO",Citizenship,BANGLADESH,1
Missouri,"Morgan County, MO",Citizenship,PAKISTAN,1
Missouri,"Morgan County, MO",Citizenship,HAITI,1
Missouri,"Morgan County, MO",Citizenship,BULGARIA,1
Missouri,"Morgan County, MO",Age Group,All,66
Missouri,"Morgan County, MO",Age Group,Age information witheld by ICE,66
Missouri,"Caldwell County, MO",Facility Type,All,25
Missouri,"Caldwell County, MO",Facility Type,County Facility,25
Missouri,"Caldwell County, MO",Facility Type (Detailed),All,25
Missouri,"Caldwell County, MO",Facility Type (Detailed),Intergovernmental Service Agreement: a facility operated by state/local govt,25
Missouri,"Caldwell County, MO",Facility Operator,All,25
Missouri,"Caldwell County, MO",Facility Operator,County Sheriff Department,25
Missouri,"Caldwell County, MO",Facility Owner,All,25
Missouri,"Caldwell County, MO",Facility Owner,County,25
Missouri,"Caldwell County, MO",Entered ICE Custody by Month,All,25
Missouri,"Caldwell County, MO",Entered ICE Custody by Month,2018-07,12
Missouri,"Caldwell County, MO",Entered ICE Custody by Month,2018-06,7
Missouri,"Caldwell County, MO",Entered ICE Custody by Month,2018-05,3
Missouri,"Caldwell County, MO",Entered ICE Custody by Month,2016-06,1
Missouri,"Caldwell County, MO",Entered ICE Custody by Month,2017-10,1
Missouri,"Caldwell County, MO",Entered ICE Custody by Month,2018-08,1
Missouri,"Caldwell County, MO",Time in U.S.,All,25
Missouri,"Caldwell County, MO",Time in U.S.,Not Known,12
Missouri,"Caldwell County, MO",Time in U.S.,Between 15 and 20 years,3
Missouri,"Caldwell County, MO",Time in U.S.,Between 10 and 15 years,2
Missouri,"Caldwell County, MO",Time in U.S.,Between 1 and 2 years,2
Missouri,"Caldwell County, MO",Time in U.S.,Up to 1 year,2
Missouri,"Caldwell County, MO",Time in U.S.,Between 5 and 6 years,1
Missouri,"Caldwell County, MO",Time in U.S.,Between 4 and 5 years,1
Missouri,"Caldwell County, MO",Time in U.S.,Between 2 and 3 years,1
Missouri,"Caldwell County, MO",Time in U.S.,Between 6 and 7 years,1
Missouri,"Caldwell County, MO",Legal Permanent Resident,All,25
Missouri,"Caldwell County, MO",Legal Permanent Resident,No,25
Missouri,"Caldwell County, MO",Asylum Seeker/Refugee,All,25
Missouri,"Caldwell County, MO",Asylum Seeker/Refugee,No,25
Missouri,"Caldwell County, MO",Most Serious Criminal Conviction,All,25
Missouri,"Caldwell County, MO",Most Serious Criminal Conviction,No Conviction,25
Missouri,"Caldwell County, MO",Seriousness Level of MSCC,All,25
Missouri,"Caldwell County, MO",Seriousness Level of MSCC,No Conviction,25
Missouri,"Caldwell County, MO",Length of Time Since MSCC,All,25
Missouri,"Caldwell County, MO",Length of Time Since MSCC,Not Known,25
Missouri,"Caldwell County, MO",Gender,All,25
Missouri,"Caldwell County, MO",Gender,Male,19
Missouri,"Caldwell County, MO",Gender,Female,6
Missouri,"Caldwell County, MO",Citizenship,All,25
Missouri,"Caldwell County, MO",Citizenship,MEXICO,11
Missouri,"Caldwell County, MO",Citizenship,GUATEMALA,5
Missouri,"Caldwell County, MO",Citizenship,EL SALVADOR,3
Missouri,"Caldwell County, MO",Citizenship,CUBA,1
Missouri,"Caldwell County, MO",Citizenship,HONDURAS,1
Missouri,"Caldwell County, MO",Citizenship,NIGERIA,1
Missouri,"Caldwell County, MO",Citizenship,UNITED KINGDOM,1
Missouri,"Caldwell County, MO",Citizenship,SENEGAL,1
Missouri,"Caldwell County, MO",Citizenship,UGANDA,1
Missouri,"Caldwell County, MO",Age Group,All,25
Missouri,"Caldwell County, MO",Age Group,Age information witheld by ICE,25
Missouri,"Platte County, MO",Facility Type,All,20
Missouri,"Platte County, MO",Facility Type,County Facility,20
Missouri,"Platte County, MO",Facility Type (Detailed),All,20
Missouri,"Platte County, MO",Facility Type (Detailed),Intergovernmental Service Agreement: a facility operated by state/local govt,20
Missouri,"Platte County, MO",Facility Operator,All,20
Missouri,"Platte County, MO",Facility Operator,County Sheriff Department,20
Missouri,"Platte County, MO",Facility Owner,All,20
Missouri,"Platte County, MO",Facility Owner,County,20
Missouri,"Platte County, MO",Entered ICE Custody by Month,All,20
Missouri,"Platte County, MO",Entered ICE Custody by Month,2018-07,7
Missouri,"Platte County, MO",Entered ICE Custody by Month,2018-04,3
Missouri,"Platte County, MO",Entered ICE Custody by Month,2018-01,2
Missouri,"Platte County, MO",Entered ICE Custody by Month,2018-06,2
Missouri,"Platte County, MO",Entered ICE Custody by Month,2018-08,2
Missouri,"Platte County, MO",Entered ICE Custody by Month,2017-11,1
Missouri,"Platte County, MO",Entered ICE Custody by Month,2018-02,1
Missouri,"Platte County, MO",Entered ICE Custody by Month,2018-03,1
Missouri,"Platte County, MO",Entered ICE Custody by Month,2018-05,1
Missouri,"Platte County, MO",Time in U.S.,All,20
Missouri,"Platte County, MO",Time in U.S.,Not Known,9
Missouri,"Platte County, MO",Time in U.S.,Between 10 and 15 years,4
Missouri,"Platte County, MO",Time in U.S.,Between 15 and 20 years,2
Missouri,"Platte County, MO",Time in U.S.,20 years or more,1
Missouri,"Platte County, MO",Time in U.S.,Between 4 and 5 years,1
Missouri,"Platte County, MO",Time in U.S.,Between 2 and 3 years,1
Missouri,"Platte County, MO",Time in U.S.,Between 1 and 2 years,1
Missouri,"Platte County, MO",Time in U.S.,Between 8 and 9 years,1
Missouri,"Platte County, MO",Legal Permanent Resident,All,20
Missouri,"Platte County, MO",Legal Permanent Resident,No,20
Missouri,"Platte County, MO",Asylum Seeker/Refugee,All,20
Missouri,"Platte County, MO",Asylum Seeker/Refugee,No,20
Missouri,"Platte County, MO",Most Serious Criminal Conviction,All,20
Missouri,"Platte County, MO",Most Serious Criminal Conviction,No Conviction,20
Missouri,"Platte County, MO",Seriousness Level of MSCC,All,20
Missouri,"Platte County, MO",Seriousness Level of MSCC,No Conviction,20
Missouri,"Platte County, MO",Length of Time Since MSCC,All,20
Missouri,"Platte County, MO",Length of Time Since MSCC,Not Known,20
Missouri,"Platte County, MO",Gender,All,20
Missouri,"Platte County, MO",Gender,Male,14
Missouri,"Platte County, MO",Gender,Female,6
Missouri,"Platte County, MO",Citizenship,All,20
Missouri,"Platte County, MO",Citizenship,MEXICO,6
Missouri,"Platte County, MO",Citizenship,EL SALVADOR,5
Missouri,"Platte County, MO",Citizenship,HONDURAS,4
Missouri,"Platte County, MO",Citizenship,KENYA,2
Missouri,"Platte County, MO",Citizenship,GUATEMALA,1
Missouri,"Platte County, MO",Citizenship,"CHINA, PEOPLES REPUBLIC OF",1
Missouri,"Platte County, MO",Citizenship,ALBANIA,1
Missouri,"Platte County, MO",Age Group,All,20
Missouri,"Platte County, MO",Age Group,Age information witheld by ICE,20
Missouri,"Montgomery County, MO",Facility Type,All,19
Missouri,"Montgomery County, MO",Facility Type,County Facility,19
Missouri,"Montgomery County, MO",Facility Type (Detailed),All,19
Missouri,"Montgomery County, MO",Facility Type (Detailed),Intergovernmental Service Agreement: a facility operated by state/local govt,19
Missouri,"Montgomery County, MO",Facility Operator,All,19
Missouri,"Montgomery County, MO",Facility Operator,County Sheriff Department,19
Missouri,"Montgomery County, MO",Facility Owner,All,19
Missouri,"Montgomery County, MO",Facility Owner,County,19
Missouri,"Montgomery County, MO",Entered ICE Custody by Month,All,19
Missouri,"Montgomery County, MO",Entered ICE Custody by Month,2018-08,7
Missouri,"Montgomery County, MO",Entered ICE Custody by Month,2018-07,5
Missouri,"Montgomery County, MO",Entered ICE Custody by Month,2018-06,3
Missouri,"Montgomery County, MO",Entered ICE Custody by Month,2017-11,2
Missouri,"Montgomery County, MO",Entered ICE Custody by Month,2018-03,1
Missouri,"Montgomery County, MO",Entered ICE Custody by Month,2018-05,1
Missouri,"Montgomery County, MO",Time in U.S.,All,19
Missouri,"Montgomery County, MO",Time in U.S.,Not Known,12
Missouri,"Montgomery County, MO",Time in U.S.,20 years or more,3
Missouri,"Montgomery County, MO",Time in U.S.,Between 15 and 20 years,1
Missouri,"Montgomery County, MO",Time in U.S.,Between 10 and 15 years,1
Missouri,"Montgomery County, MO",Time in U.S.,Between 1 and 2 years,1
Missouri,"Montgomery County, MO",Time in U.S.,Between 3 and 4 years,1
Missouri,"Montgomery County, MO",Legal Permanent Resident,All,19
Missouri,"Montgomery County, MO",Legal Permanent Resident,No,19
Missouri,"Montgomery County, MO",Asylum Seeker/Refugee,All,19
Missouri,"Montgomery County, MO",Asylum Seeker/Refugee,No,19
Missouri,"Montgomery County, MO",Most Serious Criminal Conviction,All,19
Missouri,"Montgomery County, MO",Most Serious Criminal Conviction,No Conviction,19
Missouri,"Montgomery County, MO",Seriousness Level of MSCC,All,19
Missouri,"Montgomery County, MO",Seriousness Level of MSCC,No Conviction,19
Missouri,"Montgomery County, MO",Length of Time Since MSCC,All,19
Missouri,"Montgomery County, MO",Length of Time Since MSCC,Not Known,19
Missouri,"Montgomery County, MO",Gender,All,19
Missouri,"Montgomery County, MO",Gender,Male,18
Missouri,"Montgomery County, MO",Gender,Female,1
Missouri,"Montgomery County, MO",Citizenship,All,19
Missouri,"Montgomery County, MO",Citizenship,MEXICO,9
Missouri,"Montgomery County, MO",Citizenship,BRAZIL,2
Missouri,"Montgomery County, MO",Citizenship,VIETNAM,2
Missouri,"Montgomery County, MO",Citizenship,ETHIOPIA,1
Missouri,"Montgomery County, MO",Citizenship,NICARAGUA,1
Missouri,"Montgomery County, MO",Citizenship,GUATEMALA,1
Missouri,"Montgomery County, MO",Citizenship,BOSNIA-HERZEGOVINA,1
Missouri,"Montgomery County, MO",Citizenship,POLAND,1
Missouri,"Montgomery County, MO",Citizenship,UGANDA,1
Missouri,"Montgomery County, MO",Age Group,All,19
Missouri,"Montgomery County, MO",Age Group,Age information witheld by ICE,19
Missouri,"Christian County, MO",Facility Type,All,12
Missouri,"Christian County, MO",Facility Type,County Facility,12
Missouri,"Christian County, MO",Facility Type (Detailed),All,12
Missouri,"Christian County, MO",Facility Type (Detailed),Intergovernmental Service Agreement: a facility operated by state/local govt,12
Missouri,"Christian County, MO",Facility Operator,All,12
Missouri,"Christian County, MO",Facility Operator,County Sheriff Department,12
Missouri,"Christian County, MO",Facility Owner,All,12
Missouri,"Christian County, MO",Facility Owner,County,12
Missouri,"Christian County, MO",Entered ICE Custody by Month,All,12
Missouri,"Christian County, MO",Entered ICE Custody by Month,2018-07,6
Missouri,"Christian County, MO",Entered ICE Custody by Month,2018-05,3
Missouri,"Christian County, MO",Entered ICE Custody by Month,2018-03,1
Missouri,"Christian County, MO",Entered ICE Custody by Month,2018-04,1
Missouri,"Christian County, MO",Entered ICE Custody by Month,2018-08,1
Missouri,"Christian County, MO",Time in U.S.,All,12
Missouri,"Christian County, MO",Time in U.S.,Not Known,8
Missouri,"Christian County, MO",Time in U.S.,Between 5 and 6 years,1
Missouri,"Christian County, MO",Time in U.S.,Between 10 and 15 years,1
Missouri,"Christian County, MO",Time in U.S.,Between 4 and 5 years,1
Missouri,"Christian County, MO",Time in U.S.,Between 2 and 3 years,1
Missouri,"Christian County, MO",Legal Permanent Resident,All,12
Missouri,"Christian County, MO",Legal Permanent Resident,No,12
Missouri,"Christian County, MO",Asylum Seeker/Refugee,All,12
Missouri,"Christian County, MO",Asylum Seeker/Refugee,No,12
Missouri,"Christian County, MO",Most Serious Criminal Conviction,All,12
Missouri,"Christian County, MO",Most Serious Criminal Conviction,No Conviction,12
Missouri,"Christian County, MO",Seriousness Level of MSCC,All,12
Missouri,"Christian County, MO",Seriousness Level of MSCC,No Conviction,12
Missouri,"Christian County, MO",Length of Time Since MSCC,All,12
Missouri,"Christian County, MO",Length of Time Since MSCC,Not Known,12
Missouri,"Christian County, MO",Gender,All,12
Missouri,"Christian County, MO",Gender,Male,12
Missouri,"Christian County, MO",Citizenship,All,12
Missouri,"Christian County, MO",Citizenship,MEXICO,4
Missouri,"Christian County, MO",Citizenship,GUATEMALA,3
Missouri,"Christian County, MO",Citizenship,EL SALVADOR,2
Missouri,"Christian County, MO",Citizenship,NICARAGUA,1
Missouri,"Christian County, MO",Citizenship,NIGERIA,1
Missouri,"Christian County, MO",Citizenship,KENYA,1
Missouri,"Christian County, MO",Age Group,All,12
Missouri,"Christian County, MO",Age Group,Age information witheld by ICE,12
Missouri,"Lincoln County, MO",Facility Type,All,3
Missouri,"Lincoln County, MO",Facility Type,County Facility,3
Missouri,"Lincoln County, MO",Facility Type (Detailed),All,3
Missouri,"Lincoln County, MO",Facility Type (Detailed),Intergovernmental Service Agreement: a facility operated by state/local govt,3
Missouri,"Lincoln County, MO",Facility Operator,All,3
Missouri,"Lincoln County, MO",Facility Operator,County Sheriff Department,3
Missouri,"Lincoln County, MO",Facility Owner,All,3
Missouri,"Lincoln County, MO",Facility Owner,County,3
Missouri,"Lincoln County, MO",Entered ICE Custody by Month,All,3
Missouri,"Lincoln County, MO",Entered ICE Custody by Month,2018-07,2
Missouri,"Lincoln County, MO",Entered ICE Custody by Month,2018-04,1
Missouri,"Lincoln County, MO",Time in U.S.,All,3
Missouri,"Lincoln County, MO",Time in U.S.,Not Known,3
Missouri,"Lincoln County, MO",Legal Permanent Resident,All,3
Missouri,"Lincoln County, MO",Legal Permanent Resident,No,3
Missouri,"Lincoln County, MO",Asylum Seeker/Refugee,All,3
Missouri,"Lincoln County, MO",Asylum Seeker/Refugee,No,3
Missouri,"Lincoln County, MO",Most Serious Criminal Conviction,All,3
Missouri,"Lincoln County, MO",Most Serious Criminal Conviction,No Conviction,3
Missouri,"Lincoln County, MO",Seriousness Level of MSCC,All,3
Missouri,"Lincoln County, MO",Seriousness Level of MSCC,No Conviction,3
Missouri,"Lincoln County, MO",Length of Time Since MSCC,All,3
Missouri,"Lincoln County, MO",Length of Time Since MSCC,Not Known,3
Missouri,"Lincoln County, MO",Gender,All,3
Missouri,"Lincoln County, MO",Gender,Male,2
Missouri,"Lincoln County, MO",Gender,Female,1
Missouri,"Lincoln County, MO",Citizenship,All,3
Missouri,"Lincoln County, MO",Citizenship,MEXICO,2
Missouri,"Lincoln County, MO",Citizenship,HONDURAS,1
Missouri,"Lincoln County, MO",Age Group,All,3
Missouri,"Lincoln County, MO",Age Group,Age information witheld by ICE,3
Nebraska,"Hall County, NE",Facility Type,All,69
Nebraska,"Hall County, NE",Facility Type,County Facility,69
Nebraska,"Hall County, NE",Facility Type (Detailed),All,69
Nebraska,"Hall County, NE",Facility Type (Detailed),Intergovernmental Service Agreement: a facility operated by state/local govt,69
Nebraska,"Hall County, NE",Facility Operator,All,69
Nebraska,"Hall County, NE",Facility Operator,County Sheriff Department,69
Nebraska,"Hall County, NE",Facility Owner,All,69
Nebraska,"Hall County, NE",Facility Owner,County,69
Nebraska,"Hall County, NE",Entered ICE Custody by Month,All,69
Nebraska,"Hall County, NE",Entered ICE Custody by Month,2018-07,37
Nebraska,"Hall County, NE",Entered ICE Custody by Month,2018-06,9
Nebraska,"Hall County, NE",Entered ICE Custody by Month,2018-04,6
Nebraska,"Hall County, NE",Entered ICE Custody by Month,2018-08,4
Nebraska,"Hall County, NE",Entered ICE Custody by Month,2018-05,4
Nebraska,"Hall County, NE",Entered ICE Custody by Month,2018-03,4
Nebraska,"Hall County, NE",Entered ICE Custody by Month,2018-02,1
Nebraska,"Hall County, NE",Entered ICE Custody by Month,2018-01,1
Nebraska,"Hall County, NE",Entered ICE Custody by Month,2017-12,1
Nebraska,"Hall County, NE",Entered ICE Custody by Month,2017-09,1
Nebraska,"Hall County, NE",Entered ICE Custody by Month,2017-07,1
Nebraska,"Hall County, NE",Time in U.S.,All,69
Nebraska,"Hall County, NE",Time in U.S.,Not Known,38
Nebraska,"Hall County, NE",Time in U.S.,20 years or more,6
Nebraska,"Hall County, NE",Time in U.S.,Between 10 and 15 years,6
Nebraska,"Hall County, NE",Time in U.S.,Between 15 and 20 years,4
Nebraska,"Hall County, NE",Time in U.S.,Between 1 and 2 years,4
Nebraska,"Hall County, NE",Time in U.S.,Between 3 and 4 years,3
Nebraska,"Hall County, NE",Time in U.S.,Between 2 and 3 years,2
Nebraska,"Hall County, NE",Time in U.S.,Between 4 and 5 years,2
Nebraska,"Hall County, NE",Time in U.S.,Up to 1 year,2
Nebraska,"Hall County, NE",Time in U.S.,Between 5 and 6 years,1
Nebraska,"Hall County, NE",Time in U.S.,Between 9 and 10 years,1
Nebraska,"Hall County, NE",Legal Permanent Resident,All,69
Nebraska,"Hall County, NE",Legal Permanent Resident,No,69
Nebraska,"Hall County, NE",Asylum Seeker/Refugee,All,69
Nebraska,"Hall County, NE",Asylum Seeker/Refugee,No,69
Nebraska,"Hall County, NE",Most Serious Criminal Conviction,All,69
Nebraska,"Hall County, NE",Most Serious Criminal Conviction,No Conviction,69
Nebraska,"Hall County, NE",Seriousness Level of MSCC,All,69
Nebraska,"Hall County, NE",Seriousness Level of MSCC,No Conviction,69
Nebraska,"Hall County, NE",Length of Time Since MSCC,All,69
Nebraska,"Hall County, NE",Length of Time Since MSCC,Not Known,69
Nebraska,"Hall County, NE",Gender,All,69
Nebraska,"Hall County, NE",Gender,Male,63
Nebraska,"Hall County, NE",Gender,Female,6
Nebraska,"Hall County, NE",Citizenship,All,69
Nebraska,"Hall County, NE",Citizenship,MEXICO,22
Nebraska,"Hall County, NE",Citizenship,GUATEMALA,18
Nebraska,"Hall County, NE",Citizenship,EL SALVADOR,12
Nebraska,"Hall County, NE",Citizenship,HONDURAS,3
Nebraska,"Hall County, NE",Citizenship,IRAQ,2
Nebraska,"Hall County, NE",Citizenship,SOUTH SUDAN,2
Nebraska,"Hall County, NE",Citizenship,SUDAN,1
Nebraska,"Hall County, NE",Citizenship,ZAMBIA,1
Nebraska,"Hall County, NE",Citizenship,BURMA,1
Nebraska,"Hall County, NE",Citizenship,SOMALIA,1
Nebraska,"Hall County, NE",Citizenship,JAMAICA,1
Nebraska,"Hall County, NE",Citizenship,PHILIPPINES,1
Nebraska,"Hall County, NE",Citizenship,BRAZIL,1
Nebraska,"Hall County, NE",Citizenship,ETHIOPIA,1
Nebraska,"Hall County, NE",Citizenship,CUBA,1
Nebraska,"Hall County, NE",Citizenship,"MICRONESIA, FEDERATED STATES OF",1
Nebraska,"Hall County, NE",Age Group,All,69
Nebraska,"Hall County, NE",Age Group,Age information witheld by ICE,69
Nebraska,"Douglas County, NE",Facility Type,All,43
Nebraska,"Douglas County, NE",Facility Type,County Facility,43
Nebraska,"Douglas County, NE",Facility Type (Detailed),All,43
Nebraska,"Douglas County, NE",Facility Type (Detailed),Intergovernmental Service Agreement: a facility operated by state/local govt,43
Nebraska,"Douglas County, NE",Facility Operator,All,43
Nebraska,"Douglas County, NE",Facility Operator,County Corrections Office,43
Nebraska,"Douglas County, NE",Facility Owner,All,43
Nebraska,"Douglas County, NE",Facility Owner,County,43
Nebraska,"Douglas County, NE",Entered ICE Custody by Month,All,43
Nebraska,"Douglas County, NE",Entered ICE Custody by Month,2018-07,14
Nebraska,"Douglas County, NE",Entered ICE Custody by Month,2018-06,12
Nebraska,"Douglas County, NE",Entered ICE Custody by Month,2018-04,5
Nebraska,"Douglas County, NE",Entered ICE Custody by Month,2018-05,4
Nebraska,"Douglas County, NE",Entered ICE Custody by Month,2018-08,4
Nebraska,"Douglas County, NE",Entered ICE Custody by Month,2017-02,1
Nebraska,"Douglas County, NE",Entered ICE Custody by Month,2017-11,1
Nebraska,"Douglas County, NE",Entered ICE Custody by Month,2017-12,1
Nebraska,"Douglas County, NE",Entered ICE Custody by Month,2018-02,1
Nebraska,"Douglas County, NE",Time in U.S.,All,43
Nebraska,"Douglas County, NE",Time in U.S.,Not Known,25
Nebraska,"Douglas County, NE",Time in U.S.,Between 15 and 20 years,4
Nebraska,"Douglas County, NE",Time in U.S.,Between 10 and 15 years,3
Nebraska,"Douglas County, NE",Time in U.S.,Between 2 and 3 years,3
Nebraska,"Douglas County, NE",Time in U.S.,Between 8 and 9 years,3
Nebraska,"Douglas County, NE",Time in U.S.,20 years or more,2
Nebraska,"Douglas County, NE",Time in U.S.,Between 5 and 6 years,2
Nebraska,"Douglas County, NE",Time in U.S.,Between 3 and 4 years,1
Nebraska,"Douglas County, NE",Legal Permanent Resident,All,43
Nebraska,"Douglas County, NE",Legal Permanent Resident,No,43
Nebraska,"Douglas County, NE",Asylum Seeker/Refugee,All,43
Nebraska,"Douglas County, NE",Asylum Seeker/Refugee,No,43
Nebraska,"Douglas County, NE",Most Serious Criminal Conviction,All,43
Nebraska,"Douglas County, NE",Most Serious Criminal Conviction,No Conviction,43
Nebraska,"Douglas County, NE",Seriousness Level of MSCC,All,43
Nebraska,"Douglas County, NE",Seriousness Level of MSCC,No Conviction,43
Nebraska,"Douglas County, NE",Length of Time Since MSCC,All,43
Nebraska,"Douglas County, NE",Length of Time Since MSCC,Not Known,43
Nebraska,"Douglas County, NE",Gender,All,43
Nebraska,"Douglas County, NE",Gender,Male,38
Nebraska,"Douglas County, NE",Gender,Female,5
Nebraska,"Douglas County, NE",Citizenship,All,43
Nebraska,"Douglas County, NE",Citizenship,MEXICO,20
Nebraska,"Douglas County, NE",Citizenship,EL SALVADOR,4
Nebraska,"Douglas County, NE",Citizenship,GUATEMALA,4
Nebraska,"Douglas County, NE",Citizenship,SOUTH SUDAN,4
Nebraska,"Douglas County, NE",Citizenship,HONDURAS,3
Nebraska,"Douglas County, NE",Citizenship,SUDAN,2
Nebraska,"Douglas County, NE",Citizenship,BURMA,1
Nebraska,"Douglas County, NE",Citizenship,"CHINA, PEOPLES REPUBLIC OF",1
Nebraska,"Douglas County, NE",Citizenship,SOMALIA,1
Nebraska,"Douglas County, NE",Citizenship,INDIA,1
Nebraska,"Douglas County, NE",Citizenship,CUBA,1
Nebraska,"Douglas County, NE",Citizenship,YEMEN,1
Nebraska,"Douglas County, NE",Age Group,All,43
Nebraska,"Douglas County, NE",Age Group,Age information witheld by ICE,43
Nebraska,"Cass County, NE",Facility Type,All,20
Nebraska,"Cass County, NE",Facility Type,County Facility,20
Nebraska,"Cass County, NE",Facility Type (Detailed),All,20
Nebraska,"Cass County, NE",Facility Type (Detailed),Intergovernment agreement with USMS which ICE utilizes,20
Nebraska,"Cass County, NE",Facility Operator,All,20
Nebraska,"Cass County, NE",Facility Operator,County Sheriff Department,20
Nebraska,"Cass County, NE",Facility Owner,All,20
Nebraska,"Cass County, NE",Facility Owner,County,20
Nebraska,"Cass County, NE",Entered ICE Custody by Month,All,20
Nebraska,"Cass County, NE",Entered ICE Custody by Month,2018-07,9
Nebraska,"Cass County, NE",Entered ICE Custody by Month,2018-06,5
Nebraska,"Cass County, NE",Entered ICE Custody by Month,2018-05,3
Nebraska,"Cass County, NE",Entered ICE Custody by Month,2018-08,3
Nebraska,"Cass County, NE",Time in U.S.,All,20
Nebraska,"Cass County, NE",Time in U.S.,Not Known,10
Nebraska,"Cass County, NE",Time in U.S.,Between 15 and 20 years,2
Nebraska,"Cass County, NE",Time in U.S.,Between 9 and 10 years,2
Nebraska,"Cass County, NE",Time in U.S.,Up to 1 year,2
Nebraska,"Cass County, NE",Time in U.S.,20 years or more,1
Nebraska,"Cass County, NE",Time in U.S.,Between 2 and 3 years,1
Nebraska,"Cass County, NE",Time in U.S.,Between 1 and 2 years,1
Nebraska,"Cass County, NE",Time in U.S.,Between 3 and 4 years,1
Nebraska,"Cass County, NE",Legal Permanent Resident,All,20
Nebraska,"Cass County, NE",Legal Permanent Resident,No,20
Nebraska,"Cass County, NE",Asylum Seeker/Refugee,All,20
Nebraska,"Cass County, NE",Asylum Seeker/Refugee,No,20
Nebraska,"Cass County, NE",Most Serious Criminal Conviction,All,20
Nebraska,"Cass County, NE",Most Serious Criminal Conviction,No Conviction,20
Nebraska,"Cass County, NE",Seriousness Level of MSCC,All,20
Nebraska,"Cass County, NE",Seriousness Level of MSCC,No Conviction,20
Nebraska,"Cass County, NE",Length of Time Since MSCC,All,20
Nebraska,"Cass County, NE",Length of Time Since MSCC,Not Known,20
Nebraska,"Cass County, NE",Gender,All,20
Nebraska,"Cass County, NE",Gender,Male,18
Nebraska,"Cass County, NE",Gender,Female,2
Nebraska,"Cass County, NE",Citizenship,All,20
Nebraska,"Cass County, NE",Citizenship,MEXICO,9
Nebraska,"Cass County, NE",Citizenship,GUATEMALA,6
Nebraska,"Cass County, NE",Citizenship,EL SALVADOR,1
Nebraska,"Cass County, NE",Citizenship,HONDURAS,1
Nebraska,"Cass County, NE",Citizenship,PHILIPPINES,1
Nebraska,"Cass County, NE",Citizenship,THAILAND,1
Nebraska,"Cass County, NE",Citizenship,UKRAINE,1
Nebraska,"Cass County, NE",Age Group,All,20
Nebraska,"Cass County, NE",Age Group,Age information witheld by ICE,20
Nebraska,"Phelps County, NE",Facility Type,All,8
Nebraska,"Phelps County, NE",Facility Type,County Facility,8
Nebraska,"Phelps County, NE",Facility Type (Detailed),All,8
Nebraska,"Phelps County, NE",Facility Type (Detailed),Intergovernment agreement with USMS which ICE utilizes,8
Nebraska,"Phelps County, NE",Facility Operator,All,8
Nebraska,"Phelps County, NE",Facility Operator,County Sheriff Department,8
Nebraska,"Phelps County, NE",Facility Owner,All,8
Nebraska,"Phelps County, NE",Facility Owner,County,8
Nebraska,"Phelps County, NE",Entered ICE Custody by Month,All,8
Nebraska,"Phelps County, NE",Entered ICE Custody by Month,2018-07,4
Nebraska,"Phelps County, NE",Entered ICE Custody by Month,2018-06,2
Nebraska,"Phelps County, NE",Entered ICE Custody by Month,2018-04,1
Nebraska,"Phelps County, NE",Entered ICE Custody by Month,2018-08,1
Nebraska,"Phelps County, NE",Time in U.S.,All,8
Nebraska,"Phelps County, NE",Time in U.S.,Not Known,4
Nebraska,"Phelps County, NE",Time in U.S.,20 years or more,1
Nebraska,"Phelps County, NE",Time in U.S.,Between 4 and 5 years,1
Nebraska,"Phelps County, NE",Time in U.S.,Between 2 and 3 years,1
Nebraska,"Phelps County, NE",Time in U.S.,Up to 1 year,1
Nebraska,"Phelps County, NE",Legal Permanent Resident,All,8
Nebraska,"Phelps County, NE",Legal Permanent Resident,No,8
Nebraska,"Phelps County, NE",Asylum Seeker/Refugee,All,8
Nebraska,"Phelps County, NE",Asylum Seeker/Refugee,No,8
Nebraska,"Phelps County, NE",Most Serious Criminal Conviction,All,8
Nebraska,"Phelps County, NE",Most Serious Criminal Conviction,No Conviction,8
Nebraska,"Phelps County, NE",Seriousness Level of MSCC,All,8
Nebraska,"Phelps County, NE",Seriousness Level of MSCC,No Conviction,8
Nebraska,"Phelps County, NE",Length of Time Since MSCC,All,8
Nebraska,"Phelps County, NE",Length of Time Since MSCC,Not Known,8
Nebraska,"Phelps County, NE",Gender,All,8
Nebraska,"Phelps County, NE",Gender,Male,8
Nebraska,"Phelps County, NE",Citizenship,All,8
Nebraska,"Phelps County, NE",Citizenship,GUATEMALA,3
Nebraska,"Phelps County, NE",Citizenship,MEXICO,2
Nebraska,"Phelps County, NE",Citizenship,EL SALVADOR,1
Nebraska,"Phelps County, NE",Citizenship,HONDURAS,1
Nebraska,"Phelps County, NE",Citizenship,GAMBIA,1
Nebraska,"Phelps County, NE",Age Group,All,8
Nebraska,"Phelps County, NE",Age Group,Age information witheld by ICE,8
Nebraska,"Dakota County, NE",Facility Type,All,3
Nebraska,"Dakota County, NE",Facility Type,County Facility,3
Nebraska,"Dakota County, NE",Facility Type (Detailed),All,3
Nebraska,"Dakota County, NE",Facility Type (Detailed),Intergovernment agreement with USMS which ICE utilizes,3
Nebraska,"Dakota County, NE",Facility Operator,All,3
Nebraska,"Dakota County, NE",Facility Operator,County Sheriff Department,3
Nebraska,"Dakota County, NE",Facility Owner,All,3
Nebraska,"Dakota County, NE",Facility Owner,County,3
Nebraska,"Dakota County, NE",Entered ICE Custody by Month,All,3
Nebraska,"Dakota County, NE",Entered ICE Custody by Month,2018-08,3
Nebraska,"Dakota County, NE",Time in U.S.,All,3
Nebraska,"Dakota County, NE",Time in U.S.,Not Known,1
Nebraska,"Dakota County, NE",Time in U.S.,Between 2 and 3 years,1
Nebraska,"Dakota County, NE",Time in U.S.,Between 1 and 2 years,1
Nebraska,"Dakota County, NE",Legal Permanent Resident,All,3
Nebraska,"Dakota County, NE",Legal Permanent Resident,No,3
Nebraska,"Dakota County, NE",Asylum Seeker/Refugee,All,3
Nebraska,"Dakota County, NE",Asylum Seeker/Refugee,No,3
Nebraska,"Dakota County, NE",Most Serious Criminal Conviction,All,3
Nebraska,"Dakota County, NE",Most Serious Criminal Conviction,No Conviction,3
Nebraska,"Dakota County, NE",Seriousness Level of MSCC,All,3
Nebraska,"Dakota County, NE",Seriousness Level of MSCC,No Conviction,3
Nebraska,"Dakota County, NE",Length of Time Since MSCC,All,3
Nebraska,"Dakota County, NE",Length of Time Since MSCC,Not Known,3
Nebraska,"Dakota County, NE",Gender,All,3
Nebraska,"Dakota County, NE",Gender,Male,2
Nebraska,"Dakota County, NE",Gender,Female,1
Nebraska,"Dakota County, NE",Citizenship,All,3
Nebraska,"Dakota County, NE",Citizenship,MEXICO,1
Nebraska,"Dakota County, NE",Citizenship,EL SALVADOR,1
Nebraska,"Dakota County, NE",Citizenship,GUATEMALA,1
Nebraska,"Dakota County, NE",Age Group,All,3
Nebraska,"Dakota County, NE",Age Group,Age information witheld by ICE,3
Oregon,"Yamhill County, OR",Facility Type,All,110
Oregon,"Yamhill County, OR",Facility Type,Federal Facility,110
Oregon,"Yamhill County, OR",Facility Type (Detailed),All,110
Oregon,"Yamhill County, OR",Facility Type (Detailed),Bureau of Prisons: a facility operated by/under the management of the BOP,110
Oregon,"Yamhill County, OR",Facility Operator,All,110
Oregon,"Yamhill County, OR",Facility Operator,Bureau of Prisons,110
Oregon,"Yamhill County, OR",Facility Owner,All,110
Oregon,"Yamhill County, OR",Facility Owner,Not defined,110
Oregon,"Yamhill County, OR",Entered ICE Custody by Month,All,110
Oregon,"Yamhill County, OR",Entered ICE Custody by Month,2018-05,110
Oregon,"Yamhill County, OR",Time in U.S.,All,110
Oregon,"Yamhill County, OR",Time in U.S.,Up to 1 year,110
Oregon,"Yamhill County, OR",Legal Permanent Resident,All,110
Oregon,"Yamhill County, OR",Legal Permanent Resident,No,110
Oregon,"Yamhill County, OR",Asylum Seeker/Refugee,All,110
Oregon,"Yamhill County, OR",Asylum Seeker/Refugee,No,110
Oregon,"Yamhill County, OR",Most Serious Criminal Conviction,All,110
Oregon,"Yamhill County, OR",Most Serious Criminal Conviction,No Conviction,110
Oregon,"Yamhill County, OR",Seriousness Level of MSCC,All,110
Oregon,"Yamhill County, OR",Seriousness Level of MSCC,No Conviction,110
Oregon,"Yamhill County, OR",Length of Time Since MSCC,All,110
Oregon,"Yamhill County, OR",Length of Time Since MSCC,Not Known,110
Oregon,"Yamhill County, OR",Gender,All,110
Oregon,"Yamhill County, OR",Gender,Male,110
Oregon,"Yamhill County, OR",Citizenship,All,110
Oregon,"Yamhill County, OR",Citizenship,INDIA,52
Oregon,"Yamhill County, OR",Citizenship,NEPAL,18
Oregon,"Yamhill County, OR",Citizenship,MEXICO,10
Oregon,"Yamhill County, OR",Citizenship,HONDURAS,6
Oregon,"Yamhill County, OR",Citizenship,ERITREA,5
Oregon,"Yamhill County, OR",Citizenship,"CHINA, PEOPLES REPUBLIC OF",4
Oregon,"Yamhill County, OR",Citizenship,GUATEMALA,4
Oregon,"Yamhill County, OR",Citizenship,ARMENIA,3
Oregon,"Yamhill County, OR",Citizenship,BANGLADESH,2
Oregon,"Yamhill County, OR",Citizenship,MAURITANIA,2
Oregon,"Yamhill County, OR",Citizenship,BRAZIL,1
Oregon,"Yamhill County, OR",Citizenship,NICARAGUA,1
Oregon,"Yamhill County, OR",Citizenship,CAMEROON,1
Oregon,"Yamhill County, OR",Citizenship,EL SALVADOR,1
Oregon,"Yamhill County, OR",Age Group,All,110
Oregon,"Yamhill County, OR",Age Group,Age information witheld by ICE,110
Oregon,"Wasco County, OR",Facility Type,All,25
Oregon,"Wasco County, OR",Facility Type,County Facility,25
Oregon,"Wasco County, OR",Facility Type (Detailed),All,25
Oregon,"Wasco County, OR",Facility Type (Detailed),Intergovernmental Service Agreement: a facility operated by state/local govt,23
Oregon,"Wasco County, OR",Facility Type (Detailed),Juvenile: an IGSA facility capable of housing juveniles (separate from adults),2
Oregon,"Wasco County, OR",Facility Operator,All,25
Oregon,"Wasco County, OR",Facility Operator,County Regional Jail Authority,23
Oregon,"Wasco County, OR",Facility Operator,Office of Refugee Resettlement,2
Oregon,"Wasco County, OR",Facility Owner,All,25
Oregon,"Wasco County, OR",Facility Owner,County,23
Oregon,"Wasco County, OR",Facility Owner,Not defined,2
Oregon,"Wasco County, OR",Entered ICE Custody by Month,All,25
Oregon,"Wasco County, OR",Entered ICE Custody by Month,2018-07,4
Oregon,"Wasco County, OR",Entered ICE Custody by Month,2017-12,2
Oregon,"Wasco County, OR",Entered ICE Custody by Month,2017-10,2
Oregon,"Wasco County, OR",Entered ICE Custody by Month,2017-03,2
Oregon,"Wasco County, OR",Entered ICE Custody by Month,2016-12,2
Oregon,"Wasco County, OR",Entered ICE Custody by Month,2016-08,1
Oregon,"Wasco County, OR",Entered ICE Custody by Month,2018-06,1
Oregon,"Wasco County, OR",Entered ICE Custody by Month,2018-02,1
Oregon,"Wasco County, OR",Entered ICE Custody by Month,2015-07,1
Oregon,"Wasco County, OR",Entered ICE Custody by Month,2017-11,1
Oregon,"Wasco County, OR",Entered ICE Custody by Month,2015-11,1
Oregon,"Wasco County, OR",Entered ICE Custody by Month,2017-08,1
Oregon,"Wasco County, OR",Entered ICE Custody by Month,2017-04,1
Oregon,"Wasco County, OR",Entered ICE Custody by Month,2015-12,1
Oregon,"Wasco County, OR",Entered ICE Custody by Month,2017-02,1
Oregon,"Wasco County, OR",Entered ICE Custody by Month,2016-06,1
Oregon,"Wasco County, OR",Entered ICE Custody by Month,2016-11,1
Oregon,"Wasco County, OR",Entered ICE Custody by Month,2014-12,1
Oregon,"Wasco County, OR",Time in U.S.,All,25
Oregon,"Wasco County, OR",Time in U.S.,Not Known,13
Oregon,"Wasco County, OR",Time in U.S.,Between 10 and 15 years,4
Oregon,"Wasco County, OR",Time in U.S.,Between 15 and 20 years,3
Oregon,"Wasco County, OR",Time in U.S.,Between 4 and 5 years,2
Oregon,"Wasco County, OR",Time in U.S.,Between 1 and 2 years,1
Oregon,"Wasco County, OR",Time in U.S.,Between 6 and 7 years,1
Oregon,"Wasco County, OR",Time in U.S.,Between 9 and 10 years,1
Oregon,"Wasco County, OR",Legal Permanent Resident,All,25
Oregon,"Wasco County, OR",Legal Permanent Resident,No,25
Oregon,"Wasco County, OR",Asylum Seeker/Refugee,All,25
Oregon,"Wasco County, OR",Asylum Seeker/Refugee,No,25
Oregon,"Wasco County, OR",Most Serious Criminal Conviction,All,25
Oregon,"Wasco County, OR",Most Serious Criminal Conviction,No Conviction,25
Oregon,"Wasco County, OR",Seriousness Level of MSCC,All,25
Oregon,"Wasco County, OR",Seriousness Level of MSCC,No Conviction,25
Oregon,"Wasco County, OR",Length of Time Since MSCC,All,25
Oregon,"Wasco County, OR",Length of Time Since MSCC,Not Known,25
Oregon,"Wasco County, OR",Gender,All,25
Oregon,"Wasco County, OR",Gender,Male,25
Oregon,"Wasco County, OR",Citizenship,All,25
Oregon,"Wasco County, OR",Citizenship,MEXICO,16
Oregon,"Wasco County, OR",Citizenship,EL SALVADOR,3
Oregon,"Wasco County, OR",Citizenship,HONDURAS,2
Oregon,"Wasco County, OR",Citizenship,GUATEMALA,1
Oregon,"Wasco County, OR",Citizenship,UKRAINE,1
Oregon,"Wasco County, OR",Citizenship,MOLDOVA,1
Oregon,"Wasco County, OR",Citizenship,UZBEKISTAN,1
Oregon,"Wasco County, OR",Age Group,All,25
Oregon,"Wasco County, OR",Age Group,Age information witheld by ICE,25
New Hampshire,"Strafford County, NH",Facility Type,All,123
New Hampshire,"Strafford County, NH",Facility Type,County Facility,123
New Hampshire,"Strafford County, NH",Facility Type (Detailed),All,123
New Hampshire,"Strafford County, NH",Facility Type (Detailed),Intergovernmental Service Agreement: a facility operated by state/local govt,123
New Hampshire,"Strafford County, NH",Facility Operator,All,123
New Hampshire,"Strafford County, NH",Facility Operator,County Corrections Office,123
New Hampshire,"Strafford County, NH",Facility Owner,All,123
New Hampshire,"Strafford County, NH",Facility Owner,County,123
New Hampshire,"Strafford County, NH",Entered ICE Custody by Month,All,123
New Hampshire,"Strafford County, NH",Entered ICE Custody by Month,2018-07,63
New Hampshire,"Strafford County, NH",Entered ICE Custody by Month,2018-06,24
New Hampshire,"Strafford County, NH",Entered ICE Custody by Month,2018-05,11
New Hampshire,"Strafford County, NH",Entered ICE Custody by Month,2018-08,5
New Hampshire,"Strafford County, NH",Entered ICE Custody by Month,2018-04,4
New Hampshire,"Strafford County, NH",Entered ICE Custody by Month,2017-12,3
New Hampshire,"Strafford County, NH",Entered ICE Custody by Month,2018-02,2
New Hampshire,"Strafford County, NH",Entered ICE Custody by Month,2017-11,2
New Hampshire,"Strafford County, NH",Entered ICE Custody by Month,2017-06,2
New Hampshire,"Strafford County, NH",Entered ICE Custody by Month,2018-03,2
New Hampshire,"Strafford County, NH",Entered ICE Custody by Month,2018-01,1
New Hampshire,"Strafford County, NH",Entered ICE Custody by Month,2017-10,1
New Hampshire,"Strafford County, NH",Entered ICE Custody by Month,2017-09,1
New Hampshire,"Strafford County, NH",Entered ICE Custody by Month,2017-03,1
New Hampshire,"Strafford County, NH",Entered ICE Custody by Month,2017-01,1
New Hampshire,"Strafford County, NH",Time in U.S.,All,123
New Hampshire,"Strafford County, NH",Time in U.S.,Not Known,44
New Hampshire,"Strafford County, NH",Time in U.S.,Up to 1 year,37
New Hampshire,"Strafford County, NH",Time in U.S.,Between 10 and 15 years,11
New Hampshire,"Strafford County, NH",Time in U.S.,20 years or more,8
New Hampshire,"Strafford County, NH",Time in U.S.,Between 15 and 20 years,6
New Hampshire,"Strafford County, NH",Time in U.S.,Between 1 and 2 years,5
New Hampshire,"Strafford County, NH",Time in U.S.,Between 4 and 5 years,4
New Hampshire,"Strafford County, NH",Time in U.S.,Between 2 and 3 years,3
New Hampshire,"Strafford County, NH",Time in U.S.,Between 3 and 4 years,2
New Hampshire,"Strafford County, NH",Time in U.S.,Between 7 and 8 years,2
New Hampshire,"Strafford County, NH",Time in U.S.,Between 5 and 6 years,1
New Hampshire,"Strafford County, NH",Legal Permanent Resident,All,123
New Hampshire,"Strafford County, NH",Legal Permanent Resident,No,123
New Hampshire,"Strafford County, NH",Asylum Seeker/Refugee,All,123
New Hampshire,"Strafford County, NH",Asylum Seeker/Refugee,No,123
New Hampshire,"Strafford County, NH",Most Serious Criminal Conviction,All,123
New Hampshire,"Strafford County, NH",Most Serious Criminal Conviction,No Conviction,123
New Hampshire,"Strafford County, NH",Seriousness Level of MSCC,All,123
New Hampshire,"Strafford County, NH",Seriousness Level of MSCC,No Conviction,123
New Hampshire,"Strafford County, NH",Length of Time Since MSCC,All,123
New Hampshire,"Strafford County, NH",Length of Time Since MSCC,Not Known,123
New Hampshire,"Strafford County, NH",Gender,All,123
New Hampshire,"Strafford County, NH",Gender,Male,109
New Hampshire,"Strafford County, NH",Gender,Female,14
New Hampshire,"Strafford County, NH",Citizenship,All,123
New Hampshire,"Strafford County, NH",Citizenship,MEXICO,37
New Hampshire,"Strafford County, NH",Citizenship,GUATEMALA,18
New Hampshire,"Strafford County, NH",Citizenship,HONDURAS,14
New Hampshire,"Strafford County, NH",Citizenship,EL SALVADOR,9
New Hampshire,"Strafford County, NH",Citizenship,SOMALIA,5
New Hampshire,"Strafford County, NH",Citizenship,SOUTH SUDAN,4
New Hampshire,"Strafford County, NH",Citizenship,DOMINICAN REPUBLIC,4
New Hampshire,"Strafford County, NH",Citizenship,CAPE VERDE,4
New Hampshire,"Strafford County, NH",Citizenship,CANADA,3
New Hampshire,"Strafford County, NH",Citizenship,JAMAICA,2
New Hampshire,"Strafford County, NH",Citizenship,GEORGIA,2
New Hampshire,"Strafford County, NH",Citizenship,ROMANIA,2
New Hampshire,"Strafford County, NH",Citizenship,COLOMBIA,2
New Hampshire,"Strafford County, NH",Citizenship,RWANDA,2
New Hampshire,"Strafford County, NH",Citizenship,"CHINA, PEOPLES REPUBLIC OF",2
New Hampshire,"Strafford County, NH",Citizenship,PORTUGAL,2
New Hampshire,"Strafford County, NH",Citizenship,INDONESIA,1
New Hampshire,"Strafford County, NH",Citizenship,IVORY COAST,1
New Hampshire,"Strafford County, NH",Citizenship,SUDAN,1
New Hampshire,"Strafford County, NH",Citizenship,CHAD,1
New Hampshire,"Strafford County, NH",Citizenship,KENYA,1
New Hampshire,"Strafford County, NH",Citizenship,COSTA RICA,1
New Hampshire,"Strafford County, NH",Citizenship,LIBERIA,1
New Hampshire,"Strafford County, NH",Citizenship,HAITI,1
New Hampshire,"Strafford County, NH",Citizenship,IRAQ,1
New Hampshire,"Strafford County, NH",Citizenship,ECUADOR,1
New Hampshire,"Strafford County, NH",Citizenship,DEM REP OF THE CONGO,1
New Hampshire,"Strafford County, NH",Age Group,All,123
New Hampshire,"Strafford County, NH",Age Group,Age information witheld by ICE,123
Kansas,"Chase County, KS",Facility Type,All,88
Kansas,"Chase County, KS",Facility Type,County Facility,88
Kansas,"Chase County, KS",Facility Type (Detailed),All,88
Kansas,"Chase County, KS",Facility Type (Detailed),Intergovernmental Service Agreement: a facility operated by state/local govt,88
Kansas,"Chase County, KS",Facility Operator,All,88
Kansas,"Chase County, KS",Facility Operator,County Sheriff Department,88
Kansas,"Chase County, KS",Facility Owner,All,88
Kansas,"Chase County, KS",Facility Owner,County,88
Kansas,"Chase County, KS",Entered ICE Custody by Month,All,88
Kansas,"Chase County, KS",Entered ICE Custody by Month,2018-07,42
Kansas,"Chase County, KS",Entered ICE Custody by Month,2018-08,10
Kansas,"Chase County, KS",Entered ICE Custody by Month,2018-03,10
Kansas,"Chase County, KS",Entered ICE Custody by Month,2018-06,7
Kansas,"Chase County, KS",Entered ICE Custody by Month,2018-04,6
Kansas,"Chase County, KS",Entered ICE Custody by Month,2018-05,6
Kansas,"Chase County, KS",Entered ICE Custody by Month,2017-11,2
Kansas,"Chase County, KS",Entered ICE Custody by Month,2017-06,2
Kansas,"Chase County, KS",Entered ICE Custody by Month,2017-12,1
Kansas,"Chase County, KS",Entered ICE Custody by Month,2017-05,1
Kansas,"Chase County, KS",Entered ICE Custody by Month,2016-10,1
Kansas,"Chase County, KS",Time in U.S.,All,88
Kansas,"Chase County, KS",Time in U.S.,Not Known,61
Kansas,"Chase County, KS",Time in U.S.,Between 4 and 5 years,8
Kansas,"Chase County, KS",Time in U.S.,20 years or more,5
Kansas,"Chase County, KS",Time in U.S.,Between 10 and 15 years,4
Kansas,"Chase County, KS",Time in U.S.,Between 3 and 4 years,3
Kansas,"Chase County, KS",Time in U.S.,Between 15 and 20 years,2
Kansas,"Chase County, KS",Time in U.S.,Between 1 and 2 years,2
Kansas,"Chase County, KS",Time in U.S.,Up to 1 year,2
Kansas,"Chase County, KS",Time in U.S.,Between 5 and 6 years,1
Kansas,"Chase County, KS",Legal Permanent Resident,All,88
Kansas,"Chase County, KS",Legal Permanent Resident,No,88
Kansas,"Chase County, KS",Asylum Seeker/Refugee,All,88
Kansas,"Chase County, KS",Asylum Seeker/Refugee,No,88
Kansas,"Chase County, KS",Most Serious Criminal Conviction,All,88
Kansas,"Chase County, KS",Most Serious Criminal Conviction,No Conviction,88
Kansas,"Chase County, KS",Seriousness Level of MSCC,All,88
Kansas,"Chase County, KS",Seriousness Level of MSCC,No Conviction,88
Kansas,"Chase County, KS",Length of Time Since MSCC,All,88
Kansas,"Chase County, KS",Length of Time Since MSCC,Not Known,88
Kansas,"Chase County, KS",Gender,All,88
Kansas,"Chase County, KS",Gender,Male,82
Kansas,"Chase County, KS",Gender,Female,5
Kansas,"Chase County, KS",Gender,Unknown,1
Kansas,"Chase County, KS",Citizenship,All,88
Kansas,"Chase County, KS",Citizenship,MEXICO,43
Kansas,"Chase County, KS",Citizenship,GUATEMALA,20
Kansas,"Chase County, KS",Citizenship,HONDURAS,8
Kansas,"Chase County, KS",Citizenship,EL SALVADOR,5
Kansas,"Chase County, KS",Citizenship,SOUTH SUDAN,2
Kansas,"Chase County, KS",Citizenship,SUDAN,1
Kansas,"Chase County, KS",Citizenship,CANADA,1
Kansas,"Chase County, KS",Citizenship,BURMA,1
Kansas,"Chase County, KS",Citizenship,VIETNAM,1
Kansas,"Chase County, KS",Citizenship,PAKISTAN,1
Kansas,"Chase County, KS",Citizenship,COLOMBIA,1
Kansas,"Chase County, KS",Citizenship,"CHINA, PEOPLES REPUBLIC OF",1
Kansas,"Chase County, KS",Citizenship,SOMALIA,1
Kansas,"Chase County, KS",Citizenship,INDIA,1
Kansas,"Chase County, KS",Citizenship,DEM REP OF THE CONGO,1
Kansas,"Chase County, KS",Age Group,All,88
Kansas,"Chase County, KS",Age Group,Age information witheld by ICE,88
Kansas,"Butler County, KS",Facility Type,All,7
Kansas,"Butler County, KS",Facility Type,County Facility,7
Kansas,"Butler County, KS",Facility Type (Detailed),All,7
Kansas,"Butler County, KS",Facility Type (Detailed),Intergovernment agreement with USMS which ICE utilizes,7
Kansas,"Butler County, KS",Facility Operator,All,7
Kansas,"Butler County, KS",Facility Operator,County Sheriff Department,7
Kansas,"Butler County, KS",Facility Owner,All,7
Kansas,"Butler County, KS",Facility Owner,County,7
Kansas,"Butler County, KS",Entered ICE Custody by Month,All,7
Kansas,"Butler County, KS",Entered ICE Custody by Month,2018-07,5
Kansas,"Butler County, KS",Entered ICE Custody by Month,2015-04,1
Kansas,"Butler County, KS",Entered ICE Custody by Month,2018-08,1
Kansas,"Butler County, KS",Time in U.S.,All,7
Kansas,"Butler County, KS",Time in U.S.,Not Known,6
Kansas,"Butler County, KS",Time in U.S.,Between 3 and 4 years,1
Kansas,"Butler County, KS",Legal Permanent Resident,All,7
Kansas,"Butler County, KS",Legal Permanent Resident,No,7
Kansas,"Butler County, KS",Asylum Seeker/Refugee,All,7
Kansas,"Butler County, KS",Asylum Seeker/Refugee,No,7
Kansas,"Butler County, KS",Most Serious Criminal Conviction,All,7
Kansas,"Butler County, KS",Most Serious Criminal Conviction,No Conviction,7
Kansas,"Butler County, KS",Seriousness Level of MSCC,All,7
Kansas,"Butler County, KS",Seriousness Level of MSCC,No Conviction,7
Kansas,"Butler County, KS",Length of Time Since MSCC,All,7
Kansas,"Butler County, KS",Length of Time Since MSCC,Not Known,7
Kansas,"Butler County, KS",Gender,All,7
Kansas,"Butler County, KS",Gender,Male,7
Kansas,"Butler County, KS",Citizenship,All,7
Kansas,"Butler County, KS",Citizenship,MEXICO,4
Kansas,"Butler County, KS",Citizenship,GUATEMALA,2
Kansas,"Butler County, KS",Citizenship,HONDURAS,1
Kansas,"Butler County, KS",Age Group,All,7
Kansas,"Butler County, KS",Age Group,Age information witheld by ICE,7
Kansas,"Shawnee County, KS",Facility Type,All,6
Kansas,"Shawnee County, KS",Facility Type,County Facility,6
Kansas,"Shawnee County, KS",Facility Type (Detailed),All,6
Kansas,"Shawnee County, KS",Facility Type (Detailed),Intergovernmental Service Agreement: a facility operated by state/local govt,6
Kansas,"Shawnee County, KS",Facility Operator,All,6
Kansas,"Shawnee County, KS",Facility Operator,County Corrections Office,6
Kansas,"Shawnee County, KS",Facility Owner,All,6
Kansas,"Shawnee County, KS",Facility Owner,County,6
Kansas,"Shawnee County, KS",Entered ICE Custody by Month,All,6
Kansas,"Shawnee County, KS",Entered ICE Custody by Month,2018-07,3
Kansas,"Shawnee County, KS",Entered ICE Custody by Month,2015-11,1
Kansas,"Shawnee County, KS",Entered ICE Custody by Month,2018-02,1
Kansas,"Shawnee County, KS",Entered ICE Custody by Month,2018-06,1
Kansas,"Shawnee County, KS",Time in U.S.,All,6
Kansas,"Shawnee County, KS",Time in U.S.,Between 15 and 20 years,2
Kansas,"Shawnee County, KS",Time in U.S.,Not Known,1
Kansas,"Shawnee County, KS",Time in U.S.,Between 5 and 6 years,1
Kansas,"Shawnee County, KS",Time in U.S.,Between 4 and 5 years,1
Kansas,"Shawnee County, KS",Time in U.S.,Between 2 and 3 years,1
Kansas,"Shawnee County, KS",Legal Permanent Resident,All,6
Kansas,"Shawnee County, KS",Legal Permanent Resident,No,6
Kansas,"Shawnee County, KS",Asylum Seeker/Refugee,All,6
Kansas,"Shawnee County, KS",Asylum Seeker/Refugee,No,6
Kansas,"Shawnee County, KS",Most Serious Criminal Conviction,All,6
Kansas,"Shawnee County, KS",Most Serious Criminal Conviction,No Conviction,6
Kansas,"Shawnee County, KS",Seriousness Level of MSCC,All,6
Kansas,"Shawnee County, KS",Seriousness Level of MSCC,No Conviction,6
Kansas,"Shawnee County, KS",Length of Time Since MSCC,All,6
Kansas,"Shawnee County, KS",Length of Time Since MSCC,Not Known,6
Kansas,"Shawnee County, KS",Gender,All,6
Kansas,"Shawnee County, KS",Gender,Male,6
Kansas,"Shawnee County, KS",Citizenship,All,6
Kansas,"Shawnee County, KS",Citizenship,MEXICO,2
Kansas,"Shawnee County, KS",Citizenship,EL SALVADOR,1
Kansas,"Shawnee County, KS",Citizenship,CUBA,1
Kansas,"Shawnee County, KS",Citizenship,KENYA,1
Kansas,"Shawnee County, KS",Citizenship,SIERRA LEONE,1
Kansas,"Shawnee County, KS",Age Group,All,6
Kansas,"Shawnee County, KS",Age Group,Age information witheld by ICE,6
Indiana,"Clay County, IN",Facility Type,All,62
Indiana,"Clay County, IN",Facility Type,County Facility,62
Indiana,"Clay County, IN",Facility Type (Detailed),All,62
Indiana,"Clay County, IN",Facility Type (Detailed),Intergovernment agreement with USMS which ICE utilizes,62
Indiana,"Clay County, IN",Facility Operator,All,62
Indiana,"Clay County, IN",Facility Operator,County Sheriff Department,62
Indiana,"Clay County, IN",Facility Owner,All,62
Indiana,"Clay County, IN",Facility Owner,County,62
Indiana,"Clay County, IN",Entered ICE Custody by Month,All,62
Indiana,"Clay County, IN",Entered ICE Custody by Month,2018-07,32
Indiana,"Clay County, IN",Entered ICE Custody by Month,2018-08,24
Indiana,"Clay County, IN",Entered ICE Custody by Month,2018-06,5
Indiana,"Clay County, IN",Entered ICE Custody by Month,2018-05,1
Indiana,"Clay County, IN",Time in U.S.,All,62
Indiana,"Clay County, IN",Time in U.S.,Not Known,39
Indiana,"Clay County, IN",Time in U.S.,Between 10 and 15 years,6
Indiana,"Clay County, IN",Time in U.S.,Up to 1 year,4
Indiana,"Clay County, IN",Time in U.S.,Between 1 and 2 years,3
Indiana,"Clay County, IN",Time in U.S.,Between 3 and 4 years,2
Indiana,"Clay County, IN",Time in U.S.,Between 2 and 3 years,2
Indiana,"Clay County, IN",Time in U.S.,Between 5 and 6 years,1
Indiana,"Clay County, IN",Time in U.S.,20 years or more,1
Indiana,"Clay County, IN",Time in U.S.,Between 15 and 20 years,1
Indiana,"Clay County, IN",Time in U.S.,Between 6 and 7 years,1
Indiana,"Clay County, IN",Time in U.S.,Between 8 and 9 years,1
Indiana,"Clay County, IN",Time in U.S.,Between 7 and 8 years,1
Indiana,"Clay County, IN",Legal Permanent Resident,All,62
Indiana,"Clay County, IN",Legal Permanent Resident,No,62
Indiana,"Clay County, IN",Asylum Seeker/Refugee,All,62
Indiana,"Clay County, IN",Asylum Seeker/Refugee,No,62
Indiana,"Clay County, IN",Most Serious Criminal Conviction,All,62
Indiana,"Clay County, IN",Most Serious Criminal Conviction,No Conviction,62
Indiana,"Clay County, IN",Seriousness Level of MSCC,All,62
Indiana,"Clay County, IN",Seriousness Level of MSCC,No Conviction,62
Indiana,"Clay County, IN",Length of Time Since MSCC,All,62
Indiana,"Clay County, IN",Length of Time Since MSCC,Not Known,62
Indiana,"Clay County, IN",Gender,All,62
Indiana,"Clay County, IN",Gender,Male,59
Indiana,"Clay County, IN",Gender,Female,3
Indiana,"Clay County, IN",Citizenship,All,62
Indiana,"Clay County, IN",Citizenship,MEXICO,38
Indiana,"Clay County, IN",Citizenship,GUATEMALA,11
Indiana,"Clay County, IN",Citizenship,EL SALVADOR,3
Indiana,"Clay County, IN",Citizenship,HONDURAS,2
Indiana,"Clay County, IN",Citizenship,INDIA,2
Indiana,"Clay County, IN",Citizenship,NETHERLANDS,1
Indiana,"Clay County, IN",Citizenship,BURMA,1
Indiana,"Clay County, IN",Citizenship,NIGERIA,1
Indiana,"Clay County, IN",Citizenship,HAITI,1
Indiana,"Clay County, IN",Citizenship,SOMALIA,1
Indiana,"Clay County, IN",Citizenship,SPAIN,1
Indiana,"Clay County, IN",Age Group,All,62
Indiana,"Clay County, IN",Age Group,Age information witheld by ICE,62
Utah,"Cache County, UT",Facility Type,All,25
Utah,"Cache County, UT",Facility Type,County Facility,25
Utah,"Cache County, UT",Facility Type (Detailed),All,25
Utah,"Cache County, UT",Facility Type (Detailed),Intergovernment agreement with USMS which ICE utilizes,25
Utah,"Cache County, UT",Facility Operator,All,25
Utah,"Cache County, UT",Facility Operator,County,25
Utah,"Cache County, UT",Facility Owner,All,25
Utah,"Cache County, UT",Facility Owner,Not defined,25
Utah,"Cache County, UT",Entered ICE Custody by Month,All,25
Utah,"Cache County, UT",Entered ICE Custody by Month,2018-08,18
Utah,"Cache County, UT",Entered ICE Custody by Month,2018-07,6
Utah,"Cache County, UT",Entered ICE Custody by Month,2018-05,1
Utah,"Cache County, UT",Time in U.S.,All,25
Utah,"Cache County, UT",Time in U.S.,Not Known,15
Utah,"Cache County, UT",Time in U.S.,20 years or more,4
Utah,"Cache County, UT",Time in U.S.,Between 10 and 15 years,2
Utah,"Cache County, UT",Time in U.S.,Between 2 and 3 years,1
Utah,"Cache County, UT",Time in U.S.,Between 1 and 2 years,1
Utah,"Cache County, UT",Time in U.S.,Between 8 and 9 years,1
Utah,"Cache County, UT",Time in U.S.,Up to 1 year,1
Utah,"Cache County, UT",Legal Permanent Resident,All,25
Utah,"Cache County, UT",Legal Permanent Resident,No,25
Utah,"Cache County, UT",Asylum Seeker/Refugee,All,25
Utah,"Cache County, UT",Asylum Seeker/Refugee,No,25
Utah,"Cache County, UT",Most Serious Criminal Conviction,All,25
Utah,"Cache County, UT",Most Serious Criminal Conviction,No Conviction,25
Utah,"Cache County, UT",Seriousness Level of MSCC,All,25
Utah,"Cache County, UT",Seriousness Level of MSCC,No Conviction,25
Utah,"Cache County, UT",Length of Time Since MSCC,All,25
Utah,"Cache County, UT",Length of Time Since MSCC,Not Known,25
Utah,"Cache County, UT",Gender,All,25
Utah,"Cache County, UT",Gender,Male,25
Utah,"Cache County, UT",Citizenship,All,25
Utah,"Cache County, UT",Citizenship,MEXICO,13
Utah,"Cache County, UT",Citizenship,EL SALVADOR,3
Utah,"Cache County, UT",Citizenship,HONDURAS,3
Utah,"Cache County, UT",Citizenship,GUATEMALA,1
Utah,"Cache County, UT",Citizenship,PERU,1
Utah,"Cache County, UT",Citizenship,KOREA,1
Utah,"Cache County, UT",Citizenship,MARSHALL ISLANDS,1
Utah,"Cache County, UT",Citizenship,TONGA,1
Utah,"Cache County, UT",Citizenship,SPAIN,1
Utah,"Cache County, UT",Age Group,All,25
Utah,"Cache County, UT",Age Group,Age information witheld by ICE,25
Utah,"Washington County, UT",Facility Type,All,8
Utah,"Washington County, UT",Facility Type,County Facility,8
Utah,"Washington County, UT",Facility Type (Detailed),All,8
Utah,"Washington County, UT",Facility Type (Detailed),Intergovernment agreement with USMS which ICE utilizes,8
Utah,"Washington County, UT",Facility Operator,All,8
Utah,"Washington County, UT",Facility Operator,County Sheriff Department,8
Utah,"Washington County, UT",Facility Owner,All,8
Utah,"Washington County, UT",Facility Owner,County,8
Utah,"Washington County, UT",Entered ICE Custody by Month,All,8
Utah,"Washington County, UT",Entered ICE Custody by Month,2018-07,5
Utah,"Washington County, UT",Entered ICE Custody by Month,2018-08,3
Utah,"Washington County, UT",Time in U.S.,All,8
Utah,"Washington County, UT",Time in U.S.,Not Known,5
Utah,"Washington County, UT",Time in U.S.,Between 5 and 6 years,1
Utah,"Washington County, UT",Time in U.S.,Between 10 and 15 years,1
Utah,"Washington County, UT",Time in U.S.,Between 2 and 3 years,1
Utah,"Washington County, UT",Legal Permanent Resident,All,8
Utah,"Washington County, UT",Legal Permanent Resident,No,8
Utah,"Washington County, UT",Asylum Seeker/Refugee,All,8
Utah,"Washington County, UT",Asylum Seeker/Refugee,No,8
Utah,"Washington County, UT",Most Serious Criminal Conviction,All,8
Utah,"Washington County, UT",Most Serious Criminal Conviction,No Conviction,8
Utah,"Washington County, UT",Seriousness Level of MSCC,All,8
Utah,"Washington County, UT",Seriousness Level of MSCC,No Conviction,8
Utah,"Washington County, UT",Length of Time Since MSCC,All,8
Utah,"Washington County, UT",Length of Time Since MSCC,Not Known,8
Utah,"Washington County, UT",Gender,All,8
Utah,"Washington County, UT",Gender,Male,8
Utah,"Washington County, UT",Citizenship,All,8
Utah,"Washington County, UT",Citizenship,MEXICO,5
Utah,"Washington County, UT",Citizenship,EL SALVADOR,2
Utah,"Washington County, UT",Citizenship,GUATEMALA,1
Utah,"Washington County, UT",Age Group,All,8
Utah,"Washington County, UT",Age Group,Age information witheld by ICE,8
Utah,"Weber County, UT",Facility Type,All,1
Utah,"Weber County, UT",Facility Type,INS Facility,1
Utah,"Weber County, UT",Facility Type (Detailed),All,1
Utah,"Weber County, UT",Facility Type (Detailed),Hold: a holding facility,1
Utah,"Weber County, UT",Facility Operator,All,1
Utah,"Weber County, UT",Facility Operator,Not defined,1
Utah,"Weber County, UT",Facility Owner,All,1
Utah,"Weber County, UT",Facility Owner,Not defined,1
Utah,"Weber County, UT",Entered ICE Custody by Month,All,1
Utah,"Weber County, UT",Entered ICE Custody by Month,2018-08,1
Utah,"Weber County, UT",Time in U.S.,All,1
Utah,"Weber County, UT",Time in U.S.,Not Known,1
Utah,"Weber County, UT",Legal Permanent Resident,All,1
Utah,"Weber County, UT",Legal Permanent Resident,No,1
Utah,"Weber County, UT",Asylum Seeker/Refugee,All,1
Utah,"Weber County, UT",Asylum Seeker/Refugee,No,1
Utah,"Weber County, UT",Most Serious Criminal Conviction,All,1
Utah,"Weber County, UT",Most Serious Criminal Conviction,No Conviction,1
Utah,"Weber County, UT",Seriousness Level of MSCC,All,1
Utah,"Weber County, UT",Seriousness Level of MSCC,No Conviction,1
Utah,"Weber County, UT",Length of Time Since MSCC,All,1
Utah,"Weber County, UT",Length of Time Since MSCC,Not Known,1
Utah,"Weber County, UT",Gender,All,1
Utah,"Weber County, UT",Gender,Male,1
Utah,"Weber County, UT",Citizenship,All,1
Utah,"Weber County, UT",Citizenship,MEXICO,1
Utah,"Weber County, UT",Age Group,All,1
Utah,"Weber County, UT",Age Group,Age information witheld by ICE,1
Hawaii,"Honolulu County, HI",Facility Type,All,26
Hawaii,"Honolulu County, HI",Facility Type,Federal Facility,26
Hawaii,"Honolulu County, HI",Facility Type (Detailed),All,26
Hawaii,"Honolulu County, HI",Facility Type (Detailed),Bureau of Prisons: a facility operated by/under the management of the BOP,26
Hawaii,"Honolulu County, HI",Facility Operator,All,26
Hawaii,"Honolulu County, HI",Facility Operator,Bureau of Prisons,26
Hawaii,"Honolulu County, HI",Facility Owner,All,26
Hawaii,"Honolulu County, HI",Facility Owner,Not defined,26
Hawaii,"Honolulu County, HI",Entered ICE Custody by Month,All,26
Hawaii,"Honolulu County, HI",Entered ICE Custody by Month,2018-07,7
Hawaii,"Honolulu County, HI",Entered ICE Custody by Month,2018-08,2
Hawaii,"Honolulu County, HI",Entered ICE Custody by Month,2018-06,2
Hawaii,"Honolulu County, HI",Entered ICE Custody by Month,2018-05,2
Hawaii,"Honolulu County, HI",Entered ICE Custody by Month,2018-04,2
Hawaii,"Honolulu County, HI",Entered ICE Custody by Month,2018-03,2
Hawaii,"Honolulu County, HI",Entered ICE Custody by Month,2018-02,2
Hawaii,"Honolulu County, HI",Entered ICE Custody by Month,2017-10,2
Hawaii,"Honolulu County, HI",Entered ICE Custody by Month,2018-01,1
Hawaii,"Honolulu County, HI",Entered ICE Custody by Month,2017-11,1
Hawaii,"Honolulu County, HI",Entered ICE Custody by Month,2017-05,1
Hawaii,"Honolulu County, HI",Entered ICE Custody by Month,2016-02,1
Hawaii,"Honolulu County, HI",Entered ICE Custody by Month,2015-09,1
Hawaii,"Honolulu County, HI",Time in U.S.,All,26
Hawaii,"Honolulu County, HI",Time in U.S.,20 years or more,8
Hawaii,"Honolulu County, HI",Time in U.S.,Between 10 and 15 years,4
Hawaii,"Honolulu County, HI",Time in U.S.,Between 15 and 20 years,3
Hawaii,"Honolulu County, HI",Time in U.S.,Between 6 and 7 years,2
Hawaii,"Honolulu County, HI",Time in U.S.,Between 2 and 3 years,2
Hawaii,"Honolulu County, HI",Time in U.S.,Between 7 and 8 years,1
Hawaii,"Honolulu County, HI",Time in U.S.,Between 9 and 10 years,1
Hawaii,"Honolulu County, HI",Time in U.S.,Between 1 and 2 years,1
Hawaii,"Honolulu County, HI",Time in U.S.,Between 4 and 5 years,1
Hawaii,"Honolulu County, HI",Time in U.S.,Between 5 and 6 years,1
Hawaii,"Honolulu County, HI",Time in U.S.,Not Known,1
Hawaii,"Honolulu County, HI",Time in U.S.,Up to 1 year,1
Hawaii,"Honolulu County, HI",Legal Permanent Resident,All,26
Hawaii,"Honolulu County, HI",Legal Permanent Resident,No,26
Hawaii,"Honolulu County, HI",Asylum Seeker/Refugee,All,26
Hawaii,"Honolulu County, HI",Asylum Seeker/Refugee,No,26
Hawaii,"Honolulu County, HI",Most Serious Criminal Conviction,All,26
Hawaii,"Honolulu County, HI",Most Serious Criminal Conviction,No Conviction,26
Hawaii,"Honolulu County, HI",Seriousness Level of MSCC,All,26
Hawaii,"Honolulu County, HI",Seriousness Level of MSCC,No Conviction,26
Hawaii,"Honolulu County, HI",Length of Time Since MSCC,All,26
Hawaii,"Honolulu County, HI",Length of Time Since MSCC,Not Known,26
Hawaii,"Honolulu County, HI",Gender,All,26
Hawaii,"Honolulu County, HI",Gender,Male,19
Hawaii,"Honolulu County, HI",Gender,Female,7
Hawaii,"Honolulu County, HI",Citizenship,All,26
Hawaii,"Honolulu County, HI",Citizenship,"CHINA, PEOPLES REPUBLIC OF",6
Hawaii,"Honolulu County, HI",Citizenship,"MICRONESIA, FEDERATED STATES OF",5
Hawaii,"Honolulu County, HI",Citizenship,VIETNAM,4
Hawaii,"Honolulu County, HI",Citizenship,MEXICO,3
Hawaii,"Honolulu County, HI",Citizenship,TONGA,2
Hawaii,"Honolulu County, HI",Citizenship,THAILAND,1
Hawaii,"Honolulu County, HI",Citizenship,PHILIPPINES,1
Hawaii,"Honolulu County, HI",Citizenship,SAMOA,1
Hawaii,"Honolulu County, HI",Citizenship,MARSHALL ISLANDS,1
Hawaii,"Honolulu County, HI",Citizenship,FIJI,1
Hawaii,"Honolulu County, HI",Citizenship,SOUTH KOREA,1
Hawaii,"Honolulu County, HI",Age Group,All,26
Hawaii,"Honolulu County, HI",Age Group,Age information witheld by ICE,26
South Carolina,"Richland County, SC",Facility Type,All,20
South Carolina,"Richland County, SC",Facility Type,Other Facility Type,20
South Carolina,"Richland County, SC",Facility Type (Detailed),All,20
South Carolina,"Richland County, SC",Facility Type (Detailed),Hospital: a medical facility,20
South Carolina,"Richland County, SC",Facility Operator,All,20
South Carolina,"Richland County, SC",Facility Operator,Hospital,20
South Carolina,"Richland County, SC",Facility Owner,All,20
South Carolina,"Richland County, SC",Facility Owner,Not defined,20
South Carolina,"Richland County, SC",Entered ICE Custody by Month,All,20
South Carolina,"Richland County, SC",Entered ICE Custody by Month,2018-02,3
South Carolina,"Richland County, SC",Entered ICE Custody by Month,2018-03,3
South Carolina,"Richland County, SC",Entered ICE Custody by Month,2018-05,3
South Carolina,"Richland County, SC",Entered ICE Custody by Month,2018-06,3
South Carolina,"Richland County, SC",Entered ICE Custody by Month,2018-07,3
South Carolina,"Richland County, SC",Entered ICE Custody by Month,2017-12,2
South Carolina,"Richland County, SC",Entered ICE Custody by Month,2018-04,2
South Carolina,"Richland County, SC",Entered ICE Custody by Month,2017-09,1
South Carolina,"Richland County, SC",Time in U.S.,All,20
South Carolina,"Richland County, SC",Time in U.S.,Not Known,5
South Carolina,"Richland County, SC",Time in U.S.,Up to 1 year,4
South Carolina,"Richland County, SC",Time in U.S.,Between 15 and 20 years,3
South Carolina,"Richland County, SC",Time in U.S.,20 years or more,2
South Carolina,"Richland County, SC",Time in U.S.,Between 5 and 6 years,2
South Carolina,"Richland County, SC",Time in U.S.,Between 10 and 15 years,2
South Carolina,"Richland County, SC",Time in U.S.,Between 4 and 5 years,1
South Carolina,"Richland County, SC",Time in U.S.,Between 1 and 2 years,1
South Carolina,"Richland County, SC",Legal Permanent Resident,All,20
South Carolina,"Richland County, SC",Legal Permanent Resident,No,20
South Carolina,"Richland County, SC",Asylum Seeker/Refugee,All,20
South Carolina,"Richland County, SC",Asylum Seeker/Refugee,No,20
South Carolina,"Richland County, SC",Most Serious Criminal Conviction,All,20
South Carolina,"Richland County, SC",Most Serious Criminal Conviction,No Conviction,20
South Carolina,"Richland County, SC",Seriousness Level of MSCC,All,20
South Carolina,"Richland County, SC",Seriousness Level of MSCC,No Conviction,20
South Carolina,"Richland County, SC",Length of Time Since MSCC,All,20
South Carolina,"Richland County, SC",Length of Time Since MSCC,Not Known,20
South Carolina,"Richland County, SC",Gender,All,20
South Carolina,"Richland County, SC",Gender,Male,18
South Carolina,"Richland County, SC",Gender,Female,2
South Carolina,"Richland County, SC",Citizenship,All,20
South Carolina,"Richland County, SC",Citizenship,MEXICO,5
South Carolina,"Richland County, SC",Citizenship,EL SALVADOR,2
South Carolina,"Richland County, SC",Citizenship,CUBA,2
South Carolina,"Richland County, SC",Citizenship,LIBERIA,2
South Carolina,"Richland County, SC",Citizenship,GUATEMALA,2
South Carolina,"Richland County, SC",Citizenship,VIETNAM,1
South Carolina,"Richland County, SC",Citizenship,HAITI,1
South Carolina,"Richland County, SC",Citizenship,BRAZIL,1
South Carolina,"Richland County, SC",Citizenship,NICARAGUA,1
South Carolina,"Richland County, SC",Citizenship,HONDURAS,1
South Carolina,"Richland County, SC",Citizenship,JAMAICA,1
South Carolina,"Richland County, SC",Citizenship,AUSTRALIA,1
South Carolina,"Richland County, SC",Age Group,All,20
South Carolina,"Richland County, SC",Age Group,Age information witheld by ICE,20
South Carolina,"Charleston County, SC",Facility Type,All,6
South Carolina,"Charleston County, SC",Facility Type,County Facility,6
South Carolina,"Charleston County, SC",Facility Type (Detailed),All,6
South Carolina,"Charleston County, SC",Facility Type (Detailed),Intergovernment agreement with USMS which ICE utilizes,6
South Carolina,"Charleston County, SC",Facility Operator,All,6
South Carolina,"Charleston County, SC",Facility Operator,County Sheriff Department,6
South Carolina,"Charleston County, SC",Facility Owner,All,6
South Carolina,"Charleston County, SC",Facility Owner,County,6
South Carolina,"Charleston County, SC",Entered ICE Custody by Month,All,6
South Carolina,"Charleston County, SC",Entered ICE Custody by Month,2018-08,6
South Carolina,"Charleston County, SC",Time in U.S.,All,6
South Carolina,"Charleston County, SC",Time in U.S.,Not Known,5
South Carolina,"Charleston County, SC",Time in U.S.,Between 2 and 3 years,1
South Carolina,"Charleston County, SC",Legal Permanent Resident,All,6
South Carolina,"Charleston County, SC",Legal Permanent Resident,No,6
South Carolina,"Charleston County, SC",Asylum Seeker/Refugee,All,6
South Carolina,"Charleston County, SC",Asylum Seeker/Refugee,No,6
South Carolina,"Charleston County, SC",Most Serious Criminal Conviction,All,6
South Carolina,"Charleston County, SC",Most Serious Criminal Conviction,No Conviction,6
South Carolina,"Charleston County, SC",Seriousness Level of MSCC,All,6
South Carolina,"Charleston County, SC",Seriousness Level of MSCC,No Conviction,6
South Carolina,"Charleston County, SC",Length of Time Since MSCC,All,6
South Carolina,"Charleston County, SC",Length of Time Since MSCC,Not Known,6
South Carolina,"Charleston County, SC",Gender,All,6
South Carolina,"Charleston County, SC",Gender,Male,6
South Carolina,"Charleston County, SC",Citizenship,All,6
South Carolina,"Charleston County, SC",Citizenship,MEXICO,5
South Carolina,"Charleston County, SC",Citizenship,GUATEMALA,1
South Carolina,"Charleston County, SC",Age Group,All,6
South Carolina,"Charleston County, SC",Age Group,Age information witheld by ICE,6
Idaho,"Jefferson County, ID",Facility Type,All,10
Idaho,"Jefferson County, ID",Facility Type,County Facility,10
Idaho,"Jefferson County, ID",Facility Type (Detailed),All,10
Idaho,"Jefferson County, ID",Facility Type (Detailed),Intergovernmental Service Agreement: a facility operated by state/local govt,10
Idaho,"Jefferson County, ID",Facility Operator,All,10
Idaho,"Jefferson County, ID",Facility Operator,County,10
Idaho,"Jefferson County, ID",Facility Owner,All,10
Idaho,"Jefferson County, ID",Facility Owner,County,10
Idaho,"Jefferson County, ID",Entered ICE Custody by Month,All,10
Idaho,"Jefferson County, ID",Entered ICE Custody by Month,2018-07,5
Idaho,"Jefferson County, ID",Entered ICE Custody by Month,2018-06,2
Idaho,"Jefferson County, ID",Entered ICE Custody by Month,2018-08,2
Idaho,"Jefferson County, ID",Entered ICE Custody by Month,2018-04,1
Idaho,"Jefferson County, ID",Time in U.S.,All,10
Idaho,"Jefferson County, ID",Time in U.S.,Not Known,4
Idaho,"Jefferson County, ID",Time in U.S.,Between 15 and 20 years,2
Idaho,"Jefferson County, ID",Time in U.S.,Between 2 and 3 years,2
Idaho,"Jefferson County, ID",Time in U.S.,20 years or more,1
Idaho,"Jefferson County, ID",Time in U.S.,Between 10 and 15 years,1
Idaho,"Jefferson County, ID",Legal Permanent Resident,All,10
Idaho,"Jefferson County, ID",Legal Permanent Resident,No,10
Idaho,"Jefferson County, ID",Asylum Seeker/Refugee,All,10
Idaho,"Jefferson County, ID",Asylum Seeker/Refugee,No,10
Idaho,"Jefferson County, ID",Most Serious Criminal Conviction,All,10
Idaho,"Jefferson County, ID",Most Serious Criminal Conviction,No Conviction,10
Idaho,"Jefferson County, ID",Seriousness Level of MSCC,All,10
Idaho,"Jefferson County, ID",Seriousness Level of MSCC,No Conviction,10
Idaho,"Jefferson County, ID",Length of Time Since MSCC,All,10
Idaho,"Jefferson County, ID",Length of Time Since MSCC,Not Known,10
Idaho,"Jefferson County, ID",Gender,All,10
Idaho,"Jefferson County, ID",Gender,Male,8
Idaho,"Jefferson County, ID",Gender,Female,2
Idaho,"Jefferson County, ID",Citizenship,All,10
Idaho,"Jefferson County, ID",Citizenship,MEXICO,5
Idaho,"Jefferson County, ID",Citizenship,EL SALVADOR,1
Idaho,"Jefferson County, ID",Citizenship,BRAZIL,1
Idaho,"Jefferson County, ID",Citizenship,PERU,1
Idaho,"Jefferson County, ID",Citizenship,ZIMBABWE,1
Idaho,"Jefferson County, ID",Citizenship,SAMOA,1
Idaho,"Jefferson County, ID",Age Group,All,10
Idaho,"Jefferson County, ID",Age Group,Age information witheld by ICE,10
Idaho,"Elmore County, ID",Facility Type,All,6
Idaho,"Elmore County, ID",Facility Type,County Facility,6
Idaho,"Elmore County, ID",Facility Type (Detailed),All,6
Idaho,"Elmore County, ID",Facility Type (Detailed),Intergovernment agreement with USMS which ICE utilizes,6
Idaho,"Elmore County, ID",Facility Operator,All,6
Idaho,"Elmore County, ID",Facility Operator,County Sheriff Department,6
Idaho,"Elmore County, ID",Facility Owner,All,6
Idaho,"Elmore County, ID",Facility Owner,County,6
Idaho,"Elmore County, ID",Entered ICE Custody by Month,All,6
Idaho,"Elmore County, ID",Entered ICE Custody by Month,2018-08,5
Idaho,"Elmore County, ID",Entered ICE Custody by Month,2018-07,1
Idaho,"Elmore County, ID",Time in U.S.,All,6
Idaho,"Elmore County, ID",Time in U.S.,Not Known,2
Idaho,"Elmore County, ID",Time in U.S.,20 years or more,2
Idaho,"Elmore County, ID",Time in U.S.,Between 4 and 5 years,1
Idaho,"Elmore County, ID",Time in U.S.,Up to 1 year,1
Idaho,"Elmore County, ID",Legal Permanent Resident,All,6
Idaho,"Elmore County, ID",Legal Permanent Resident,No,6
Idaho,"Elmore County, ID",Asylum Seeker/Refugee,All,6
Idaho,"Elmore County, ID",Asylum Seeker/Refugee,No,6
Idaho,"Elmore County, ID",Most Serious Criminal Conviction,All,6
Idaho,"Elmore County, ID",Most Serious Criminal Conviction,No Conviction,6
Idaho,"Elmore County, ID",Seriousness Level of MSCC,All,6
Idaho,"Elmore County, ID",Seriousness Level of MSCC,No Conviction,6
Idaho,"Elmore County, ID",Length of Time Since MSCC,All,6
Idaho,"Elmore County, ID",Length of Time Since MSCC,Not Known,6
Idaho,"Elmore County, ID",Gender,All,6
Idaho,"Elmore County, ID",Gender,Male,6
Idaho,"Elmore County, ID",Citizenship,All,6
Idaho,"Elmore County, ID",Citizenship,MEXICO,3
Idaho,"Elmore County, ID",Citizenship,THAILAND,2
Idaho,"Elmore County, ID",Citizenship,GUATEMALA,1
Idaho,"Elmore County, ID",Age Group,All,6
Idaho,"Elmore County, ID",Age Group,Age information witheld by ICE,6
Idaho,"Cassia County, ID",Facility Type,All,4
Idaho,"Cassia County, ID",Facility Type,County Facility,4
Idaho,"Cassia County, ID",Facility Type (Detailed),All,4
Idaho,"Cassia County, ID",Facility Type (Detailed),Intergovernmental Service Agreement: a facility operated by state/local govt,4
Idaho,"Cassia County, ID",Facility Operator,All,4
Idaho,"Cassia County, ID",Facility Operator,County Sheriff Department,4
Idaho,"Cassia County, ID",Facility Owner,All,4
Idaho,"Cassia County, ID",Facility Owner,County,4
Idaho,"Cassia County, ID",Entered ICE Custody by Month,All,4
Idaho,"Cassia County, ID",Entered ICE Custody by Month,2018-08,3
Idaho,"Cassia County, ID",Entered ICE Custody by Month,2018-02,1
Idaho,"Cassia County, ID",Time in U.S.,All,4
Idaho,"Cassia County, ID",Time in U.S.,Not Known,2
Idaho,"Cassia County, ID",Time in U.S.,Between 15 and 20 years,1
Idaho,"Cassia County, ID",Time in U.S.,20 years or more,1
Idaho,"Cassia County, ID",Legal Permanent Resident,All,4
Idaho,"Cassia County, ID",Legal Permanent Resident,No,4
Idaho,"Cassia County, ID",Asylum Seeker/Refugee,All,4
Idaho,"Cassia County, ID",Asylum Seeker/Refugee,No,4
Idaho,"Cassia County, ID",Most Serious Criminal Conviction,All,4
Idaho,"Cassia County, ID",Most Serious Criminal Conviction,No Conviction,4
Idaho,"Cassia County, ID",Seriousness Level of MSCC,All,4
Idaho,"Cassia County, ID",Seriousness Level of MSCC,No Conviction,4
Idaho,"Cassia County, ID",Length of Time Since MSCC,All,4
Idaho,"Cassia County, ID",Length of Time Since MSCC,Not Known,4
Idaho,"Cassia County, ID",Gender,All,4
Idaho,"Cassia County, ID",Gender,Male,3
Idaho,"Cassia County, ID",Gender,Female,1
Idaho,"Cassia County, ID",Citizenship,All,4
Idaho,"Cassia County, ID",Citizenship,MEXICO,2
Idaho,"Cassia County, ID",Citizenship,GUATEMALA,1
Idaho,"Cassia County, ID",Citizenship,INDIA,1
Idaho,"Cassia County, ID",Age Group,All,4
Idaho,"Cassia County, ID",Age Group,Age information witheld by ICE,4
Tennessee,"Davidson County, TN",Facility Type,All,16
Tennessee,"Davidson County, TN",Facility Type,County Facility,16
Tennessee,"Davidson County, TN",Facility Type (Detailed),All,16
Tennessee,"Davidson County, TN",Facility Type (Detailed),Intergovernmental Service Agreement: a facility operated by state/local govt,16
Tennessee,"Davidson County, TN",Facility Operator,All,16
Tennessee,"Davidson County, TN",Facility Operator,County Sheriff Department,16
Tennessee,"Davidson County, TN",Facility Owner,All,16
Tennessee,"Davidson County, TN",Facility Owner,County,16
Tennessee,"Davidson County, TN",Entered ICE Custody by Month,All,16
Tennessee,"Davidson County, TN",Entered ICE Custody by Month,2018-08,15
Tennessee,"Davidson County, TN",Entered ICE Custody by Month,2018-07,1
Tennessee,"Davidson County, TN",Time in U.S.,All,16
Tennessee,"Davidson County, TN",Time in U.S.,Not Known,10
Tennessee,"Davidson County, TN",Time in U.S.,Up to 1 year,6
Tennessee,"Davidson County, TN",Legal Permanent Resident,All,16
Tennessee,"Davidson County, TN",Legal Permanent Resident,No,16
Tennessee,"Davidson County, TN",Asylum Seeker/Refugee,All,16
Tennessee,"Davidson County, TN",Asylum Seeker/Refugee,No,16
Tennessee,"Davidson County, TN",Most Serious Criminal Conviction,All,16
Tennessee,"Davidson County, TN",Most Serious Criminal Conviction,No Conviction,16
Tennessee,"Davidson County, TN",Seriousness Level of MSCC,All,16
Tennessee,"Davidson County, TN",Seriousness Level of MSCC,No Conviction,16
Tennessee,"Davidson County, TN",Length of Time Since MSCC,All,16
Tennessee,"Davidson County, TN",Length of Time Since MSCC,Not Known,16
Tennessee,"Davidson County, TN",Gender,All,16
Tennessee,"Davidson County, TN",Gender,Male,16
Tennessee,"Davidson County, TN",Citizenship,All,16
Tennessee,"Davidson County, TN",Citizenship,MEXICO,12
Tennessee,"Davidson County, TN",Citizenship,GUATEMALA,3
Tennessee,"Davidson County, TN",Citizenship,HONDURAS,1
Tennessee,"Davidson County, TN",Age Group,All,16
Tennessee,"Davidson County, TN",Age Group,Age information witheld by ICE,16
Tennessee,"Knox County, TN",Facility Type,All,3
Tennessee,"Knox County, TN",Facility Type,County Facility,3
Tennessee,"Knox County, TN",Facility Type (Detailed),All,3
Tennessee,"Knox County, TN",Facility Type (Detailed),Intergovernment agreement with USMS which ICE utilizes,3
Tennessee,"Knox County, TN",Facility Operator,All,3
Tennessee,"Knox County, TN",Facility Operator,Not defined,3
Tennessee,"Knox County, TN",Facility Owner,All,3
Tennessee,"Knox County, TN",Facility Owner,Not defined,3
Tennessee,"Knox County, TN",Entered ICE Custody by Month,All,3
Tennessee,"Knox County, TN",Entered ICE Custody by Month,2018-08,3
Tennessee,"Knox County, TN",Time in U.S.,All,3
Tennessee,"Knox County, TN",Time in U.S.,Not Known,2
Tennessee,"Knox County, TN",Time in U.S.,20 years or more,1
Tennessee,"Knox County, TN",Legal Permanent Resident,All,3
Tennessee,"Knox County, TN",Legal Permanent Resident,No,3
Tennessee,"Knox County, TN",Asylum Seeker/Refugee,All,3
Tennessee,"Knox County, TN",Asylum Seeker/Refugee,No,3
Tennessee,"Knox County, TN",Most Serious Criminal Conviction,All,3
Tennessee,"Knox County, TN",Most Serious Criminal Conviction,No Conviction,3
Tennessee,"Knox County, TN",Seriousness Level of MSCC,All,3
Tennessee,"Knox County, TN",Seriousness Level of MSCC,No Conviction,3
Tennessee,"Knox County, TN",Length of Time Since MSCC,All,3
Tennessee,"Knox County, TN",Length of Time Since MSCC,Not Known,3
Tennessee,"Knox County, TN",Gender,All,3
Tennessee,"Knox County, TN",Gender,Male,3
Tennessee,"Knox County, TN",Citizenship,All,3
Tennessee,"Knox County, TN",Citizenship,MEXICO,2
Tennessee,"Knox County, TN",Citizenship,EL SALVADOR,1
Tennessee,"Knox County, TN",Age Group,All,3
Tennessee,"Knox County, TN",Age Group,Age information witheld by ICE,3
Tennessee,"Tipton County, TN",Facility Type,All,1
Tennessee,"Tipton County, TN",Facility Type,State Facility,1
Tennessee,"Tipton County, TN",Facility Type (Detailed),All,1
Tennessee,"Tipton County, TN",Facility Type (Detailed),Intergovernment agreement with USMS which ICE utilizes,1
Tennessee,"Tipton County, TN",Facility Operator,All,1
Tennessee,"Tipton County, TN",Facility Operator,CORECIVIC,1
Tennessee,"Tipton County, TN",Facility Owner,All,1
Tennessee,"Tipton County, TN",Facility Owner,County,1
Tennessee,"Tipton County, TN",Entered ICE Custody by Month,All,1
Tennessee,"Tipton County, TN",Entered ICE Custody by Month,2018-08,1
Tennessee,"Tipton County, TN",Time in U.S.,All,1
Tennessee,"Tipton County, TN",Time in U.S.,Not Known,1
Tennessee,"Tipton County, TN",Legal Permanent Resident,All,1
Tennessee,"Tipton County, TN",Legal Permanent Resident,No,1
Tennessee,"Tipton County, TN",Asylum Seeker/Refugee,All,1
Tennessee,"Tipton County, TN",Asylum Seeker/Refugee,No,1
Tennessee,"Tipton County, TN",Most Serious Criminal Conviction,All,1
Tennessee,"Tipton County, TN",Most Serious Criminal Conviction,No Conviction,1
Tennessee,"Tipton County, TN",Seriousness Level of MSCC,All,1
Tennessee,"Tipton County, TN",Seriousness Level of MSCC,No Conviction,1
Tennessee,"Tipton County, TN",Length of Time Since MSCC,All,1
Tennessee,"Tipton County, TN",Length of Time Since MSCC,Not Known,1
Tennessee,"Tipton County, TN",Gender,All,1
Tennessee,"Tipton County, TN",Gender,Male,1
Tennessee,"Tipton County, TN",Citizenship,All,1
Tennessee,"Tipton County, TN",Citizenship,GUATEMALA,1
Tennessee,"Tipton County, TN",Age Group,All,1
Tennessee,"Tipton County, TN",Age Group,Age information witheld by ICE,1
North Carolina,"Wake County, NC",Facility Type,All,8
North Carolina,"Wake County, NC",Facility Type,County Facility,8
North Carolina,"Wake County, NC",Facility Type (Detailed),All,8
North Carolina,"Wake County, NC",Facility Type (Detailed),Intergovernmental Service Agreement: a facility operated by state/local govt,8
North Carolina,"Wake County, NC",Facility Operator,All,8
North Carolina,"Wake County, NC",Facility Operator,County Sheriff Department,8
North Carolina,"Wake County, NC",Facility Owner,All,8
North Carolina,"Wake County, NC",Facility Owner,County,8
North Carolina,"Wake County, NC",Entered ICE Custody by Month,All,8
North Carolina,"Wake County, NC",Entered ICE Custody by Month,2018-08,8
North Carolina,"Wake County, NC",Time in U.S.,All,8
North Carolina,"Wake County, NC",Time in U.S.,Not Known,7
North Carolina,"Wake County, NC",Time in U.S.,Between 2 and 3 years,1
North Carolina,"Wake County, NC",Legal Permanent Resident,All,8
North Carolina,"Wake County, NC",Legal Permanent Resident,No,8
North Carolina,"Wake County, NC",Asylum Seeker/Refugee,All,8
North Carolina,"Wake County, NC",Asylum Seeker/Refugee,No,8
North Carolina,"Wake County, NC",Most Serious Criminal Conviction,All,8
North Carolina,"Wake County, NC",Most Serious Criminal Conviction,No Conviction,8
North Carolina,"Wake County, NC",Seriousness Level of MSCC,All,8
North Carolina,"Wake County, NC",Seriousness Level of MSCC,No Conviction,8
North Carolina,"Wake County, NC",Length of Time Since MSCC,All,8
North Carolina,"Wake County, NC",Length of Time Since MSCC,Not Known,8
North Carolina,"Wake County, NC",Gender,All,8
North Carolina,"Wake County, NC",Gender,Male,7
North Carolina,"Wake County, NC",Gender,Female,1
North Carolina,"Wake County, NC",Citizenship,All,8
North Carolina,"Wake County, NC",Citizenship,MEXICO,6
North Carolina,"Wake County, NC",Citizenship,EL SALVADOR,1
North Carolina,"Wake County, NC",Citizenship,HONDURAS,1
North Carolina,"Wake County, NC",Age Group,All,8
North Carolina,"Wake County, NC",Age Group,Age information witheld by ICE,8
North Carolina,"Mecklenburg County, NC",Facility Type,All,5
North Carolina,"Mecklenburg County, NC",Facility Type,County Facility,5
North Carolina,"Mecklenburg County, NC",Facility Type (Detailed),All,5
North Carolina,"Mecklenburg County, NC",Facility Type (Detailed),Intergovernment agreement with USMS which ICE utilizes,5
North Carolina,"Mecklenburg County, NC",Facility Operator,All,5
North Carolina,"Mecklenburg County, NC",Facility Operator,County Sheriff Department,5
North Carolina,"Mecklenburg County, NC",Facility Owner,All,5
North Carolina,"Mecklenburg County, NC",Facility Owner,County,5
North Carolina,"Mecklenburg County, NC",Entered ICE Custody by Month,All,5
North Carolina,"Mecklenburg County, NC",Entered ICE Custody by Month,2018-08,4
North Carolina,"Mecklenburg County, NC",Entered ICE Custody by Month,2018-07,1
North Carolina,"Mecklenburg County, NC",Time in U.S.,All,5
North Carolina,"Mecklenburg County, NC",Time in U.S.,Not Known,5
North Carolina,"Mecklenburg County, NC",Legal Permanent Resident,All,5
North Carolina,"Mecklenburg County, NC",Legal Permanent Resident,No,5
North Carolina,"Mecklenburg County, NC",Asylum Seeker/Refugee,All,5
North Carolina,"Mecklenburg County, NC",Asylum Seeker/Refugee,No,5
North Carolina,"Mecklenburg County, NC",Most Serious Criminal Conviction,All,5
North Carolina,"Mecklenburg County, NC",Most Serious Criminal Conviction,No Conviction,5
North Carolina,"Mecklenburg County, NC",Seriousness Level of MSCC,All,5
North Carolina,"Mecklenburg County, NC",Seriousness Level of MSCC,No Conviction,5
North Carolina,"Mecklenburg County, NC",Length of Time Since MSCC,All,5
North Carolina,"Mecklenburg County, NC",Length of Time Since MSCC,Not Known,5
North Carolina,"Mecklenburg County, NC",Gender,All,5
North Carolina,"Mecklenburg County, NC",Gender,Male,5
North Carolina,"Mecklenburg County, NC",Citizenship,All,5
North Carolina,"Mecklenburg County, NC",Citizenship,MEXICO,4
North Carolina,"Mecklenburg County, NC",Citizenship,CANADA,1
North Carolina,"Mecklenburg County, NC",Age Group,All,5
North Carolina,"Mecklenburg County, NC",Age Group,Age information witheld by ICE,5
Arkansas,"Washington County, AR",Facility Type,All,5
Arkansas,"Washington County, AR",Facility Type,County Facility,5
Arkansas,"Washington County, AR",Facility Type (Detailed),All,5
Arkansas,"Washington County, AR",Facility Type (Detailed),Intergovernment agreement with USMS which ICE utilizes,5
Arkansas,"Washington County, AR",Facility Operator,All,5
Arkansas,"Washington County, AR",Facility Operator,County Sheriff Department,5
Arkansas,"Washington County, AR",Facility Owner,All,5
Arkansas,"Washington County, AR",Facility Owner,County,5
Arkansas,"Washington County, AR",Entered ICE Custody by Month,All,5
Arkansas,"Washington County, AR",Entered ICE Custody by Month,2018-08,5
Arkansas,"Washington County, AR",Time in U.S.,All,5
Arkansas,"Washington County, AR",Time in U.S.,Not Known,3
Arkansas,"Washington County, AR",Time in U.S.,Between 2 and 3 years,1
Arkansas,"Washington County, AR",Time in U.S.,Up to 1 year,1
Arkansas,"Washington County, AR",Legal Permanent Resident,All,5
Arkansas,"Washington County, AR",Legal Permanent Resident,No,5
Arkansas,"Washington County, AR",Asylum Seeker/Refugee,All,5
Arkansas,"Washington County, AR",Asylum Seeker/Refugee,No,5
Arkansas,"Washington County, AR",Most Serious Criminal Conviction,All,5
Arkansas,"Washington County, AR",Most Serious Criminal Conviction,No Conviction,5
Arkansas,"Washington County, AR",Seriousness Level of MSCC,All,5
Arkansas,"Washington County, AR",Seriousness Level of MSCC,No Conviction,5
Arkansas,"Washington County, AR",Length of Time Since MSCC,All,5
Arkansas,"Washington County, AR",Length of Time Since MSCC,Not Known,5
Arkansas,"Washington County, AR",Gender,All,5
Arkansas,"Washington County, AR",Gender,Male,5
Arkansas,"Washington County, AR",Citizenship,All,5
Arkansas,"Washington County, AR",Citizenship,MEXICO,3
Arkansas,"Washington County, AR",Citizenship,HONDURAS,1
Arkansas,"Washington County, AR",Citizenship,GUATEMALA,1
Arkansas,"Washington County, AR",Age Group,All,5
Arkansas,"Washington County, AR",Age Group,Age information witheld by ICE,5
Arkansas,"Lonoke County, AR",Facility Type,All,3
Arkansas,"Lonoke County, AR",Facility Type,Local Facility,3
Arkansas,"Lonoke County, AR",Facility Type (Detailed),All,3
Arkansas,"Lonoke County, AR",Facility Type (Detailed),Intergovernmental Service Agreement: a facility operated by state/local govt,3
Arkansas,"Lonoke County, AR",Facility Operator,All,3
Arkansas,"Lonoke County, AR",Facility Operator,City or Municipality,3
Arkansas,"Lonoke County, AR",Facility Owner,All,3
Arkansas,"Lonoke County, AR",Facility Owner,City or Municipality,3
Arkansas,"Lonoke County, AR",Entered ICE Custody by Month,All,3
Arkansas,"Lonoke County, AR",Entered ICE Custody by Month,2018-08,3
Arkansas,"Lonoke County, AR",Time in U.S.,All,3
Arkansas,"Lonoke County, AR",Time in U.S.,Not Known,3
Arkansas,"Lonoke County, AR",Legal Permanent Resident,All,3
Arkansas,"Lonoke County, AR",Legal Permanent Resident,No,3
Arkansas,"Lonoke County, AR",Asylum Seeker/Refugee,All,3
Arkansas,"Lonoke County, AR",Asylum Seeker/Refugee,No,3
Arkansas,"Lonoke County, AR",Most Serious Criminal Conviction,All,3
Arkansas,"Lonoke County, AR",Most Serious Criminal Conviction,No Conviction,3
Arkansas,"Lonoke County, AR",Seriousness Level of MSCC,All,3
Arkansas,"Lonoke County, AR",Seriousness Level of MSCC,No Conviction,3
Arkansas,"Lonoke County, AR",Length of Time Since MSCC,All,3
Arkansas,"Lonoke County, AR",Length of Time Since MSCC,Not Known,3
Arkansas,"Lonoke County, AR",Gender,All,3
Arkansas,"Lonoke County, AR",Gender,Male,2
Arkansas,"Lonoke County, AR",Gender,Female,1
Arkansas,"Lonoke County, AR",Citizenship,All,3
Arkansas,"Lonoke County, AR",Citizenship,MEXICO,2
Arkansas,"Lonoke County, AR",Citizenship,EL SALVADOR,1
Arkansas,"Lonoke County, AR",Age Group,All,3
Arkansas,"Lonoke County, AR",Age Group,Age information witheld by ICE,3
Arkansas,"Miller County, AR",Facility Type,All,1
Arkansas,"Miller County, AR",Facility Type,County Facility,1
Arkansas,"Miller County, AR",Facility Type (Detailed),All,1
Arkansas,"Miller County, AR",Facility Type (Detailed),Intergovernment agreement with USMS which ICE utilizes,1
Arkansas,"Miller County, AR",Facility Operator,All,1
Arkansas,"Miller County, AR",Facility Operator,County Sheriff Department,1
Arkansas,"Miller County, AR",Facility Owner,All,1
Arkansas,"Miller County, AR",Facility Owner,County,1
Arkansas,"Miller County, AR",Entered ICE Custody by Month,All,1
Arkansas,"Miller County, AR",Entered ICE Custody by Month,2018-08,1
Arkansas,"Miller County, AR",Time in U.S.,All,1
Arkansas,"Miller County, AR",Time in U.S.,Not Known,1
Arkansas,"Miller County, AR",Legal Permanent Resident,All,1
Arkansas,"Miller County, AR",Legal Permanent Resident,No,1
Arkansas,"Miller County, AR",Asylum Seeker/Refugee,All,1
Arkansas,"Miller County, AR",Asylum Seeker/Refugee,No,1
Arkansas,"Miller County, AR",Most Serious Criminal Conviction,All,1
Arkansas,"Miller County, AR",Most Serious Criminal Conviction,No Conviction,1
Arkansas,"Miller County, AR",Seriousness Level of MSCC,All,1
Arkansas,"Miller County, AR",Seriousness Level of MSCC,No Conviction,1
Arkansas,"Miller County, AR",Length of Time Since MSCC,All,1
Arkansas,"Miller County, AR",Length of Time Since MSCC,Not Known,1
Arkansas,"Miller County, AR",Gender,All,1
Arkansas,"Miller County, AR",Gender,Male,1
Arkansas,"Miller County, AR",Citizenship,All,1
Arkansas,"Miller County, AR",Citizenship,MEXICO,1
Arkansas,"Miller County, AR",Age Group,All,1
Arkansas,"Miller County, AR",Age Group,Age information witheld by ICE,1
West Virginia,"Kanawha County, WV",Facility Type,All,8
West Virginia,"Kanawha County, WV",Facility Type,State Facility,8
West Virginia,"Kanawha County, WV",Facility Type (Detailed),All,8
West Virginia,"Kanawha County, WV",Facility Type (Detailed),Intergovernment agreement with USMS which ICE utilizes,8
West Virginia,"Kanawha County, WV",Facility Operator,All,8
West Virginia,"Kanawha County, WV",Facility Operator,County Corrections Office,8
West Virginia,"Kanawha County, WV",Facility Owner,All,8
West Virginia,"Kanawha County, WV",Facility Owner,State,8
West Virginia,"Kanawha County, WV",Entered ICE Custody by Month,All,8
West Virginia,"Kanawha County, WV",Entered ICE Custody by Month,2018-07,5
West Virginia,"Kanawha County, WV",Entered ICE Custody by Month,2018-08,3
West Virginia,"Kanawha County, WV",Time in U.S.,All,8
West Virginia,"Kanawha County, WV",Time in U.S.,Not Known,4
West Virginia,"Kanawha County, WV",Time in U.S.,Between 2 and 3 years,1
West Virginia,"Kanawha County, WV",Time in U.S.,Between 1 and 2 years,1
West Virginia,"Kanawha County, WV",Time in U.S.,Between 3 and 4 years,1
West Virginia,"Kanawha County, WV",Time in U.S.,Between 6 and 7 years,1
West Virginia,"Kanawha County, WV",Legal Permanent Resident,All,8
West Virginia,"Kanawha County, WV",Legal Permanent Resident,No,8
West Virginia,"Kanawha County, WV",Asylum Seeker/Refugee,All,8
West Virginia,"Kanawha County, WV",Asylum Seeker/Refugee,No,8
West Virginia,"Kanawha County, WV",Most Serious Criminal Conviction,All,8
West Virginia,"Kanawha County, WV",Most Serious Criminal Conviction,No Conviction,8
West Virginia,"Kanawha County, WV",Seriousness Level of MSCC,All,8
West Virginia,"Kanawha County, WV",Seriousness Level of MSCC,No Conviction,8
West Virginia,"Kanawha County, WV",Length of Time Since MSCC,All,8
West Virginia,"Kanawha County, WV",Length of Time Since MSCC,Not Known,8
West Virginia,"Kanawha County, WV",Gender,All,8
West Virginia,"Kanawha County, WV",Gender,Male,8
West Virginia,"Kanawha County, WV",Citizenship,All,8
West Virginia,"Kanawha County, WV",Citizenship,MEXICO,7
West Virginia,"Kanawha County, WV",Citizenship,GUATEMALA,1
West Virginia,"Kanawha County, WV",Age Group,All,8
West Virginia,"Kanawha County, WV",Age Group,Age information witheld by ICE,8
Guam,"Guam, GU",Facility Type,All,8
Guam,"Guam, GU",Facility Type,State Facility,8
Guam,"Guam, GU",Facility Type (Detailed),All,8
Guam,"Guam, GU",Facility Type (Detailed),Intergovernment agreement with USMS which ICE utilizes,8
Guam,"Guam, GU",Facility Operator,All,8
Guam,"Guam, GU",Facility Operator,Federal,8
Guam,"Guam, GU",Facility Owner,All,8
Guam,"Guam, GU",Facility Owner,Not defined,8
Guam,"Guam, GU",Entered ICE Custody by Month,All,8
Guam,"Guam, GU",Entered ICE Custody by Month,2018-07,4
Guam,"Guam, GU",Entered ICE Custody by Month,2018-06,2
Guam,"Guam, GU",Entered ICE Custody by Month,2018-03,1
Guam,"Guam, GU",Entered ICE Custody by Month,2018-08,1
Guam,"Guam, GU",Time in U.S.,All,8
Guam,"Guam, GU",Time in U.S.,Up to 1 year,3
Guam,"Guam, GU",Time in U.S.,Between 10 and 15 years,2
Guam,"Guam, GU",Time in U.S.,Between 4 and 5 years,1
Guam,"Guam, GU",Time in U.S.,Between 6 and 7 years,1
Guam,"Guam, GU",Time in U.S.,Between 9 and 10 years,1
Guam,"Guam, GU",Legal Permanent Resident,All,8
Guam,"Guam, GU",Legal Permanent Resident,No,8
Guam,"Guam, GU",Asylum Seeker/Refugee,All,8
Guam,"Guam, GU",Asylum Seeker/Refugee,No,8
Guam,"Guam, GU",Most Serious Criminal Conviction,All,8
Guam,"Guam, GU",Most Serious Criminal Conviction,No Conviction,8
Guam,"Guam, GU",Seriousness Level of MSCC,All,8
Guam,"Guam, GU",Seriousness Level of MSCC,No Conviction,8
Guam,"Guam, GU",Length of Time Since MSCC,All,8
Guam,"Guam, GU",Length of Time Since MSCC,Not Known,8
Guam,"Guam, GU",Gender,All,8
Guam,"Guam, GU",Gender,Male,8
Guam,"Guam, GU",Citizenship,All,8
Guam,"Guam, GU",Citizenship,"MICRONESIA, FEDERATED STATES OF",3
Guam,"Guam, GU",Citizenship,PHILIPPINES,1
Guam,"Guam, GU",Citizenship,"CHINA, PEOPLES REPUBLIC OF",1
Guam,"Guam, GU",Citizenship,RUSSIA,1
Guam,"Guam, GU",Citizenship,PALAU,1
Guam,"Guam, GU",Citizenship,NEW ZEALAND,1
Guam,"Guam, GU",Age Group,All,8
Guam,"Guam, GU",Age Group,Age information witheld by ICE,8
North Dakota,"Grand Forks County, ND",Facility Type,All,5
North Dakota,"Grand Forks County, ND",Facility Type,County Facility,5
North Dakota,"Grand Forks County, ND",Facility Type (Detailed),All,5
North Dakota,"Grand Forks County, ND",Facility Type (Detailed),Intergovernmental Service Agreement: a facility operated by state/local govt,5
North Dakota,"Grand Forks County, ND",Facility Operator,All,5
North Dakota,"Grand Forks County, ND",Facility Operator,County Sheriff Department,5
North Dakota,"Grand Forks County, ND",Facility Owner,All,5
North Dakota,"Grand Forks County, ND",Facility Owner,County,5
North Dakota,"Grand Forks County, ND",Entered ICE Custody by Month,All,5
North Dakota,"Grand Forks County, ND",Entered ICE Custody by Month,2018-08,5
North Dakota,"Grand Forks County, ND",Time in U.S.,All,5
North Dakota,"Grand Forks County, ND",Time in U.S.,Not Known,5
North Dakota,"Grand Forks County, ND",Legal Permanent Resident,All,5
North Dakota,"Grand Forks County, ND",Legal Permanent Resident,No,5
North Dakota,"Grand Forks County, ND",Asylum Seeker/Refugee,All,5
North Dakota,"Grand Forks County, ND",Asylum Seeker/Refugee,No,5
North Dakota,"Grand Forks County, ND",Most Serious Criminal Conviction,All,5
North Dakota,"Grand Forks County, ND",Most Serious Criminal Conviction,No Conviction,5
North Dakota,"Grand Forks County, ND",Seriousness Level of MSCC,All,5
North Dakota,"Grand Forks County, ND",Seriousness Level of MSCC,No Conviction,5
North Dakota,"Grand Forks County, ND",Length of Time Since MSCC,All,5
North Dakota,"Grand Forks County, ND",Length of Time Since MSCC,Not Known,5
North Dakota,"Grand Forks County, ND",Gender,All,5
North Dakota,"Grand Forks County, ND",Gender,Male,4
North Dakota,"Grand Forks County, ND",Gender,Female,1
North Dakota,"Grand Forks County, ND",Citizenship,All,5
North Dakota,"Grand Forks County, ND",Citizenship,EL SALVADOR,2
North Dakota,"Grand Forks County, ND",Citizenship,HONDURAS,2
North Dakota,"Grand Forks County, ND",Citizenship,MEXICO,1
North Dakota,"Grand Forks County, ND",Age Group,All,5
North Dakota,"Grand Forks County, ND",Age Group,Age information witheld by ICE,5
Montana,"Cascade County, MT",Facility Type,All,4
Montana,"Cascade County, MT",Facility Type,County Facility,4
Montana,"Cascade County, MT",Facility Type (Detailed),All,4
Montana,"Cascade County, MT",Facility Type (Detailed),Intergovernment agreement with USMS which ICE utilizes,4
Montana,"Cascade County, MT",Facility Operator,All,4
Montana,"Cascade County, MT",Facility Operator,County Sheriff Department,4
Montana,"Cascade County, MT",Facility Owner,All,4
Montana,"Cascade County, MT",Facility Owner,County,4
Montana,"Cascade County, MT",Entered ICE Custody by Month,All,4
Montana,"Cascade County, MT",Entered ICE Custody by Month,2018-08,4
Montana,"Cascade County, MT",Time in U.S.,All,4
Montana,"Cascade County, MT",Time in U.S.,Not Known,4
Montana,"Cascade County, MT",Legal Permanent Resident,All,4
Montana,"Cascade County, MT",Legal Permanent Resident,No,4
Montana,"Cascade County, MT",Asylum Seeker/Refugee,All,4
Montana,"Cascade County, MT",Asylum Seeker/Refugee,No,4
Montana,"Cascade County, MT",Most Serious Criminal Conviction,All,4
Montana,"Cascade County, MT",Most Serious Criminal Conviction,No Conviction,4
Montana,"Cascade County, MT",Seriousness Level of MSCC,All,4
Montana,"Cascade County, MT",Seriousness Level of MSCC,No Conviction,4
Montana,"Cascade County, MT",Length of Time Since MSCC,All,4
Montana,"Cascade County, MT",Length of Time Since MSCC,Not Known,4
Montana,"Cascade County, MT",Gender,All,4
Montana,"Cascade County, MT",Gender,Male,4
Montana,"Cascade County, MT",Citizenship,All,4
Montana,"Cascade County, MT",Citizenship,MEXICO,3
Montana,"Cascade County, MT",Citizenship,GUATEMALA,1
Montana,"Cascade County, MT",Age Group,All,4
Montana,"Cascade County, MT",Age Group,Age information witheld by ICE,4
NA,Unknown,Facility Type,All,2
NA,Unknown,Facility Type,Other Facility Type,2
NA,Unknown,Facility Type (Detailed),All,2
NA,Unknown,Facility Type (Detailed),Not defined,2
NA,Unknown,Facility Operator,All,2
NA,Unknown,Facility Operator,Not defined,2
NA,Unknown,Facility Owner,All,2
NA,Unknown,Facility Owner,Not defined,2
NA,Unknown,Entered ICE Custody by Month,All,2
NA,Unknown,Entered ICE Custody by Month,2018-01,1
NA,Unknown,Entered ICE Custody by Month,2018-06,1
NA,Unknown,Time in U.S.,All,2
NA,Unknown,Time in U.S.,Not Known,1
NA,Unknown,Time in U.S.,Up to 1 year,1
NA,Unknown,Legal Permanent Resident,All,2
NA,Unknown,Legal Permanent Resident,No,2
NA,Unknown,Asylum Seeker/Refugee,All,2
NA,Unknown,Asylum Seeker/Refugee,No,2
NA,Unknown,Most Serious Criminal Conviction,All,2
NA,Unknown,Most Serious Criminal Conviction,No Conviction,2
NA,Unknown,Seriousness Level of MSCC,All,2
NA,Unknown,Seriousness Level of MSCC,No Conviction,2
NA,Unknown,Length of Time Since MSCC,All,2
NA,Unknown,Length of Time Since MSCC,Not Known,2
NA,Unknown,Gender,All,2
NA,Unknown,Gender,Male,2
NA,Unknown,Citizenship,All,2
NA,Unknown,Citizenship,MEXICO,1
NA,Unknown,Citizenship,HONDURAS,1
NA,Unknown,Age Group,All,2
NA,Unknown,Age Group,Age information witheld by ICE,2
Wyoming,"Platte County, WY",Facility Type,All,2
Wyoming,"Platte County, WY",Facility Type,County Facility,2
Wyoming,"Platte County, WY",Facility Type (Detailed),All,2
Wyoming,"Platte County, WY",Facility Type (Detailed),Intergovernment agreement with USMS which ICE utilizes,2
Wyoming,"Platte County, WY",Facility Operator,All,2
Wyoming,"Platte County, WY",Facility Operator,County Sheriff Department,2
Wyoming,"Platte County, WY",Facility Owner,All,2
Wyoming,"Platte County, WY",Facility Owner,County,2
Wyoming,"Platte County, WY",Entered ICE Custody by Month,All,2
Wyoming,"Platte County, WY",Entered ICE Custody by Month,2018-08,2
Wyoming,"Platte County, WY",Time in U.S.,All,2
Wyoming,"Platte County, WY",Time in U.S.,Not Known,1
Wyoming,"Platte County, WY",Time in U.S.,Between 4 and 5 years,1
Wyoming,"Platte County, WY",Legal Permanent Resident,All,2
Wyoming,"Platte County, WY",Legal Permanent Resident,No,2
Wyoming,"Platte County, WY",Asylum Seeker/Refugee,All,2
Wyoming,"Platte County, WY",Asylum Seeker/Refugee,No,2
Wyoming,"Platte County, WY",Most Serious Criminal Conviction,All,2
Wyoming,"Platte County, WY",Most Serious Criminal Conviction,No Conviction,2
Wyoming,"Platte County, WY",Seriousness Level of MSCC,All,2
Wyoming,"Platte County, WY",Seriousness Level of MSCC,No Conviction,2
Wyoming,"Platte County, WY",Length of Time Since MSCC,All,2
Wyoming,"Platte County, WY",Length of Time Since MSCC,Not Known,2
Wyoming,"Platte County, WY",Gender,All,2
Wyoming,"Platte County, WY",Gender,Male,2
Wyoming,"Platte County, WY",Citizenship,All,2
Wyoming,"Platte County, WY",Citizenship,MEXICO,1
Wyoming,"Platte County, WY",Citizenship,HONDURAS,1
Wyoming,"Platte County, WY",Age Group,All,2
Wyoming,"Platte County, WY",Age Group,Age information witheld by ICE,2
Puerto Rico,"San Juan County, PR",Facility Type,All,1
Puerto Rico,"San Juan County, PR",Facility Type,Federal Facility,1
Puerto Rico,"San Juan County, PR",Facility Type (Detailed),All,1
Puerto Rico,"San Juan County, PR",Facility Type (Detailed),Bureau of Prisons: a facility operated by/under the management of the BOP,1
Puerto Rico,"San Juan County, PR",Facility Operator,All,1
Puerto Rico,"San Juan County, PR",Facility Operator,Bureau of Prisons,1
Puerto Rico,"San Juan County, PR",Facility Owner,All,1
Puerto Rico,"San Juan County, PR",Facility Owner,Not defined,1
Puerto Rico,"San Juan County, PR",Entered ICE Custody by Month,All,1
Puerto Rico,"San Juan County, PR",Entered ICE Custody by Month,2018-08,1
Puerto Rico,"San Juan County, PR",Time in U.S.,All,1
Puerto Rico,"San Juan County, PR",Time in U.S.,Not Known,1
Puerto Rico,"San Juan County, PR",Legal Permanent Resident,All,1
Puerto Rico,"San Juan County, PR",Legal Permanent Resident,No,1
Puerto Rico,"San Juan County, PR",Asylum Seeker/Refugee,All,1
Puerto Rico,"San Juan County, PR",Asylum Seeker/Refugee,No,1
Puerto Rico,"San Juan County, PR",Most Serious Criminal Conviction,All,1
Puerto Rico,"San Juan County, PR",Most Serious Criminal Conviction,No Conviction,1
Puerto Rico,"San Juan County, PR",Seriousness Level of MSCC,All,1
Puerto Rico,"San Juan County, PR",Seriousness Level of MSCC,No Conviction,1
Puerto Rico,"San Juan County, PR",Length of Time Since MSCC,All,1
Puerto Rico,"San Juan County, PR",Length of Time Since MSCC,Not Known,1
Puerto Rico,"San Juan County, PR",Gender,All,1
Puerto Rico,"San Juan County, PR",Gender,Male,1
Puerto Rico,"San Juan County, PR",Citizenship,All,1
Puerto Rico,"San Juan County, PR",Citizenship,DOMINICAN REPUBLIC,1
Puerto Rico,"San Juan County, PR",Age Group,All,1
Puerto Rico,"San Juan County, PR",Age Group,Age information witheld by ICE,1
